submarine,country,type,class,platform_tier,branch,family,family_label,variant,variant_anchor,system,compatibility,status,source,asset_id,socket,tier_min,note_zh
US_SSN_Skipjack,USA,SSN,Skipjack,2,ESM,ESM-BASIC-DETECTION,Basic Signal Detection,ESM-BASIC-DETECTION-US,,Basic Signal Detection,GAMEPLAY,GAMEPLAY,GAMEPLAY_POLICY,US_EW_ESM_GENERIC,SOCKET_EW_MAST,1,
US_SSN_Skipjack,USA,SSN,Skipjack,2,ESM,ESM-IMPROVED-DETECTION,Improved Detection,ESM-IMPROVED-DETECTION-US,,Improved Detection,GAMEPLAY,GAMEPLAY,GAMEPLAY_POLICY,US_EW_ESM_GENERIC,SOCKET_EW_MAST,2,
US_SSN_Skipjack,USA,SSN,Skipjack,2,ESM,ESM-CLASSIFICATION,Signal Classification,ESM-CLASSIFICATION-US,,Signal Classification,GAMEPLAY,GAMEPLAY,GAMEPLAY_POLICY,US_EW_ESM_GENERIC,SOCKET_EW_MAST,3,
US_SSN_Skipjack,USA,SSN,Skipjack,2,ESM,ESM-DIGITAL,Digital ESM,ESM-DIGITAL-US,AN/BLQ-10,Digital ESM,UNKNOWN,UNKNOWN,UNKNOWN_INSUFFICIENT_PUBLIC_DATA,US_EW_BLQ10,SOCKET_EW_MAST,4,
US_SSN_Skipjack,USA,SSN,Skipjack,2,ESM,ESM-MULTIBAND,Multi-Band ESM,ESM-MULTIBAND-US,,Multi-Band ESM,UNKNOWN,UNKNOWN,UNKNOWN_INSUFFICIENT_PUBLIC_DATA,GEN_EW_ANTENNA_ARRAY,SOCKET_EW_MAST,5,
US_SSN_Skipjack,USA,SSN,Skipjack,2,ESM,ESM-INTEGRATED,Integrated ESM,ESM-INTEGRATED-US,,Integrated ESM,INCOMPATIBLE,INCOMPATIBLE,ERA_WINDOW_POLICY,US_EW_ESM_GENERIC,SOCKET_EW_MAST,6,
US_SSN_Skipjack,USA,SSN,Skipjack,2,ESM,ESM-ADVANCED-THREAT-WARNING,Advanced Threat Warning,ESM-ADVANCED-THREAT-WARNING-US,,Advanced Threat Warning,INCOMPATIBLE,INCOMPATIBLE,ERA_WINDOW_POLICY,US_EW_ESM_GENERIC,SOCKET_EW_MAST,7,
US_SSN_Skipjack,USA,SSN,Skipjack,2,ESM,ESM-MULTISENSOR-FUSION,Multi-Sensor Fusion,ESM-MULTISENSOR-FUSION-US,,Multi-Sensor Fusion,INCOMPATIBLE,INCOMPATIBLE,ERA_WINDOW_POLICY,US_EW_ESM_GENERIC,SOCKET_EW_MAST,8,
US_SSN_Skipjack,USA,SSN,Skipjack,2,ESM,ESM-ADVANCED-EW,Advanced Integrated EW,ESM-ADVANCED-EW-US,,Advanced Integrated EW,INCOMPATIBLE,INCOMPATIBLE,ERA_WINDOW_POLICY,US_EW_ESM_GENERIC,SOCKET_EW_MAST,9,
US_SSN_Skipjack,USA,SSN,Skipjack,2,ESM,ESM-NEXTGEN,Next Generation Defensive Electronic System,ESM-NEXTGEN-US,,Next Generation Defensive Electronic System,INCOMPATIBLE,INCOMPATIBLE,ERA_WINDOW_POLICY,US_EW_ESM_GENERIC,SOCKET_EW_MAST,10,
US_SSN_Skipjack,USA,SSN,Skipjack,2,THREAT_WARNING,TW-RADAR-WARNING,Radar Warning,TW-RADAR-WARNING-US,,Radar Warning,GAMEPLAY,GAMEPLAY,GAMEPLAY_POLICY,,SOCKET_EW_ANTENNA,1,
US_SSN_Skipjack,USA,SSN,Skipjack,2,THREAT_WARNING,TW-ELECTRONIC-WARNING,Electronic Threat Warning,TW-ELECTRONIC-WARNING-US,,Electronic Threat Warning,GAMEPLAY,GAMEPLAY,GAMEPLAY_POLICY,,SOCKET_EW_ANTENNA,3,
US_SSN_Skipjack,USA,SSN,Skipjack,2,THREAT_WARNING,TW-ACTIVE-SONAR-WARNING,Active Sonar Warning,TW-ACTIVE-SONAR-WARNING-US,AN/WLR-9,Active Sonar Warning,UNKNOWN,UNKNOWN,UNKNOWN_INSUFFICIENT_PUBLIC_DATA,,SOCKET_EW_ANTENNA,4,
US_SSN_Skipjack,USA,SSN,Skipjack,2,THREAT_WARNING,TW-TORPEDO-WARNING,Torpedo Warning,TW-TORPEDO-WARNING-US,,Torpedo Warning,UNKNOWN,UNKNOWN,UNKNOWN_INSUFFICIENT_PUBLIC_DATA,GEN_TW_TORPEDO_WARNING_SENSOR,SOCKET_EW_ANTENNA,5,
US_SSN_Skipjack,USA,SSN,Skipjack,2,THREAT_WARNING,TW-ACOUSTIC-CLASSIFICATION,Acoustic Threat Classification,TW-ACOUSTIC-CLASSIFICATION-US,AN/WLR-9 series (acoustic intercept receivers),Acoustic Threat Classification,INCOMPATIBLE,INCOMPATIBLE,ERA_WINDOW_POLICY,,SOCKET_EW_ANTENNA,6,
US_SSN_Skipjack,USA,SSN,Skipjack,2,ACOUSTIC_COUNTERMEASURE,ACM-NOISE-MAKER,Noise Maker,ACM-NOISE-MAKER-US,,Noise Maker,GAMEPLAY,GAMEPLAY,GAMEPLAY_POLICY,GEN_ACM_NOISE_MAKER,SOCKET_COUNTERMEASURE_01,1,
US_SSN_Skipjack,USA,SSN,Skipjack,2,ACOUSTIC_COUNTERMEASURE,ACM-ACOUSTIC-DECOY,Acoustic Decoy,ACM-ACOUSTIC-DECOY-US,ADC Mk 2 (Acoustic Device Countermeasure),Acoustic Decoy,GAMEPLAY,GAMEPLAY,GAMEPLAY_POLICY,US_ACM_TORPEDO_DECOY,SOCKET_COUNTERMEASURE_01,2,
US_SSN_Skipjack,USA,SSN,Skipjack,2,ACOUSTIC_COUNTERMEASURE,ACM-TORPEDO-DECOY,Torpedo Decoy,ACM-TORPEDO-DECOY-US,ADC Mk 2,Torpedo Decoy,UNKNOWN,UNKNOWN,UNKNOWN_INSUFFICIENT_PUBLIC_DATA,US_ACM_TORPEDO_DECOY,SOCKET_COUNTERMEASURE_01,4,
US_SSN_Skipjack,USA,SSN,Skipjack,2,ACOUSTIC_COUNTERMEASURE,ACM-MOBILE-DECOY,Mobile Acoustic Decoy,ACM-MOBILE-DECOY-US,,Mobile Acoustic Decoy,UNKNOWN,UNKNOWN,UNKNOWN_INSUFFICIENT_PUBLIC_DATA,US_ACM_MOBILE_DECOY,SOCKET_COUNTERMEASURE_01,5,
US_SSN_Skipjack,USA,SSN,Skipjack,2,ACOUSTIC_COUNTERMEASURE,ACM-ADVANCED,Advanced Acoustic Countermeasure,ACM-ADVANCED-US,,Advanced Acoustic Countermeasure,INCOMPATIBLE,INCOMPATIBLE,ERA_WINDOW_POLICY,US_ACM_MOBILE_DECOY,SOCKET_COUNTERMEASURE_01,7,
US_SSN_Skipjack,USA,SSN,Skipjack,2,ACOUSTIC_COUNTERMEASURE,ACM-INTEGRATED,Integrated Acoustic Defense,ACM-INTEGRATED-US,,Integrated Acoustic Defense,INCOMPATIBLE,INCOMPATIBLE,ERA_WINDOW_POLICY,US_ACM_MOBILE_DECOY,SOCKET_COUNTERMEASURE_01,8,
US_SSN_Skipjack,USA,SSN,Skipjack,2,DECOY,DEC-PASSIVE,Passive Decoy,DEC-PASSIVE-US,,Passive Decoy,GAMEPLAY,GAMEPLAY,GAMEPLAY_POLICY,,SOCKET_COUNTERMEASURE_02,1,
US_SSN_Skipjack,USA,SSN,Skipjack,2,DECOY,DEC-ACTIVE,Active Decoy,DEC-ACTIVE-US,,Active Decoy,GAMEPLAY,GAMEPLAY,GAMEPLAY_POLICY,US_ACM_TORPEDO_DECOY,SOCKET_COUNTERMEASURE_02,3,
US_SSN_Skipjack,USA,SSN,Skipjack,2,DECOY,DEC-ACOUSTIC,Acoustic Decoy,DEC-ACOUSTIC-US,,Acoustic Decoy,GAMEPLAY,GAMEPLAY,GAMEPLAY_POLICY,US_ACM_TORPEDO_DECOY,SOCKET_COUNTERMEASURE_02,2,
US_SSN_Skipjack,USA,SSN,Skipjack,2,DECOY,DEC-TORPEDO,Torpedo Decoy,DEC-TORPEDO-US,,Torpedo Decoy,UNKNOWN,UNKNOWN,UNKNOWN_INSUFFICIENT_PUBLIC_DATA,US_ACM_TORPEDO_DECOY,SOCKET_COUNTERMEASURE_02,4,
US_SSN_Skipjack,USA,SSN,Skipjack,2,DECOY,DEC-MOBILE,Mobile Decoy,DEC-MOBILE-US,,Mobile Decoy,UNKNOWN,UNKNOWN,UNKNOWN_INSUFFICIENT_PUBLIC_DATA,US_ACM_MOBILE_DECOY,SOCKET_COUNTERMEASURE_02,5,
US_SSN_Skipjack,USA,SSN,Skipjack,2,DECOY,DEC-ADVANCED,Advanced Decoy,DEC-ADVANCED-US,,Advanced Decoy,INCOMPATIBLE,INCOMPATIBLE,ERA_WINDOW_POLICY,US_ACM_MOBILE_DECOY,SOCKET_COUNTERMEASURE_02,7,
US_SSN_Skipjack,USA,SSN,Skipjack,2,NOISE_MAKER,NM-EARLY,Early Noise Maker,NM-EARLY-US,,Early Noise Maker,GAMEPLAY,GAMEPLAY,GAMEPLAY_POLICY,GEN_ACM_NOISE_MAKER,SOCKET_COUNTERMEASURE_02,1,
US_SSN_Skipjack,USA,SSN,Skipjack,2,NOISE_MAKER,NM-IMPROVED,Improved Noise Maker,NM-IMPROVED-US,,Improved Noise Maker,GAMEPLAY,GAMEPLAY,GAMEPLAY_POLICY,GEN_ACM_NOISE_MAKER,SOCKET_COUNTERMEASURE_02,3,
US_SSN_Skipjack,USA,SSN,Skipjack,2,NOISE_MAKER,NM-MODERN,Modern Noise Maker,NM-MODERN-US,,Modern Noise Maker,INCOMPATIBLE,INCOMPATIBLE,ERA_WINDOW_POLICY,GEN_ACM_NOISE_MAKER,SOCKET_COUNTERMEASURE_02,6,
US_SSN_Skipjack,USA,SSN,Skipjack,2,NOISE_MAKER,NM-ADVANCED,Advanced Acoustic Countermeasure,NM-ADVANCED-US,,Advanced Acoustic Countermeasure,INCOMPATIBLE,INCOMPATIBLE,ERA_WINDOW_POLICY,GEN_ACM_NOISE_MAKER,SOCKET_COUNTERMEASURE_02,8,
US_SSN_Skipjack,USA,SSN,Skipjack,2,TORPEDO_DEFENSE,TD-WARNING,Torpedo Warning,TD-WARNING-US,,Torpedo Warning,UNKNOWN,UNKNOWN,UNKNOWN_INSUFFICIENT_PUBLIC_DATA,GEN_TW_TORPEDO_WARNING_SENSOR,SOCKET_DECOY_LAUNCHER_02,4,
US_SSN_Skipjack,USA,SSN,Skipjack,2,TORPEDO_DEFENSE,TD-COUNTERMEASURE,Countermeasure,TD-COUNTERMEASURE-US,ADC Mk 2,Countermeasure,UNKNOWN,UNKNOWN,UNKNOWN_INSUFFICIENT_PUBLIC_DATA,US_ACM_TORPEDO_DECOY,SOCKET_DECOY_LAUNCHER_02,5,
US_SSN_Skipjack,USA,SSN,Skipjack,2,TORPEDO_DEFENSE,TD-ADVANCED,Advanced Countermeasure,TD-ADVANCED-US,,Advanced Countermeasure,INCOMPATIBLE,INCOMPATIBLE,ERA_WINDOW_POLICY,US_ACM_MOBILE_DECOY,SOCKET_DECOY_LAUNCHER_02,7,
US_SSN_Skipjack,USA,SSN,Skipjack,2,TORPEDO_DEFENSE,TD-INTEGRATED,Integrated Torpedo Defense,TD-INTEGRATED-US,,Integrated Torpedo Defense,INCOMPATIBLE,INCOMPATIBLE,ERA_WINDOW_POLICY,US_ACM_MOBILE_DECOY,SOCKET_DECOY_LAUNCHER_02,9,
US_SSN_Skipjack,USA,SSN,Skipjack,2,LAUNCHER,CML-EXTERNAL,External Launcher,CML-EXTERNAL-US,,External Launcher,GAMEPLAY,GAMEPLAY,GAMEPLAY_POLICY,US_CML_DECOY_LAUNCHER,SOCKET_DECOY_LAUNCHER_01,2,
US_SSN_Skipjack,USA,SSN,Skipjack,2,LAUNCHER,CML-TUBE,Countermeasure Tube,CML-TUBE-US,,Countermeasure Tube,GAMEPLAY,GAMEPLAY,GAMEPLAY_POLICY,GEN_CML_TUBE,SOCKET_DECOY_LAUNCHER_01,3,
US_SSN_Skipjack,USA,SSN,Skipjack,2,LAUNCHER,CML-ACOUSTIC-DEVICE,Acoustic Device Launcher,CML-ACOUSTIC-DEVICE-US,Internal Countermeasure Launcher (ICL),Acoustic Device Launcher,UNKNOWN,UNKNOWN,UNKNOWN_INSUFFICIENT_PUBLIC_DATA,US_CML_DECOY_LAUNCHER,SOCKET_DECOY_LAUNCHER_01,4,
US_SSN_Skipjack,USA,SSN,Skipjack,2,LAUNCHER,CML-ADVANCED,Advanced Launcher,CML-ADVANCED-US,,Advanced Launcher,INCOMPATIBLE,INCOMPATIBLE,ERA_WINDOW_POLICY,US_CML_DECOY_LAUNCHER,SOCKET_DECOY_LAUNCHER_01,7,
US_SSN_Skipjack,USA,SSN,Skipjack,2,LAUNCHER,CML-INTEGRATED,Integrated Launcher,CML-INTEGRATED-US,,Integrated Launcher,INCOMPATIBLE,INCOMPATIBLE,ERA_WINDOW_POLICY,US_CML_DECOY_LAUNCHER,SOCKET_DECOY_LAUNCHER_01,8,
US_SSN_Skipjack,USA,SSN,Skipjack,2,DEFENSIVE_CONTROL,DC-CONSOLE,Defensive Control Console,DC-CONSOLE-US,,Defensive Control Console,GAMEPLAY,GAMEPLAY,GAMEPLAY_POLICY,US_DCM_CONSOLE,,2,
US_SSN_Skipjack,USA,SSN,Skipjack,2,DEFENSIVE_CONTROL,DC-INTEGRATED-CONTROL,Integrated Defensive Control,DC-INTEGRATED-CONTROL-US,,Integrated Defensive Control,INCOMPATIBLE,INCOMPATIBLE,ERA_WINDOW_POLICY,US_DCM_CONSOLE,,6,
US_SSN_Skipjack,USA,SSN,Skipjack,2,DEFENSIVE_CONTROL,DC-AUTOMATED,Automated Defensive Control,DC-AUTOMATED-US,,Automated Defensive Control,INCOMPATIBLE,INCOMPATIBLE,ERA_WINDOW_POLICY,US_DCM_CONSOLE,,8,
US_SSN_Skipjack,USA,SSN,Skipjack,2,INTEGRATED_DEFENSE,IDS-CORE,Integrated Defensive System,IDS-CORE-US,,Integrated Defensive System,INCOMPATIBLE,INCOMPATIBLE,ERA_WINDOW_POLICY,US_DCM_CONSOLE,,6,
US_SSN_Skipjack,USA,SSN,Skipjack,2,INTEGRATED_DEFENSE,IDS-ADVANCED,Next Generation Defensive System,IDS-ADVANCED-US,,Next Generation Defensive System,INCOMPATIBLE,INCOMPATIBLE,ERA_WINDOW_POLICY,US_DCM_CONSOLE,,9,
US_SSN_Sturgeon,USA,SSN,Sturgeon,4,ESM,ESM-BASIC-DETECTION,Basic Signal Detection,ESM-BASIC-DETECTION-US,,Basic Signal Detection,GAMEPLAY,GAMEPLAY,GAMEPLAY_POLICY,US_EW_ESM_GENERIC,SOCKET_EW_MAST,1,
US_SSN_Sturgeon,USA,SSN,Sturgeon,4,ESM,ESM-IMPROVED-DETECTION,Improved Detection,ESM-IMPROVED-DETECTION-US,,Improved Detection,GAMEPLAY,GAMEPLAY,GAMEPLAY_POLICY,US_EW_ESM_GENERIC,SOCKET_EW_MAST,2,
US_SSN_Sturgeon,USA,SSN,Sturgeon,4,ESM,ESM-CLASSIFICATION,Signal Classification,ESM-CLASSIFICATION-US,,Signal Classification,GAMEPLAY,GAMEPLAY,GAMEPLAY_POLICY,US_EW_ESM_GENERIC,SOCKET_EW_MAST,3,
US_SSN_Sturgeon,USA,SSN,Sturgeon,4,ESM,ESM-DIGITAL,Digital ESM,ESM-DIGITAL-US,AN/BLQ-10,Digital ESM,GAMEPLAY,GAMEPLAY,GAMEPLAY_POLICY,US_EW_BLQ10,SOCKET_EW_MAST,4,
US_SSN_Sturgeon,USA,SSN,Sturgeon,4,ESM,ESM-MULTIBAND,Multi-Band ESM,ESM-MULTIBAND-US,,Multi-Band ESM,GAMEPLAY,GAMEPLAY,GAMEPLAY_POLICY,GEN_EW_ANTENNA_ARRAY,SOCKET_EW_MAST,5,
US_SSN_Sturgeon,USA,SSN,Sturgeon,4,ESM,ESM-INTEGRATED,Integrated ESM,ESM-INTEGRATED-US,,Integrated ESM,UNKNOWN,UNKNOWN,UNKNOWN_INSUFFICIENT_PUBLIC_DATA,US_EW_ESM_GENERIC,SOCKET_EW_MAST,6,
US_SSN_Sturgeon,USA,SSN,Sturgeon,4,ESM,ESM-ADVANCED-THREAT-WARNING,Advanced Threat Warning,ESM-ADVANCED-THREAT-WARNING-US,,Advanced Threat Warning,UNKNOWN,UNKNOWN,UNKNOWN_INSUFFICIENT_PUBLIC_DATA,US_EW_ESM_GENERIC,SOCKET_EW_MAST,7,
US_SSN_Sturgeon,USA,SSN,Sturgeon,4,ESM,ESM-MULTISENSOR-FUSION,Multi-Sensor Fusion,ESM-MULTISENSOR-FUSION-US,,Multi-Sensor Fusion,INCOMPATIBLE,INCOMPATIBLE,ERA_WINDOW_POLICY,US_EW_ESM_GENERIC,SOCKET_EW_MAST,8,
US_SSN_Sturgeon,USA,SSN,Sturgeon,4,ESM,ESM-ADVANCED-EW,Advanced Integrated EW,ESM-ADVANCED-EW-US,,Advanced Integrated EW,INCOMPATIBLE,INCOMPATIBLE,ERA_WINDOW_POLICY,US_EW_ESM_GENERIC,SOCKET_EW_MAST,9,
US_SSN_Sturgeon,USA,SSN,Sturgeon,4,ESM,ESM-NEXTGEN,Next Generation Defensive Electronic System,ESM-NEXTGEN-US,,Next Generation Defensive Electronic System,INCOMPATIBLE,INCOMPATIBLE,ERA_WINDOW_POLICY,US_EW_ESM_GENERIC,SOCKET_EW_MAST,10,
US_SSN_Sturgeon,USA,SSN,Sturgeon,4,THREAT_WARNING,TW-RADAR-WARNING,Radar Warning,TW-RADAR-WARNING-US,,Radar Warning,GAMEPLAY,GAMEPLAY,GAMEPLAY_POLICY,,SOCKET_EW_ANTENNA,1,
US_SSN_Sturgeon,USA,SSN,Sturgeon,4,THREAT_WARNING,TW-ELECTRONIC-WARNING,Electronic Threat Warning,TW-ELECTRONIC-WARNING-US,,Electronic Threat Warning,GAMEPLAY,GAMEPLAY,GAMEPLAY_POLICY,,SOCKET_EW_ANTENNA,3,
US_SSN_Sturgeon,USA,SSN,Sturgeon,4,THREAT_WARNING,TW-ACTIVE-SONAR-WARNING,Active Sonar Warning,TW-ACTIVE-SONAR-WARNING-US,AN/WLR-9,Active Sonar Warning,GAMEPLAY,GAMEPLAY,GAMEPLAY_POLICY,,SOCKET_EW_ANTENNA,4,
US_SSN_Sturgeon,USA,SSN,Sturgeon,4,THREAT_WARNING,TW-TORPEDO-WARNING,Torpedo Warning,TW-TORPEDO-WARNING-US,,Torpedo Warning,GAMEPLAY,GAMEPLAY,GAMEPLAY_POLICY,GEN_TW_TORPEDO_WARNING_SENSOR,SOCKET_EW_ANTENNA,5,
US_SSN_Sturgeon,USA,SSN,Sturgeon,4,THREAT_WARNING,TW-ACOUSTIC-CLASSIFICATION,Acoustic Threat Classification,TW-ACOUSTIC-CLASSIFICATION-US,AN/WLR-9 series (acoustic intercept receivers),Acoustic Threat Classification,UNKNOWN,UNKNOWN,UNKNOWN_INSUFFICIENT_PUBLIC_DATA,,SOCKET_EW_ANTENNA,6,
US_SSN_Sturgeon,USA,SSN,Sturgeon,4,ACOUSTIC_COUNTERMEASURE,ACM-NOISE-MAKER,Noise Maker,ACM-NOISE-MAKER-US,,Noise Maker,GAMEPLAY,GAMEPLAY,GAMEPLAY_POLICY,GEN_ACM_NOISE_MAKER,SOCKET_COUNTERMEASURE_01,1,
US_SSN_Sturgeon,USA,SSN,Sturgeon,4,ACOUSTIC_COUNTERMEASURE,ACM-ACOUSTIC-DECOY,Acoustic Decoy,ACM-ACOUSTIC-DECOY-US,ADC Mk 2 (Acoustic Device Countermeasure),Acoustic Decoy,GAMEPLAY,GAMEPLAY,GAMEPLAY_POLICY,US_ACM_TORPEDO_DECOY,SOCKET_COUNTERMEASURE_01,2,
US_SSN_Sturgeon,USA,SSN,Sturgeon,4,ACOUSTIC_COUNTERMEASURE,ACM-TORPEDO-DECOY,Torpedo Decoy,ACM-TORPEDO-DECOY-US,ADC Mk 2,Torpedo Decoy,GAMEPLAY,GAMEPLAY,GAMEPLAY_POLICY,US_ACM_TORPEDO_DECOY,SOCKET_COUNTERMEASURE_01,4,
US_SSN_Sturgeon,USA,SSN,Sturgeon,4,ACOUSTIC_COUNTERMEASURE,ACM-MOBILE-DECOY,Mobile Acoustic Decoy,ACM-MOBILE-DECOY-US,,Mobile Acoustic Decoy,GAMEPLAY,GAMEPLAY,GAMEPLAY_POLICY,US_ACM_MOBILE_DECOY,SOCKET_COUNTERMEASURE_01,5,
US_SSN_Sturgeon,USA,SSN,Sturgeon,4,ACOUSTIC_COUNTERMEASURE,ACM-ADVANCED,Advanced Acoustic Countermeasure,ACM-ADVANCED-US,,Advanced Acoustic Countermeasure,UNKNOWN,UNKNOWN,UNKNOWN_INSUFFICIENT_PUBLIC_DATA,US_ACM_MOBILE_DECOY,SOCKET_COUNTERMEASURE_01,7,
US_SSN_Sturgeon,USA,SSN,Sturgeon,4,ACOUSTIC_COUNTERMEASURE,ACM-INTEGRATED,Integrated Acoustic Defense,ACM-INTEGRATED-US,,Integrated Acoustic Defense,INCOMPATIBLE,INCOMPATIBLE,ERA_WINDOW_POLICY,US_ACM_MOBILE_DECOY,SOCKET_COUNTERMEASURE_01,8,
US_SSN_Sturgeon,USA,SSN,Sturgeon,4,DECOY,DEC-PASSIVE,Passive Decoy,DEC-PASSIVE-US,,Passive Decoy,GAMEPLAY,GAMEPLAY,GAMEPLAY_POLICY,,SOCKET_COUNTERMEASURE_02,1,
US_SSN_Sturgeon,USA,SSN,Sturgeon,4,DECOY,DEC-ACTIVE,Active Decoy,DEC-ACTIVE-US,,Active Decoy,GAMEPLAY,GAMEPLAY,GAMEPLAY_POLICY,US_ACM_TORPEDO_DECOY,SOCKET_COUNTERMEASURE_02,3,
US_SSN_Sturgeon,USA,SSN,Sturgeon,4,DECOY,DEC-ACOUSTIC,Acoustic Decoy,DEC-ACOUSTIC-US,,Acoustic Decoy,GAMEPLAY,GAMEPLAY,GAMEPLAY_POLICY,US_ACM_TORPEDO_DECOY,SOCKET_COUNTERMEASURE_02,2,
US_SSN_Sturgeon,USA,SSN,Sturgeon,4,DECOY,DEC-TORPEDO,Torpedo Decoy,DEC-TORPEDO-US,,Torpedo Decoy,GAMEPLAY,GAMEPLAY,GAMEPLAY_POLICY,US_ACM_TORPEDO_DECOY,SOCKET_COUNTERMEASURE_02,4,
US_SSN_Sturgeon,USA,SSN,Sturgeon,4,DECOY,DEC-MOBILE,Mobile Decoy,DEC-MOBILE-US,,Mobile Decoy,GAMEPLAY,GAMEPLAY,GAMEPLAY_POLICY,US_ACM_MOBILE_DECOY,SOCKET_COUNTERMEASURE_02,5,
US_SSN_Sturgeon,USA,SSN,Sturgeon,4,DECOY,DEC-ADVANCED,Advanced Decoy,DEC-ADVANCED-US,,Advanced Decoy,UNKNOWN,UNKNOWN,UNKNOWN_INSUFFICIENT_PUBLIC_DATA,US_ACM_MOBILE_DECOY,SOCKET_COUNTERMEASURE_02,7,
US_SSN_Sturgeon,USA,SSN,Sturgeon,4,NOISE_MAKER,NM-EARLY,Early Noise Maker,NM-EARLY-US,,Early Noise Maker,GAMEPLAY,GAMEPLAY,GAMEPLAY_POLICY,GEN_ACM_NOISE_MAKER,SOCKET_COUNTERMEASURE_02,1,
US_SSN_Sturgeon,USA,SSN,Sturgeon,4,NOISE_MAKER,NM-IMPROVED,Improved Noise Maker,NM-IMPROVED-US,,Improved Noise Maker,GAMEPLAY,GAMEPLAY,GAMEPLAY_POLICY,GEN_ACM_NOISE_MAKER,SOCKET_COUNTERMEASURE_02,3,
US_SSN_Sturgeon,USA,SSN,Sturgeon,4,NOISE_MAKER,NM-MODERN,Modern Noise Maker,NM-MODERN-US,,Modern Noise Maker,UNKNOWN,UNKNOWN,UNKNOWN_INSUFFICIENT_PUBLIC_DATA,GEN_ACM_NOISE_MAKER,SOCKET_COUNTERMEASURE_02,6,
US_SSN_Sturgeon,USA,SSN,Sturgeon,4,NOISE_MAKER,NM-ADVANCED,Advanced Acoustic Countermeasure,NM-ADVANCED-US,,Advanced Acoustic Countermeasure,INCOMPATIBLE,INCOMPATIBLE,ERA_WINDOW_POLICY,GEN_ACM_NOISE_MAKER,SOCKET_COUNTERMEASURE_02,8,
US_SSN_Sturgeon,USA,SSN,Sturgeon,4,TORPEDO_DEFENSE,TD-WARNING,Torpedo Warning,TD-WARNING-US,,Torpedo Warning,GAMEPLAY,GAMEPLAY,GAMEPLAY_POLICY,GEN_TW_TORPEDO_WARNING_SENSOR,SOCKET_DECOY_LAUNCHER_02,4,
US_SSN_Sturgeon,USA,SSN,Sturgeon,4,TORPEDO_DEFENSE,TD-COUNTERMEASURE,Countermeasure,TD-COUNTERMEASURE-US,ADC Mk 2,Countermeasure,GAMEPLAY,GAMEPLAY,GAMEPLAY_POLICY,US_ACM_TORPEDO_DECOY,SOCKET_DECOY_LAUNCHER_02,5,
US_SSN_Sturgeon,USA,SSN,Sturgeon,4,TORPEDO_DEFENSE,TD-ADVANCED,Advanced Countermeasure,TD-ADVANCED-US,,Advanced Countermeasure,UNKNOWN,UNKNOWN,UNKNOWN_INSUFFICIENT_PUBLIC_DATA,US_ACM_MOBILE_DECOY,SOCKET_DECOY_LAUNCHER_02,7,
US_SSN_Sturgeon,USA,SSN,Sturgeon,4,TORPEDO_DEFENSE,TD-INTEGRATED,Integrated Torpedo Defense,TD-INTEGRATED-US,,Integrated Torpedo Defense,INCOMPATIBLE,INCOMPATIBLE,ERA_WINDOW_POLICY,US_ACM_MOBILE_DECOY,SOCKET_DECOY_LAUNCHER_02,9,
US_SSN_Sturgeon,USA,SSN,Sturgeon,4,LAUNCHER,CML-EXTERNAL,External Launcher,CML-EXTERNAL-US,,External Launcher,GAMEPLAY,GAMEPLAY,GAMEPLAY_POLICY,US_CML_DECOY_LAUNCHER,SOCKET_DECOY_LAUNCHER_01,2,
US_SSN_Sturgeon,USA,SSN,Sturgeon,4,LAUNCHER,CML-TUBE,Countermeasure Tube,CML-TUBE-US,,Countermeasure Tube,GAMEPLAY,GAMEPLAY,GAMEPLAY_POLICY,GEN_CML_TUBE,SOCKET_DECOY_LAUNCHER_01,3,
US_SSN_Sturgeon,USA,SSN,Sturgeon,4,LAUNCHER,CML-ACOUSTIC-DEVICE,Acoustic Device Launcher,CML-ACOUSTIC-DEVICE-US,Internal Countermeasure Launcher (ICL),Acoustic Device Launcher,GAMEPLAY,GAMEPLAY,GAMEPLAY_POLICY,US_CML_DECOY_LAUNCHER,SOCKET_DECOY_LAUNCHER_01,4,
US_SSN_Sturgeon,USA,SSN,Sturgeon,4,LAUNCHER,CML-ADVANCED,Advanced Launcher,CML-ADVANCED-US,,Advanced Launcher,UNKNOWN,UNKNOWN,UNKNOWN_INSUFFICIENT_PUBLIC_DATA,US_CML_DECOY_LAUNCHER,SOCKET_DECOY_LAUNCHER_01,7,
US_SSN_Sturgeon,USA,SSN,Sturgeon,4,LAUNCHER,CML-INTEGRATED,Integrated Launcher,CML-INTEGRATED-US,,Integrated Launcher,INCOMPATIBLE,INCOMPATIBLE,ERA_WINDOW_POLICY,US_CML_DECOY_LAUNCHER,SOCKET_DECOY_LAUNCHER_01,8,
US_SSN_Sturgeon,USA,SSN,Sturgeon,4,DEFENSIVE_CONTROL,DC-CONSOLE,Defensive Control Console,DC-CONSOLE-US,,Defensive Control Console,GAMEPLAY,GAMEPLAY,GAMEPLAY_POLICY,US_DCM_CONSOLE,,2,
US_SSN_Sturgeon,USA,SSN,Sturgeon,4,DEFENSIVE_CONTROL,DC-INTEGRATED-CONTROL,Integrated Defensive Control,DC-INTEGRATED-CONTROL-US,,Integrated Defensive Control,UNKNOWN,UNKNOWN,UNKNOWN_INSUFFICIENT_PUBLIC_DATA,US_DCM_CONSOLE,,6,
US_SSN_Sturgeon,USA,SSN,Sturgeon,4,DEFENSIVE_CONTROL,DC-AUTOMATED,Automated Defensive Control,DC-AUTOMATED-US,,Automated Defensive Control,INCOMPATIBLE,INCOMPATIBLE,ERA_WINDOW_POLICY,US_DCM_CONSOLE,,8,
US_SSN_Sturgeon,USA,SSN,Sturgeon,4,INTEGRATED_DEFENSE,IDS-CORE,Integrated Defensive System,IDS-CORE-US,,Integrated Defensive System,UNKNOWN,UNKNOWN,UNKNOWN_INSUFFICIENT_PUBLIC_DATA,US_DCM_CONSOLE,,6,
US_SSN_Sturgeon,USA,SSN,Sturgeon,4,INTEGRATED_DEFENSE,IDS-ADVANCED,Next Generation Defensive System,IDS-ADVANCED-US,,Next Generation Defensive System,INCOMPATIBLE,INCOMPATIBLE,ERA_WINDOW_POLICY,US_DCM_CONSOLE,,9,
US_SSN_LosAngeles,USA,SSN,Los Angeles,6,ESM,ESM-BASIC-DETECTION,Basic Signal Detection,ESM-BASIC-DETECTION-US,,Basic Signal Detection,GAMEPLAY,GAMEPLAY,GAMEPLAY_POLICY,US_EW_ESM_GENERIC,SOCKET_EW_MAST,1,
US_SSN_LosAngeles,USA,SSN,Los Angeles,6,ESM,ESM-IMPROVED-DETECTION,Improved Detection,ESM-IMPROVED-DETECTION-US,,Improved Detection,GAMEPLAY,GAMEPLAY,GAMEPLAY_POLICY,US_EW_ESM_GENERIC,SOCKET_EW_MAST,2,
US_SSN_LosAngeles,USA,SSN,Los Angeles,6,ESM,ESM-CLASSIFICATION,Signal Classification,ESM-CLASSIFICATION-US,,Signal Classification,GAMEPLAY,GAMEPLAY,GAMEPLAY_POLICY,US_EW_ESM_GENERIC,SOCKET_EW_MAST,3,
US_SSN_LosAngeles,USA,SSN,Los Angeles,6,ESM,ESM-DIGITAL,Digital ESM,ESM-DIGITAL-US,AN/BLQ-10,AN/BLQ-10,GAMEPLAY,GAMEPLAY,GAMEPLAY_POLICY,US_EW_BLQ10,SOCKET_EW_MAST,4,688i 改进批次公开资料记载，早期批次存疑。 无公开来源记录，降级为游戏设定。
US_SSN_LosAngeles,USA,SSN,Los Angeles,6,ESM,ESM-MULTIBAND,Multi-Band ESM,ESM-MULTIBAND-US,,Multi-Band ESM,GAMEPLAY,GAMEPLAY,GAMEPLAY_POLICY,GEN_EW_ANTENNA_ARRAY,SOCKET_EW_MAST,5,
US_SSN_LosAngeles,USA,SSN,Los Angeles,6,ESM,ESM-INTEGRATED,Integrated ESM,ESM-INTEGRATED-US,,Integrated ESM,GAMEPLAY,GAMEPLAY,GAMEPLAY_POLICY,US_EW_ESM_GENERIC,SOCKET_EW_MAST,6,
US_SSN_LosAngeles,USA,SSN,Los Angeles,6,ESM,ESM-ADVANCED-THREAT-WARNING,Advanced Threat Warning,ESM-ADVANCED-THREAT-WARNING-US,,Advanced Threat Warning,GAMEPLAY,GAMEPLAY,GAMEPLAY_POLICY,US_EW_ESM_GENERIC,SOCKET_EW_MAST,7,
US_SSN_LosAngeles,USA,SSN,Los Angeles,6,ESM,ESM-MULTISENSOR-FUSION,Multi-Sensor Fusion,ESM-MULTISENSOR-FUSION-US,,Multi-Sensor Fusion,UNKNOWN,UNKNOWN,UNKNOWN_INSUFFICIENT_PUBLIC_DATA,US_EW_ESM_GENERIC,SOCKET_EW_MAST,8,
US_SSN_LosAngeles,USA,SSN,Los Angeles,6,ESM,ESM-ADVANCED-EW,Advanced Integrated EW,ESM-ADVANCED-EW-US,,Advanced Integrated EW,UNKNOWN,UNKNOWN,UNKNOWN_INSUFFICIENT_PUBLIC_DATA,US_EW_ESM_GENERIC,SOCKET_EW_MAST,9,
US_SSN_LosAngeles,USA,SSN,Los Angeles,6,ESM,ESM-NEXTGEN,Next Generation Defensive Electronic System,ESM-NEXTGEN-US,,Next Generation Defensive Electronic System,INCOMPATIBLE,INCOMPATIBLE,ERA_WINDOW_POLICY,US_EW_ESM_GENERIC,SOCKET_EW_MAST,10,
US_SSN_LosAngeles,USA,SSN,Los Angeles,6,THREAT_WARNING,TW-RADAR-WARNING,Radar Warning,TW-RADAR-WARNING-US,,Radar Warning,GAMEPLAY,GAMEPLAY,GAMEPLAY_POLICY,,SOCKET_EW_ANTENNA,1,
US_SSN_LosAngeles,USA,SSN,Los Angeles,6,THREAT_WARNING,TW-ELECTRONIC-WARNING,Electronic Threat Warning,TW-ELECTRONIC-WARNING-US,,Electronic Threat Warning,GAMEPLAY,GAMEPLAY,GAMEPLAY_POLICY,,SOCKET_EW_ANTENNA,3,
US_SSN_LosAngeles,USA,SSN,Los Angeles,6,THREAT_WARNING,TW-ACTIVE-SONAR-WARNING,Active Sonar Warning,TW-ACTIVE-SONAR-WARNING-US,AN/WLR-9,Active Sonar Warning,GAMEPLAY,GAMEPLAY,GAMEPLAY_POLICY,,SOCKET_EW_ANTENNA,4,
US_SSN_LosAngeles,USA,SSN,Los Angeles,6,THREAT_WARNING,TW-TORPEDO-WARNING,Torpedo Warning,TW-TORPEDO-WARNING-US,,Torpedo Warning,GAMEPLAY,GAMEPLAY,GAMEPLAY_POLICY,GEN_TW_TORPEDO_WARNING_SENSOR,SOCKET_EW_ANTENNA,5,
US_SSN_LosAngeles,USA,SSN,Los Angeles,6,THREAT_WARNING,TW-ACOUSTIC-CLASSIFICATION,Acoustic Threat Classification,TW-ACOUSTIC-CLASSIFICATION-US,AN/WLR-9 series (acoustic intercept receivers),Acoustic Threat Classification,GAMEPLAY,GAMEPLAY,GAMEPLAY_POLICY,,SOCKET_EW_ANTENNA,6,
US_SSN_LosAngeles,USA,SSN,Los Angeles,6,ACOUSTIC_COUNTERMEASURE,ACM-NOISE-MAKER,Noise Maker,ACM-NOISE-MAKER-US,,Noise Maker,GAMEPLAY,GAMEPLAY,GAMEPLAY_POLICY,GEN_ACM_NOISE_MAKER,SOCKET_COUNTERMEASURE_01,1,
US_SSN_LosAngeles,USA,SSN,Los Angeles,6,ACOUSTIC_COUNTERMEASURE,ACM-ACOUSTIC-DECOY,Acoustic Decoy,ACM-ACOUSTIC-DECOY-US,ADC Mk 2 (Acoustic Device Countermeasure),Acoustic Decoy,GAMEPLAY,GAMEPLAY,GAMEPLAY_POLICY,US_ACM_TORPEDO_DECOY,SOCKET_COUNTERMEASURE_01,2,
US_SSN_LosAngeles,USA,SSN,Los Angeles,6,ACOUSTIC_COUNTERMEASURE,ACM-TORPEDO-DECOY,Torpedo Decoy,ACM-TORPEDO-DECOY-US,ADC Mk 2,Torpedo Decoy,GAMEPLAY,GAMEPLAY,GAMEPLAY_POLICY,US_ACM_TORPEDO_DECOY,SOCKET_COUNTERMEASURE_01,4,
US_SSN_LosAngeles,USA,SSN,Los Angeles,6,ACOUSTIC_COUNTERMEASURE,ACM-MOBILE-DECOY,Mobile Acoustic Decoy,ACM-MOBILE-DECOY-US,,Mobile Acoustic Decoy,GAMEPLAY,GAMEPLAY,GAMEPLAY_POLICY,US_ACM_MOBILE_DECOY,SOCKET_COUNTERMEASURE_01,5,
US_SSN_LosAngeles,USA,SSN,Los Angeles,6,ACOUSTIC_COUNTERMEASURE,ACM-ADVANCED,Advanced Acoustic Countermeasure,ACM-ADVANCED-US,,Advanced Acoustic Countermeasure,GAMEPLAY,GAMEPLAY,GAMEPLAY_POLICY,US_ACM_MOBILE_DECOY,SOCKET_COUNTERMEASURE_01,7,
US_SSN_LosAngeles,USA,SSN,Los Angeles,6,ACOUSTIC_COUNTERMEASURE,ACM-INTEGRATED,Integrated Acoustic Defense,ACM-INTEGRATED-US,,Integrated Acoustic Defense,UNKNOWN,UNKNOWN,UNKNOWN_INSUFFICIENT_PUBLIC_DATA,US_ACM_MOBILE_DECOY,SOCKET_COUNTERMEASURE_01,8,
US_SSN_LosAngeles,USA,SSN,Los Angeles,6,DECOY,DEC-PASSIVE,Passive Decoy,DEC-PASSIVE-US,,Passive Decoy,GAMEPLAY,GAMEPLAY,GAMEPLAY_POLICY,,SOCKET_COUNTERMEASURE_02,1,
US_SSN_LosAngeles,USA,SSN,Los Angeles,6,DECOY,DEC-ACTIVE,Active Decoy,DEC-ACTIVE-US,,Active Decoy,GAMEPLAY,GAMEPLAY,GAMEPLAY_POLICY,US_ACM_TORPEDO_DECOY,SOCKET_COUNTERMEASURE_02,3,
US_SSN_LosAngeles,USA,SSN,Los Angeles,6,DECOY,DEC-ACOUSTIC,Acoustic Decoy,DEC-ACOUSTIC-US,,Acoustic Decoy,GAMEPLAY,GAMEPLAY,GAMEPLAY_POLICY,US_ACM_TORPEDO_DECOY,SOCKET_COUNTERMEASURE_02,2,
US_SSN_LosAngeles,USA,SSN,Los Angeles,6,DECOY,DEC-TORPEDO,Torpedo Decoy,DEC-TORPEDO-US,,Torpedo Decoy,GAMEPLAY,GAMEPLAY,GAMEPLAY_POLICY,US_ACM_TORPEDO_DECOY,SOCKET_COUNTERMEASURE_02,4,
US_SSN_LosAngeles,USA,SSN,Los Angeles,6,DECOY,DEC-MOBILE,Mobile Decoy,DEC-MOBILE-US,,Mobile Decoy,GAMEPLAY,GAMEPLAY,GAMEPLAY_POLICY,US_ACM_MOBILE_DECOY,SOCKET_COUNTERMEASURE_02,5,
US_SSN_LosAngeles,USA,SSN,Los Angeles,6,DECOY,DEC-ADVANCED,Advanced Decoy,DEC-ADVANCED-US,,Advanced Decoy,GAMEPLAY,GAMEPLAY,GAMEPLAY_POLICY,US_ACM_MOBILE_DECOY,SOCKET_COUNTERMEASURE_02,7,
US_SSN_LosAngeles,USA,SSN,Los Angeles,6,NOISE_MAKER,NM-EARLY,Early Noise Maker,NM-EARLY-US,,Early Noise Maker,GAMEPLAY,GAMEPLAY,GAMEPLAY_POLICY,GEN_ACM_NOISE_MAKER,SOCKET_COUNTERMEASURE_02,1,
US_SSN_LosAngeles,USA,SSN,Los Angeles,6,NOISE_MAKER,NM-IMPROVED,Improved Noise Maker,NM-IMPROVED-US,,Improved Noise Maker,GAMEPLAY,GAMEPLAY,GAMEPLAY_POLICY,GEN_ACM_NOISE_MAKER,SOCKET_COUNTERMEASURE_02,3,
US_SSN_LosAngeles,USA,SSN,Los Angeles,6,NOISE_MAKER,NM-MODERN,Modern Noise Maker,NM-MODERN-US,,Modern Noise Maker,GAMEPLAY,GAMEPLAY,GAMEPLAY_POLICY,GEN_ACM_NOISE_MAKER,SOCKET_COUNTERMEASURE_02,6,
US_SSN_LosAngeles,USA,SSN,Los Angeles,6,NOISE_MAKER,NM-ADVANCED,Advanced Acoustic Countermeasure,NM-ADVANCED-US,,Advanced Acoustic Countermeasure,UNKNOWN,UNKNOWN,UNKNOWN_INSUFFICIENT_PUBLIC_DATA,GEN_ACM_NOISE_MAKER,SOCKET_COUNTERMEASURE_02,8,
US_SSN_LosAngeles,USA,SSN,Los Angeles,6,TORPEDO_DEFENSE,TD-WARNING,Torpedo Warning,TD-WARNING-US,,Torpedo Warning,GAMEPLAY,GAMEPLAY,GAMEPLAY_POLICY,GEN_TW_TORPEDO_WARNING_SENSOR,SOCKET_DECOY_LAUNCHER_02,4,
US_SSN_LosAngeles,USA,SSN,Los Angeles,6,TORPEDO_DEFENSE,TD-COUNTERMEASURE,Countermeasure,TD-COUNTERMEASURE-US,ADC Mk 2,Countermeasure,GAMEPLAY,GAMEPLAY,GAMEPLAY_POLICY,US_ACM_TORPEDO_DECOY,SOCKET_DECOY_LAUNCHER_02,5,
US_SSN_LosAngeles,USA,SSN,Los Angeles,6,TORPEDO_DEFENSE,TD-ADVANCED,Advanced Countermeasure,TD-ADVANCED-US,,Advanced Countermeasure,GAMEPLAY,GAMEPLAY,GAMEPLAY_POLICY,US_ACM_MOBILE_DECOY,SOCKET_DECOY_LAUNCHER_02,7,
US_SSN_LosAngeles,USA,SSN,Los Angeles,6,TORPEDO_DEFENSE,TD-INTEGRATED,Integrated Torpedo Defense,TD-INTEGRATED-US,,Integrated Torpedo Defense,UNKNOWN,UNKNOWN,UNKNOWN_INSUFFICIENT_PUBLIC_DATA,US_ACM_MOBILE_DECOY,SOCKET_DECOY_LAUNCHER_02,9,
US_SSN_LosAngeles,USA,SSN,Los Angeles,6,LAUNCHER,CML-EXTERNAL,External Launcher,CML-EXTERNAL-US,,External Launcher,GAMEPLAY,GAMEPLAY,GAMEPLAY_POLICY,US_CML_DECOY_LAUNCHER,SOCKET_DECOY_LAUNCHER_01,2,
US_SSN_LosAngeles,USA,SSN,Los Angeles,6,LAUNCHER,CML-TUBE,Countermeasure Tube,CML-TUBE-US,,Countermeasure Tube,GAMEPLAY,GAMEPLAY,GAMEPLAY_POLICY,GEN_CML_TUBE,SOCKET_DECOY_LAUNCHER_01,3,
US_SSN_LosAngeles,USA,SSN,Los Angeles,6,LAUNCHER,CML-ACOUSTIC-DEVICE,Acoustic Device Launcher,CML-ACOUSTIC-DEVICE-US,Internal Countermeasure Launcher (ICL),Acoustic Device Launcher,GAMEPLAY,GAMEPLAY,GAMEPLAY_POLICY,US_CML_DECOY_LAUNCHER,SOCKET_DECOY_LAUNCHER_01,4,
US_SSN_LosAngeles,USA,SSN,Los Angeles,6,LAUNCHER,CML-ADVANCED,Advanced Launcher,CML-ADVANCED-US,,Advanced Launcher,GAMEPLAY,GAMEPLAY,GAMEPLAY_POLICY,US_CML_DECOY_LAUNCHER,SOCKET_DECOY_LAUNCHER_01,7,
US_SSN_LosAngeles,USA,SSN,Los Angeles,6,LAUNCHER,CML-INTEGRATED,Integrated Launcher,CML-INTEGRATED-US,,Integrated Launcher,UNKNOWN,UNKNOWN,UNKNOWN_INSUFFICIENT_PUBLIC_DATA,US_CML_DECOY_LAUNCHER,SOCKET_DECOY_LAUNCHER_01,8,
US_SSN_LosAngeles,USA,SSN,Los Angeles,6,DEFENSIVE_CONTROL,DC-CONSOLE,Defensive Control Console,DC-CONSOLE-US,,Defensive Control Console,GAMEPLAY,GAMEPLAY,GAMEPLAY_POLICY,US_DCM_CONSOLE,,2,
US_SSN_LosAngeles,USA,SSN,Los Angeles,6,DEFENSIVE_CONTROL,DC-INTEGRATED-CONTROL,Integrated Defensive Control,DC-INTEGRATED-CONTROL-US,,Integrated Defensive Control,GAMEPLAY,GAMEPLAY,GAMEPLAY_POLICY,US_DCM_CONSOLE,,6,
US_SSN_LosAngeles,USA,SSN,Los Angeles,6,DEFENSIVE_CONTROL,DC-AUTOMATED,Automated Defensive Control,DC-AUTOMATED-US,,Automated Defensive Control,UNKNOWN,UNKNOWN,UNKNOWN_INSUFFICIENT_PUBLIC_DATA,US_DCM_CONSOLE,,8,
US_SSN_LosAngeles,USA,SSN,Los Angeles,6,INTEGRATED_DEFENSE,IDS-CORE,Integrated Defensive System,IDS-CORE-US,,Integrated Defensive System,GAMEPLAY,GAMEPLAY,GAMEPLAY_POLICY,US_DCM_CONSOLE,,6,
US_SSN_LosAngeles,USA,SSN,Los Angeles,6,INTEGRATED_DEFENSE,IDS-ADVANCED,Next Generation Defensive System,IDS-ADVANCED-US,,Next Generation Defensive System,UNKNOWN,UNKNOWN,UNKNOWN_INSUFFICIENT_PUBLIC_DATA,US_DCM_CONSOLE,,9,
US_SSN_Seawolf,USA,SSN,Seawolf,8,ESM,ESM-BASIC-DETECTION,Basic Signal Detection,ESM-BASIC-DETECTION-US,,Basic Signal Detection,GAMEPLAY,GAMEPLAY,GAMEPLAY_POLICY,US_EW_ESM_GENERIC,SOCKET_EW_MAST,1,
US_SSN_Seawolf,USA,SSN,Seawolf,8,ESM,ESM-IMPROVED-DETECTION,Improved Detection,ESM-IMPROVED-DETECTION-US,,Improved Detection,GAMEPLAY,GAMEPLAY,GAMEPLAY_POLICY,US_EW_ESM_GENERIC,SOCKET_EW_MAST,2,
US_SSN_Seawolf,USA,SSN,Seawolf,8,ESM,ESM-CLASSIFICATION,Signal Classification,ESM-CLASSIFICATION-US,,Signal Classification,GAMEPLAY,GAMEPLAY,GAMEPLAY_POLICY,US_EW_ESM_GENERIC,SOCKET_EW_MAST,3,
US_SSN_Seawolf,USA,SSN,Seawolf,8,ESM,ESM-DIGITAL,Digital ESM,ESM-DIGITAL-US,AN/BLQ-10,AN/BLQ-10,GAMEPLAY,GAMEPLAY,GAMEPLAY_POLICY,US_EW_BLQ10,SOCKET_EW_MAST,4,公开资料常见的海狼级 ESM 型号记载。 无公开来源记录，降级为游戏设定。
US_SSN_Seawolf,USA,SSN,Seawolf,8,ESM,ESM-MULTIBAND,Multi-Band ESM,ESM-MULTIBAND-US,,Multi-Band ESM,GAMEPLAY,GAMEPLAY,GAMEPLAY_POLICY,GEN_EW_ANTENNA_ARRAY,SOCKET_EW_MAST,5,
US_SSN_Seawolf,USA,SSN,Seawolf,8,ESM,ESM-INTEGRATED,Integrated ESM,ESM-INTEGRATED-US,,Integrated ESM,GAMEPLAY,GAMEPLAY,GAMEPLAY_POLICY,US_EW_ESM_GENERIC,SOCKET_EW_MAST,6,
US_SSN_Seawolf,USA,SSN,Seawolf,8,ESM,ESM-ADVANCED-THREAT-WARNING,Advanced Threat Warning,ESM-ADVANCED-THREAT-WARNING-US,,Advanced Threat Warning,GAMEPLAY,GAMEPLAY,GAMEPLAY_POLICY,US_EW_ESM_GENERIC,SOCKET_EW_MAST,7,
US_SSN_Seawolf,USA,SSN,Seawolf,8,ESM,ESM-MULTISENSOR-FUSION,Multi-Sensor Fusion,ESM-MULTISENSOR-FUSION-US,,Multi-Sensor Fusion,GAMEPLAY,GAMEPLAY,GAMEPLAY_POLICY,US_EW_ESM_GENERIC,SOCKET_EW_MAST,8,
US_SSN_Seawolf,USA,SSN,Seawolf,8,ESM,ESM-ADVANCED-EW,Advanced Integrated EW,ESM-ADVANCED-EW-US,,Advanced Integrated EW,GAMEPLAY,GAMEPLAY,GAMEPLAY_POLICY,US_EW_ESM_GENERIC,SOCKET_EW_MAST,9,
US_SSN_Seawolf,USA,SSN,Seawolf,8,ESM,ESM-NEXTGEN,Next Generation Defensive Electronic System,ESM-NEXTGEN-US,,Next Generation Defensive Electronic System,UNKNOWN,UNKNOWN,UNKNOWN_INSUFFICIENT_PUBLIC_DATA,US_EW_ESM_GENERIC,SOCKET_EW_MAST,10,
US_SSN_Seawolf,USA,SSN,Seawolf,8,THREAT_WARNING,TW-RADAR-WARNING,Radar Warning,TW-RADAR-WARNING-US,,Radar Warning,GAMEPLAY,GAMEPLAY,GAMEPLAY_POLICY,,SOCKET_EW_ANTENNA,1,
US_SSN_Seawolf,USA,SSN,Seawolf,8,THREAT_WARNING,TW-ELECTRONIC-WARNING,Electronic Threat Warning,TW-ELECTRONIC-WARNING-US,,Electronic Threat Warning,GAMEPLAY,GAMEPLAY,GAMEPLAY_POLICY,,SOCKET_EW_ANTENNA,3,
US_SSN_Seawolf,USA,SSN,Seawolf,8,THREAT_WARNING,TW-ACTIVE-SONAR-WARNING,Active Sonar Warning,TW-ACTIVE-SONAR-WARNING-US,AN/WLR-9,Active Sonar Warning,GAMEPLAY,GAMEPLAY,GAMEPLAY_POLICY,,SOCKET_EW_ANTENNA,4,
US_SSN_Seawolf,USA,SSN,Seawolf,8,THREAT_WARNING,TW-TORPEDO-WARNING,Torpedo Warning,TW-TORPEDO-WARNING-US,,Torpedo Warning,GAMEPLAY,GAMEPLAY,GAMEPLAY_POLICY,GEN_TW_TORPEDO_WARNING_SENSOR,SOCKET_EW_ANTENNA,5,
US_SSN_Seawolf,USA,SSN,Seawolf,8,THREAT_WARNING,TW-ACOUSTIC-CLASSIFICATION,Acoustic Threat Classification,TW-ACOUSTIC-CLASSIFICATION-US,AN/WLR-9 series (acoustic intercept receivers),Acoustic Threat Classification,GAMEPLAY,GAMEPLAY,GAMEPLAY_POLICY,,SOCKET_EW_ANTENNA,6,
US_SSN_Seawolf,USA,SSN,Seawolf,8,ACOUSTIC_COUNTERMEASURE,ACM-NOISE-MAKER,Noise Maker,ACM-NOISE-MAKER-US,,Noise Maker,GAMEPLAY,GAMEPLAY,GAMEPLAY_POLICY,GEN_ACM_NOISE_MAKER,SOCKET_COUNTERMEASURE_01,1,
US_SSN_Seawolf,USA,SSN,Seawolf,8,ACOUSTIC_COUNTERMEASURE,ACM-ACOUSTIC-DECOY,Acoustic Decoy,ACM-ACOUSTIC-DECOY-US,ADC Mk 2 (Acoustic Device Countermeasure),Acoustic Decoy,GAMEPLAY,GAMEPLAY,GAMEPLAY_POLICY,US_ACM_TORPEDO_DECOY,SOCKET_COUNTERMEASURE_01,2,
US_SSN_Seawolf,USA,SSN,Seawolf,8,ACOUSTIC_COUNTERMEASURE,ACM-TORPEDO-DECOY,Torpedo Decoy,ACM-TORPEDO-DECOY-US,ADC Mk 2,Torpedo Decoy,GAMEPLAY,GAMEPLAY,GAMEPLAY_POLICY,US_ACM_TORPEDO_DECOY,SOCKET_COUNTERMEASURE_01,4,
US_SSN_Seawolf,USA,SSN,Seawolf,8,ACOUSTIC_COUNTERMEASURE,ACM-MOBILE-DECOY,Mobile Acoustic Decoy,ACM-MOBILE-DECOY-US,,Mobile Acoustic Decoy,GAMEPLAY,GAMEPLAY,GAMEPLAY_POLICY,US_ACM_MOBILE_DECOY,SOCKET_COUNTERMEASURE_01,5,
US_SSN_Seawolf,USA,SSN,Seawolf,8,ACOUSTIC_COUNTERMEASURE,ACM-ADVANCED,Advanced Acoustic Countermeasure,ACM-ADVANCED-US,,Advanced Acoustic Countermeasure,GAMEPLAY,GAMEPLAY,GAMEPLAY_POLICY,US_ACM_MOBILE_DECOY,SOCKET_COUNTERMEASURE_01,7,
US_SSN_Seawolf,USA,SSN,Seawolf,8,ACOUSTIC_COUNTERMEASURE,ACM-INTEGRATED,Integrated Acoustic Defense,ACM-INTEGRATED-US,,Integrated Acoustic Defense,GAMEPLAY,GAMEPLAY,GAMEPLAY_POLICY,US_ACM_MOBILE_DECOY,SOCKET_COUNTERMEASURE_01,8,
US_SSN_Seawolf,USA,SSN,Seawolf,8,DECOY,DEC-PASSIVE,Passive Decoy,DEC-PASSIVE-US,,Passive Decoy,GAMEPLAY,GAMEPLAY,GAMEPLAY_POLICY,,SOCKET_COUNTERMEASURE_02,1,
US_SSN_Seawolf,USA,SSN,Seawolf,8,DECOY,DEC-ACTIVE,Active Decoy,DEC-ACTIVE-US,,Active Decoy,GAMEPLAY,GAMEPLAY,GAMEPLAY_POLICY,US_ACM_TORPEDO_DECOY,SOCKET_COUNTERMEASURE_02,3,
US_SSN_Seawolf,USA,SSN,Seawolf,8,DECOY,DEC-ACOUSTIC,Acoustic Decoy,DEC-ACOUSTIC-US,,Acoustic Decoy,GAMEPLAY,GAMEPLAY,GAMEPLAY_POLICY,US_ACM_TORPEDO_DECOY,SOCKET_COUNTERMEASURE_02,2,
US_SSN_Seawolf,USA,SSN,Seawolf,8,DECOY,DEC-TORPEDO,Torpedo Decoy,DEC-TORPEDO-US,,Torpedo Decoy,GAMEPLAY,GAMEPLAY,GAMEPLAY_POLICY,US_ACM_TORPEDO_DECOY,SOCKET_COUNTERMEASURE_02,4,
US_SSN_Seawolf,USA,SSN,Seawolf,8,DECOY,DEC-MOBILE,Mobile Decoy,DEC-MOBILE-US,,Mobile Decoy,GAMEPLAY,GAMEPLAY,GAMEPLAY_POLICY,US_ACM_MOBILE_DECOY,SOCKET_COUNTERMEASURE_02,5,
US_SSN_Seawolf,USA,SSN,Seawolf,8,DECOY,DEC-ADVANCED,Advanced Decoy,DEC-ADVANCED-US,,Advanced Decoy,GAMEPLAY,GAMEPLAY,GAMEPLAY_POLICY,US_ACM_MOBILE_DECOY,SOCKET_COUNTERMEASURE_02,7,
US_SSN_Seawolf,USA,SSN,Seawolf,8,NOISE_MAKER,NM-EARLY,Early Noise Maker,NM-EARLY-US,,Early Noise Maker,GAMEPLAY,GAMEPLAY,GAMEPLAY_POLICY,GEN_ACM_NOISE_MAKER,SOCKET_COUNTERMEASURE_02,1,
US_SSN_Seawolf,USA,SSN,Seawolf,8,NOISE_MAKER,NM-IMPROVED,Improved Noise Maker,NM-IMPROVED-US,,Improved Noise Maker,GAMEPLAY,GAMEPLAY,GAMEPLAY_POLICY,GEN_ACM_NOISE_MAKER,SOCKET_COUNTERMEASURE_02,3,
US_SSN_Seawolf,USA,SSN,Seawolf,8,NOISE_MAKER,NM-MODERN,Modern Noise Maker,NM-MODERN-US,,Modern Noise Maker,GAMEPLAY,GAMEPLAY,GAMEPLAY_POLICY,GEN_ACM_NOISE_MAKER,SOCKET_COUNTERMEASURE_02,6,
US_SSN_Seawolf,USA,SSN,Seawolf,8,NOISE_MAKER,NM-ADVANCED,Advanced Acoustic Countermeasure,NM-ADVANCED-US,,Advanced Acoustic Countermeasure,GAMEPLAY,GAMEPLAY,GAMEPLAY_POLICY,GEN_ACM_NOISE_MAKER,SOCKET_COUNTERMEASURE_02,8,
US_SSN_Seawolf,USA,SSN,Seawolf,8,TORPEDO_DEFENSE,TD-WARNING,Torpedo Warning,TD-WARNING-US,,Torpedo Warning,GAMEPLAY,GAMEPLAY,GAMEPLAY_POLICY,GEN_TW_TORPEDO_WARNING_SENSOR,SOCKET_DECOY_LAUNCHER_02,4,
US_SSN_Seawolf,USA,SSN,Seawolf,8,TORPEDO_DEFENSE,TD-COUNTERMEASURE,Countermeasure,TD-COUNTERMEASURE-US,ADC Mk 2,Countermeasure,GAMEPLAY,GAMEPLAY,GAMEPLAY_POLICY,US_ACM_TORPEDO_DECOY,SOCKET_DECOY_LAUNCHER_02,5,
US_SSN_Seawolf,USA,SSN,Seawolf,8,TORPEDO_DEFENSE,TD-ADVANCED,Advanced Countermeasure,TD-ADVANCED-US,,Advanced Countermeasure,GAMEPLAY,GAMEPLAY,GAMEPLAY_POLICY,US_ACM_MOBILE_DECOY,SOCKET_DECOY_LAUNCHER_02,7,
US_SSN_Seawolf,USA,SSN,Seawolf,8,TORPEDO_DEFENSE,TD-INTEGRATED,Integrated Torpedo Defense,TD-INTEGRATED-US,,Integrated Torpedo Defense,GAMEPLAY,GAMEPLAY,GAMEPLAY_POLICY,US_ACM_MOBILE_DECOY,SOCKET_DECOY_LAUNCHER_02,9,
US_SSN_Seawolf,USA,SSN,Seawolf,8,LAUNCHER,CML-EXTERNAL,External Launcher,CML-EXTERNAL-US,,External Launcher,GAMEPLAY,GAMEPLAY,GAMEPLAY_POLICY,US_CML_DECOY_LAUNCHER,SOCKET_DECOY_LAUNCHER_01,2,
US_SSN_Seawolf,USA,SSN,Seawolf,8,LAUNCHER,CML-TUBE,Countermeasure Tube,CML-TUBE-US,,Countermeasure Tube,GAMEPLAY,GAMEPLAY,GAMEPLAY_POLICY,GEN_CML_TUBE,SOCKET_DECOY_LAUNCHER_01,3,
US_SSN_Seawolf,USA,SSN,Seawolf,8,LAUNCHER,CML-ACOUSTIC-DEVICE,Acoustic Device Launcher,CML-ACOUSTIC-DEVICE-US,Internal Countermeasure Launcher (ICL),Acoustic Device Launcher,GAMEPLAY,GAMEPLAY,GAMEPLAY_POLICY,US_CML_DECOY_LAUNCHER,SOCKET_DECOY_LAUNCHER_01,4,
US_SSN_Seawolf,USA,SSN,Seawolf,8,LAUNCHER,CML-ADVANCED,Advanced Launcher,CML-ADVANCED-US,,Advanced Launcher,GAMEPLAY,GAMEPLAY,GAMEPLAY_POLICY,US_CML_DECOY_LAUNCHER,SOCKET_DECOY_LAUNCHER_01,7,
US_SSN_Seawolf,USA,SSN,Seawolf,8,LAUNCHER,CML-INTEGRATED,Integrated Launcher,CML-INTEGRATED-US,,Integrated Launcher,GAMEPLAY,GAMEPLAY,GAMEPLAY_POLICY,US_CML_DECOY_LAUNCHER,SOCKET_DECOY_LAUNCHER_01,8,
US_SSN_Seawolf,USA,SSN,Seawolf,8,DEFENSIVE_CONTROL,DC-CONSOLE,Defensive Control Console,DC-CONSOLE-US,,Defensive Control Console,GAMEPLAY,GAMEPLAY,GAMEPLAY_POLICY,US_DCM_CONSOLE,,2,
US_SSN_Seawolf,USA,SSN,Seawolf,8,DEFENSIVE_CONTROL,DC-INTEGRATED-CONTROL,Integrated Defensive Control,DC-INTEGRATED-CONTROL-US,,Integrated Defensive Control,GAMEPLAY,GAMEPLAY,GAMEPLAY_POLICY,US_DCM_CONSOLE,,6,
US_SSN_Seawolf,USA,SSN,Seawolf,8,DEFENSIVE_CONTROL,DC-AUTOMATED,Automated Defensive Control,DC-AUTOMATED-US,,Automated Defensive Control,GAMEPLAY,GAMEPLAY,GAMEPLAY_POLICY,US_DCM_CONSOLE,,8,
US_SSN_Seawolf,USA,SSN,Seawolf,8,INTEGRATED_DEFENSE,IDS-CORE,Integrated Defensive System,IDS-CORE-US,,Integrated Defensive System,GAMEPLAY,GAMEPLAY,GAMEPLAY_POLICY,US_DCM_CONSOLE,,6,
US_SSN_Seawolf,USA,SSN,Seawolf,8,INTEGRATED_DEFENSE,IDS-ADVANCED,Next Generation Defensive System,IDS-ADVANCED-US,,Next Generation Defensive System,GAMEPLAY,GAMEPLAY,GAMEPLAY_POLICY,US_DCM_CONSOLE,,9,
US_SSN_Virginia,USA,SSN,Virginia,9,ESM,ESM-BASIC-DETECTION,Basic Signal Detection,ESM-BASIC-DETECTION-US,,Basic Signal Detection,GAMEPLAY,GAMEPLAY,GAMEPLAY_POLICY,US_EW_ESM_GENERIC,SOCKET_EW_MAST,1,
US_SSN_Virginia,USA,SSN,Virginia,9,ESM,ESM-IMPROVED-DETECTION,Improved Detection,ESM-IMPROVED-DETECTION-US,,Improved Detection,GAMEPLAY,GAMEPLAY,GAMEPLAY_POLICY,US_EW_ESM_GENERIC,SOCKET_EW_MAST,2,
US_SSN_Virginia,USA,SSN,Virginia,9,ESM,ESM-CLASSIFICATION,Signal Classification,ESM-CLASSIFICATION-US,,Signal Classification,GAMEPLAY,GAMEPLAY,GAMEPLAY_POLICY,US_EW_ESM_GENERIC,SOCKET_EW_MAST,3,
US_SSN_Virginia,USA,SSN,Virginia,9,ESM,ESM-DIGITAL,Digital ESM,ESM-DIGITAL-US,AN/BLQ-10,AN/BLQ-10,CONFIRMED,CONFIRMED,https://www.dote.osd.mil/Portals/97/pub/reports/FY2013/navy/2013anblq10.pdf?ver=2019-08-22-111213-470,US_EW_BLQ10,SOCKET_EW_MAST,4,官方测试报告把 AN/BLQ-10 与弗吉尼亚级一同描述。
US_SSN_Virginia,USA,SSN,Virginia,9,ESM,ESM-MULTIBAND,Multi-Band ESM,ESM-MULTIBAND-US,,Multi-Band ESM,GAMEPLAY,GAMEPLAY,GAMEPLAY_POLICY,GEN_EW_ANTENNA_ARRAY,SOCKET_EW_MAST,5,
US_SSN_Virginia,USA,SSN,Virginia,9,ESM,ESM-INTEGRATED,Integrated ESM,ESM-INTEGRATED-US,,Integrated ESM,GAMEPLAY,GAMEPLAY,GAMEPLAY_POLICY,US_EW_ESM_GENERIC,SOCKET_EW_MAST,6,
US_SSN_Virginia,USA,SSN,Virginia,9,ESM,ESM-ADVANCED-THREAT-WARNING,Advanced Threat Warning,ESM-ADVANCED-THREAT-WARNING-US,,Advanced Threat Warning,GAMEPLAY,GAMEPLAY,GAMEPLAY_POLICY,US_EW_ESM_GENERIC,SOCKET_EW_MAST,7,
US_SSN_Virginia,USA,SSN,Virginia,9,ESM,ESM-MULTISENSOR-FUSION,Multi-Sensor Fusion,ESM-MULTISENSOR-FUSION-US,,Multi-Sensor Fusion,GAMEPLAY,GAMEPLAY,GAMEPLAY_POLICY,US_EW_ESM_GENERIC,SOCKET_EW_MAST,8,
US_SSN_Virginia,USA,SSN,Virginia,9,ESM,ESM-ADVANCED-EW,Advanced Integrated EW,ESM-ADVANCED-EW-US,,Advanced Integrated EW,GAMEPLAY,GAMEPLAY,GAMEPLAY_POLICY,US_EW_ESM_GENERIC,SOCKET_EW_MAST,9,
US_SSN_Virginia,USA,SSN,Virginia,9,ESM,ESM-NEXTGEN,Next Generation Defensive Electronic System,ESM-NEXTGEN-US,,Next Generation Defensive Electronic System,GAMEPLAY,GAMEPLAY,GAMEPLAY_POLICY,US_EW_ESM_GENERIC,SOCKET_EW_MAST,10,
US_SSN_Virginia,USA,SSN,Virginia,9,THREAT_WARNING,TW-RADAR-WARNING,Radar Warning,TW-RADAR-WARNING-US,,Radar Warning,GAMEPLAY,GAMEPLAY,GAMEPLAY_POLICY,,SOCKET_EW_ANTENNA,1,
US_SSN_Virginia,USA,SSN,Virginia,9,THREAT_WARNING,TW-ELECTRONIC-WARNING,Electronic Threat Warning,TW-ELECTRONIC-WARNING-US,,Electronic Threat Warning,GAMEPLAY,GAMEPLAY,GAMEPLAY_POLICY,,SOCKET_EW_ANTENNA,3,
US_SSN_Virginia,USA,SSN,Virginia,9,THREAT_WARNING,TW-ACTIVE-SONAR-WARNING,Active Sonar Warning,TW-ACTIVE-SONAR-WARNING-US,AN/WLR-9,Active Sonar Warning,GAMEPLAY,GAMEPLAY,GAMEPLAY_POLICY,,SOCKET_EW_ANTENNA,4,
US_SSN_Virginia,USA,SSN,Virginia,9,THREAT_WARNING,TW-TORPEDO-WARNING,Torpedo Warning,TW-TORPEDO-WARNING-US,,Torpedo Warning,GAMEPLAY,GAMEPLAY,GAMEPLAY_POLICY,GEN_TW_TORPEDO_WARNING_SENSOR,SOCKET_EW_ANTENNA,5,
US_SSN_Virginia,USA,SSN,Virginia,9,THREAT_WARNING,TW-ACOUSTIC-CLASSIFICATION,Acoustic Threat Classification,TW-ACOUSTIC-CLASSIFICATION-US,AN/WLR-9 series (acoustic intercept receivers),Acoustic Threat Classification,GAMEPLAY,GAMEPLAY,GAMEPLAY_POLICY,,SOCKET_EW_ANTENNA,6,
US_SSN_Virginia,USA,SSN,Virginia,9,ACOUSTIC_COUNTERMEASURE,ACM-NOISE-MAKER,Noise Maker,ACM-NOISE-MAKER-US,,Noise Maker,GAMEPLAY,GAMEPLAY,GAMEPLAY_POLICY,GEN_ACM_NOISE_MAKER,SOCKET_COUNTERMEASURE_01,1,
US_SSN_Virginia,USA,SSN,Virginia,9,ACOUSTIC_COUNTERMEASURE,ACM-ACOUSTIC-DECOY,Acoustic Decoy,ACM-ACOUSTIC-DECOY-US,ADC Mk 2 (Acoustic Device Countermeasure),Acoustic Decoy,GAMEPLAY,GAMEPLAY,GAMEPLAY_POLICY,US_ACM_TORPEDO_DECOY,SOCKET_COUNTERMEASURE_01,2,
US_SSN_Virginia,USA,SSN,Virginia,9,ACOUSTIC_COUNTERMEASURE,ACM-TORPEDO-DECOY,Torpedo Decoy,ACM-TORPEDO-DECOY-US,ADC Mk 2,Torpedo Decoy,GAMEPLAY,GAMEPLAY,GAMEPLAY_POLICY,US_ACM_TORPEDO_DECOY,SOCKET_COUNTERMEASURE_01,4,
US_SSN_Virginia,USA,SSN,Virginia,9,ACOUSTIC_COUNTERMEASURE,ACM-MOBILE-DECOY,Mobile Acoustic Decoy,ACM-MOBILE-DECOY-US,,Mobile Acoustic Decoy,GAMEPLAY,GAMEPLAY,GAMEPLAY_POLICY,US_ACM_MOBILE_DECOY,SOCKET_COUNTERMEASURE_01,5,
US_SSN_Virginia,USA,SSN,Virginia,9,ACOUSTIC_COUNTERMEASURE,ACM-ADVANCED,Advanced Acoustic Countermeasure,ACM-ADVANCED-US,,Advanced Acoustic Countermeasure,GAMEPLAY,GAMEPLAY,GAMEPLAY_POLICY,US_ACM_MOBILE_DECOY,SOCKET_COUNTERMEASURE_01,7,
US_SSN_Virginia,USA,SSN,Virginia,9,ACOUSTIC_COUNTERMEASURE,ACM-INTEGRATED,Integrated Acoustic Defense,ACM-INTEGRATED-US,,Integrated Acoustic Defense,GAMEPLAY,GAMEPLAY,GAMEPLAY_POLICY,US_ACM_MOBILE_DECOY,SOCKET_COUNTERMEASURE_01,8,
US_SSN_Virginia,USA,SSN,Virginia,9,DECOY,DEC-PASSIVE,Passive Decoy,DEC-PASSIVE-US,,Passive Decoy,GAMEPLAY,GAMEPLAY,GAMEPLAY_POLICY,,SOCKET_COUNTERMEASURE_02,1,
US_SSN_Virginia,USA,SSN,Virginia,9,DECOY,DEC-ACTIVE,Active Decoy,DEC-ACTIVE-US,,Active Decoy,GAMEPLAY,GAMEPLAY,GAMEPLAY_POLICY,US_ACM_TORPEDO_DECOY,SOCKET_COUNTERMEASURE_02,3,
US_SSN_Virginia,USA,SSN,Virginia,9,DECOY,DEC-ACOUSTIC,Acoustic Decoy,DEC-ACOUSTIC-US,,Acoustic Decoy,GAMEPLAY,GAMEPLAY,GAMEPLAY_POLICY,US_ACM_TORPEDO_DECOY,SOCKET_COUNTERMEASURE_02,2,
US_SSN_Virginia,USA,SSN,Virginia,9,DECOY,DEC-TORPEDO,Torpedo Decoy,DEC-TORPEDO-US,,Torpedo Decoy,GAMEPLAY,GAMEPLAY,GAMEPLAY_POLICY,US_ACM_TORPEDO_DECOY,SOCKET_COUNTERMEASURE_02,4,
US_SSN_Virginia,USA,SSN,Virginia,9,DECOY,DEC-MOBILE,Mobile Decoy,DEC-MOBILE-US,,Mobile Decoy,GAMEPLAY,GAMEPLAY,GAMEPLAY_POLICY,US_ACM_MOBILE_DECOY,SOCKET_COUNTERMEASURE_02,5,
US_SSN_Virginia,USA,SSN,Virginia,9,DECOY,DEC-ADVANCED,Advanced Decoy,DEC-ADVANCED-US,,Advanced Decoy,GAMEPLAY,GAMEPLAY,GAMEPLAY_POLICY,US_ACM_MOBILE_DECOY,SOCKET_COUNTERMEASURE_02,7,
US_SSN_Virginia,USA,SSN,Virginia,9,NOISE_MAKER,NM-EARLY,Early Noise Maker,NM-EARLY-US,,Early Noise Maker,GAMEPLAY,GAMEPLAY,GAMEPLAY_POLICY,GEN_ACM_NOISE_MAKER,SOCKET_COUNTERMEASURE_02,1,
US_SSN_Virginia,USA,SSN,Virginia,9,NOISE_MAKER,NM-IMPROVED,Improved Noise Maker,NM-IMPROVED-US,,Improved Noise Maker,GAMEPLAY,GAMEPLAY,GAMEPLAY_POLICY,GEN_ACM_NOISE_MAKER,SOCKET_COUNTERMEASURE_02,3,
US_SSN_Virginia,USA,SSN,Virginia,9,NOISE_MAKER,NM-MODERN,Modern Noise Maker,NM-MODERN-US,,Modern Noise Maker,GAMEPLAY,GAMEPLAY,GAMEPLAY_POLICY,GEN_ACM_NOISE_MAKER,SOCKET_COUNTERMEASURE_02,6,
US_SSN_Virginia,USA,SSN,Virginia,9,NOISE_MAKER,NM-ADVANCED,Advanced Acoustic Countermeasure,NM-ADVANCED-US,,Advanced Acoustic Countermeasure,GAMEPLAY,GAMEPLAY,GAMEPLAY_POLICY,GEN_ACM_NOISE_MAKER,SOCKET_COUNTERMEASURE_02,8,
US_SSN_Virginia,USA,SSN,Virginia,9,TORPEDO_DEFENSE,TD-WARNING,Torpedo Warning,TD-WARNING-US,,Torpedo Warning,GAMEPLAY,GAMEPLAY,GAMEPLAY_POLICY,GEN_TW_TORPEDO_WARNING_SENSOR,SOCKET_DECOY_LAUNCHER_02,4,
US_SSN_Virginia,USA,SSN,Virginia,9,TORPEDO_DEFENSE,TD-COUNTERMEASURE,Countermeasure,TD-COUNTERMEASURE-US,ADC Mk 2,Countermeasure,GAMEPLAY,GAMEPLAY,GAMEPLAY_POLICY,US_ACM_TORPEDO_DECOY,SOCKET_DECOY_LAUNCHER_02,5,
US_SSN_Virginia,USA,SSN,Virginia,9,TORPEDO_DEFENSE,TD-ADVANCED,Advanced Countermeasure,TD-ADVANCED-US,,Advanced Countermeasure,GAMEPLAY,GAMEPLAY,GAMEPLAY_POLICY,US_ACM_MOBILE_DECOY,SOCKET_DECOY_LAUNCHER_02,7,
US_SSN_Virginia,USA,SSN,Virginia,9,TORPEDO_DEFENSE,TD-INTEGRATED,Integrated Torpedo Defense,TD-INTEGRATED-US,,Integrated Torpedo Defense,GAMEPLAY,GAMEPLAY,GAMEPLAY_POLICY,US_ACM_MOBILE_DECOY,SOCKET_DECOY_LAUNCHER_02,9,
US_SSN_Virginia,USA,SSN,Virginia,9,LAUNCHER,CML-EXTERNAL,External Launcher,CML-EXTERNAL-US,,External Launcher,GAMEPLAY,GAMEPLAY,GAMEPLAY_POLICY,US_CML_DECOY_LAUNCHER,SOCKET_DECOY_LAUNCHER_01,2,
US_SSN_Virginia,USA,SSN,Virginia,9,LAUNCHER,CML-TUBE,Countermeasure Tube,CML-TUBE-US,,Countermeasure Tube,GAMEPLAY,GAMEPLAY,GAMEPLAY_POLICY,GEN_CML_TUBE,SOCKET_DECOY_LAUNCHER_01,3,
US_SSN_Virginia,USA,SSN,Virginia,9,LAUNCHER,CML-ACOUSTIC-DEVICE,Acoustic Device Launcher,CML-ACOUSTIC-DEVICE-US,Internal Countermeasure Launcher (ICL),Acoustic Device Launcher,GAMEPLAY,GAMEPLAY,GAMEPLAY_POLICY,US_CML_DECOY_LAUNCHER,SOCKET_DECOY_LAUNCHER_01,4,
US_SSN_Virginia,USA,SSN,Virginia,9,LAUNCHER,CML-ADVANCED,Advanced Launcher,CML-ADVANCED-US,,Advanced Launcher,GAMEPLAY,GAMEPLAY,GAMEPLAY_POLICY,US_CML_DECOY_LAUNCHER,SOCKET_DECOY_LAUNCHER_01,7,
US_SSN_Virginia,USA,SSN,Virginia,9,LAUNCHER,CML-INTEGRATED,Integrated Launcher,CML-INTEGRATED-US,,Integrated Launcher,GAMEPLAY,GAMEPLAY,GAMEPLAY_POLICY,US_CML_DECOY_LAUNCHER,SOCKET_DECOY_LAUNCHER_01,8,
US_SSN_Virginia,USA,SSN,Virginia,9,DEFENSIVE_CONTROL,DC-CONSOLE,Defensive Control Console,DC-CONSOLE-US,,Defensive Control Console,GAMEPLAY,GAMEPLAY,GAMEPLAY_POLICY,US_DCM_CONSOLE,,2,
US_SSN_Virginia,USA,SSN,Virginia,9,DEFENSIVE_CONTROL,DC-INTEGRATED-CONTROL,Integrated Defensive Control,DC-INTEGRATED-CONTROL-US,,Integrated Defensive Control,GAMEPLAY,GAMEPLAY,GAMEPLAY_POLICY,US_DCM_CONSOLE,,6,
US_SSN_Virginia,USA,SSN,Virginia,9,DEFENSIVE_CONTROL,DC-AUTOMATED,Automated Defensive Control,DC-AUTOMATED-US,,Automated Defensive Control,GAMEPLAY,GAMEPLAY,GAMEPLAY_POLICY,US_DCM_CONSOLE,,8,
US_SSN_Virginia,USA,SSN,Virginia,9,INTEGRATED_DEFENSE,IDS-CORE,Integrated Defensive System,IDS-CORE-US,,Integrated Defensive System,GAMEPLAY,GAMEPLAY,GAMEPLAY_POLICY,US_DCM_CONSOLE,,6,
US_SSN_Virginia,USA,SSN,Virginia,9,INTEGRATED_DEFENSE,IDS-ADVANCED,Next Generation Defensive System,IDS-ADVANCED-US,,Next Generation Defensive System,GAMEPLAY,GAMEPLAY,GAMEPLAY_POLICY,US_DCM_CONSOLE,,9,
US_SSBN_GeorgeWashington,USA,SSBN,George Washington,2,ESM,ESM-BASIC-DETECTION,Basic Signal Detection,ESM-BASIC-DETECTION-US,,Basic Signal Detection,GAMEPLAY,GAMEPLAY,GAMEPLAY_POLICY,US_EW_ESM_GENERIC,SOCKET_EW_MAST,1,
US_SSBN_GeorgeWashington,USA,SSBN,George Washington,2,ESM,ESM-IMPROVED-DETECTION,Improved Detection,ESM-IMPROVED-DETECTION-US,,Improved Detection,GAMEPLAY,GAMEPLAY,GAMEPLAY_POLICY,US_EW_ESM_GENERIC,SOCKET_EW_MAST,2,
US_SSBN_GeorgeWashington,USA,SSBN,George Washington,2,ESM,ESM-CLASSIFICATION,Signal Classification,ESM-CLASSIFICATION-US,,Signal Classification,GAMEPLAY,GAMEPLAY,GAMEPLAY_POLICY,US_EW_ESM_GENERIC,SOCKET_EW_MAST,3,
US_SSBN_GeorgeWashington,USA,SSBN,George Washington,2,ESM,ESM-DIGITAL,Digital ESM,ESM-DIGITAL-US,AN/BLQ-10,Digital ESM,UNKNOWN,UNKNOWN,UNKNOWN_INSUFFICIENT_PUBLIC_DATA,US_EW_BLQ10,SOCKET_EW_MAST,4,
US_SSBN_GeorgeWashington,USA,SSBN,George Washington,2,ESM,ESM-MULTIBAND,Multi-Band ESM,ESM-MULTIBAND-US,,Multi-Band ESM,UNKNOWN,UNKNOWN,UNKNOWN_INSUFFICIENT_PUBLIC_DATA,GEN_EW_ANTENNA_ARRAY,SOCKET_EW_MAST,5,
US_SSBN_GeorgeWashington,USA,SSBN,George Washington,2,ESM,ESM-INTEGRATED,Integrated ESM,ESM-INTEGRATED-US,,Integrated ESM,INCOMPATIBLE,INCOMPATIBLE,ERA_WINDOW_POLICY,US_EW_ESM_GENERIC,SOCKET_EW_MAST,6,
US_SSBN_GeorgeWashington,USA,SSBN,George Washington,2,ESM,ESM-ADVANCED-THREAT-WARNING,Advanced Threat Warning,ESM-ADVANCED-THREAT-WARNING-US,,Advanced Threat Warning,INCOMPATIBLE,INCOMPATIBLE,ERA_WINDOW_POLICY,US_EW_ESM_GENERIC,SOCKET_EW_MAST,7,
US_SSBN_GeorgeWashington,USA,SSBN,George Washington,2,ESM,ESM-MULTISENSOR-FUSION,Multi-Sensor Fusion,ESM-MULTISENSOR-FUSION-US,,Multi-Sensor Fusion,INCOMPATIBLE,INCOMPATIBLE,ERA_WINDOW_POLICY,US_EW_ESM_GENERIC,SOCKET_EW_MAST,8,
US_SSBN_GeorgeWashington,USA,SSBN,George Washington,2,ESM,ESM-ADVANCED-EW,Advanced Integrated EW,ESM-ADVANCED-EW-US,,Advanced Integrated EW,INCOMPATIBLE,INCOMPATIBLE,ERA_WINDOW_POLICY,US_EW_ESM_GENERIC,SOCKET_EW_MAST,9,
US_SSBN_GeorgeWashington,USA,SSBN,George Washington,2,ESM,ESM-NEXTGEN,Next Generation Defensive Electronic System,ESM-NEXTGEN-US,,Next Generation Defensive Electronic System,INCOMPATIBLE,INCOMPATIBLE,ERA_WINDOW_POLICY,US_EW_ESM_GENERIC,SOCKET_EW_MAST,10,
US_SSBN_GeorgeWashington,USA,SSBN,George Washington,2,THREAT_WARNING,TW-RADAR-WARNING,Radar Warning,TW-RADAR-WARNING-US,,Radar Warning,GAMEPLAY,GAMEPLAY,GAMEPLAY_POLICY,,SOCKET_EW_ANTENNA,1,
US_SSBN_GeorgeWashington,USA,SSBN,George Washington,2,THREAT_WARNING,TW-ELECTRONIC-WARNING,Electronic Threat Warning,TW-ELECTRONIC-WARNING-US,,Electronic Threat Warning,GAMEPLAY,GAMEPLAY,GAMEPLAY_POLICY,,SOCKET_EW_ANTENNA,3,
US_SSBN_GeorgeWashington,USA,SSBN,George Washington,2,THREAT_WARNING,TW-ACTIVE-SONAR-WARNING,Active Sonar Warning,TW-ACTIVE-SONAR-WARNING-US,AN/WLR-9,Active Sonar Warning,UNKNOWN,UNKNOWN,UNKNOWN_INSUFFICIENT_PUBLIC_DATA,,SOCKET_EW_ANTENNA,4,
US_SSBN_GeorgeWashington,USA,SSBN,George Washington,2,THREAT_WARNING,TW-TORPEDO-WARNING,Torpedo Warning,TW-TORPEDO-WARNING-US,,Torpedo Warning,UNKNOWN,UNKNOWN,UNKNOWN_INSUFFICIENT_PUBLIC_DATA,GEN_TW_TORPEDO_WARNING_SENSOR,SOCKET_EW_ANTENNA,5,
US_SSBN_GeorgeWashington,USA,SSBN,George Washington,2,THREAT_WARNING,TW-ACOUSTIC-CLASSIFICATION,Acoustic Threat Classification,TW-ACOUSTIC-CLASSIFICATION-US,AN/WLR-9 series (acoustic intercept receivers),Acoustic Threat Classification,INCOMPATIBLE,INCOMPATIBLE,ERA_WINDOW_POLICY,,SOCKET_EW_ANTENNA,6,
US_SSBN_GeorgeWashington,USA,SSBN,George Washington,2,ACOUSTIC_COUNTERMEASURE,ACM-NOISE-MAKER,Noise Maker,ACM-NOISE-MAKER-US,,Noise Maker,GAMEPLAY,GAMEPLAY,GAMEPLAY_POLICY,GEN_ACM_NOISE_MAKER,SOCKET_COUNTERMEASURE_01,1,
US_SSBN_GeorgeWashington,USA,SSBN,George Washington,2,ACOUSTIC_COUNTERMEASURE,ACM-ACOUSTIC-DECOY,Acoustic Decoy,ACM-ACOUSTIC-DECOY-US,ADC Mk 2 (Acoustic Device Countermeasure),Acoustic Decoy,GAMEPLAY,GAMEPLAY,GAMEPLAY_POLICY,US_ACM_TORPEDO_DECOY,SOCKET_COUNTERMEASURE_01,2,
US_SSBN_GeorgeWashington,USA,SSBN,George Washington,2,ACOUSTIC_COUNTERMEASURE,ACM-TORPEDO-DECOY,Torpedo Decoy,ACM-TORPEDO-DECOY-US,ADC Mk 2,Torpedo Decoy,UNKNOWN,UNKNOWN,UNKNOWN_INSUFFICIENT_PUBLIC_DATA,US_ACM_TORPEDO_DECOY,SOCKET_COUNTERMEASURE_01,4,
US_SSBN_GeorgeWashington,USA,SSBN,George Washington,2,ACOUSTIC_COUNTERMEASURE,ACM-MOBILE-DECOY,Mobile Acoustic Decoy,ACM-MOBILE-DECOY-US,,Mobile Acoustic Decoy,UNKNOWN,UNKNOWN,UNKNOWN_INSUFFICIENT_PUBLIC_DATA,US_ACM_MOBILE_DECOY,SOCKET_COUNTERMEASURE_01,5,
US_SSBN_GeorgeWashington,USA,SSBN,George Washington,2,ACOUSTIC_COUNTERMEASURE,ACM-ADVANCED,Advanced Acoustic Countermeasure,ACM-ADVANCED-US,,Advanced Acoustic Countermeasure,INCOMPATIBLE,INCOMPATIBLE,ERA_WINDOW_POLICY,US_ACM_MOBILE_DECOY,SOCKET_COUNTERMEASURE_01,7,
US_SSBN_GeorgeWashington,USA,SSBN,George Washington,2,ACOUSTIC_COUNTERMEASURE,ACM-INTEGRATED,Integrated Acoustic Defense,ACM-INTEGRATED-US,,Integrated Acoustic Defense,INCOMPATIBLE,INCOMPATIBLE,ERA_WINDOW_POLICY,US_ACM_MOBILE_DECOY,SOCKET_COUNTERMEASURE_01,8,
US_SSBN_GeorgeWashington,USA,SSBN,George Washington,2,DECOY,DEC-PASSIVE,Passive Decoy,DEC-PASSIVE-US,,Passive Decoy,GAMEPLAY,GAMEPLAY,GAMEPLAY_POLICY,,SOCKET_COUNTERMEASURE_02,1,
US_SSBN_GeorgeWashington,USA,SSBN,George Washington,2,DECOY,DEC-ACTIVE,Active Decoy,DEC-ACTIVE-US,,Active Decoy,GAMEPLAY,GAMEPLAY,GAMEPLAY_POLICY,US_ACM_TORPEDO_DECOY,SOCKET_COUNTERMEASURE_02,3,
US_SSBN_GeorgeWashington,USA,SSBN,George Washington,2,DECOY,DEC-ACOUSTIC,Acoustic Decoy,DEC-ACOUSTIC-US,,Acoustic Decoy,GAMEPLAY,GAMEPLAY,GAMEPLAY_POLICY,US_ACM_TORPEDO_DECOY,SOCKET_COUNTERMEASURE_02,2,
US_SSBN_GeorgeWashington,USA,SSBN,George Washington,2,DECOY,DEC-TORPEDO,Torpedo Decoy,DEC-TORPEDO-US,,Torpedo Decoy,UNKNOWN,UNKNOWN,UNKNOWN_INSUFFICIENT_PUBLIC_DATA,US_ACM_TORPEDO_DECOY,SOCKET_COUNTERMEASURE_02,4,
US_SSBN_GeorgeWashington,USA,SSBN,George Washington,2,DECOY,DEC-MOBILE,Mobile Decoy,DEC-MOBILE-US,,Mobile Decoy,UNKNOWN,UNKNOWN,UNKNOWN_INSUFFICIENT_PUBLIC_DATA,US_ACM_MOBILE_DECOY,SOCKET_COUNTERMEASURE_02,5,
US_SSBN_GeorgeWashington,USA,SSBN,George Washington,2,DECOY,DEC-ADVANCED,Advanced Decoy,DEC-ADVANCED-US,,Advanced Decoy,INCOMPATIBLE,INCOMPATIBLE,ERA_WINDOW_POLICY,US_ACM_MOBILE_DECOY,SOCKET_COUNTERMEASURE_02,7,
US_SSBN_GeorgeWashington,USA,SSBN,George Washington,2,NOISE_MAKER,NM-EARLY,Early Noise Maker,NM-EARLY-US,,Early Noise Maker,GAMEPLAY,GAMEPLAY,GAMEPLAY_POLICY,GEN_ACM_NOISE_MAKER,SOCKET_COUNTERMEASURE_02,1,
US_SSBN_GeorgeWashington,USA,SSBN,George Washington,2,NOISE_MAKER,NM-IMPROVED,Improved Noise Maker,NM-IMPROVED-US,,Improved Noise Maker,GAMEPLAY,GAMEPLAY,GAMEPLAY_POLICY,GEN_ACM_NOISE_MAKER,SOCKET_COUNTERMEASURE_02,3,
US_SSBN_GeorgeWashington,USA,SSBN,George Washington,2,NOISE_MAKER,NM-MODERN,Modern Noise Maker,NM-MODERN-US,,Modern Noise Maker,INCOMPATIBLE,INCOMPATIBLE,ERA_WINDOW_POLICY,GEN_ACM_NOISE_MAKER,SOCKET_COUNTERMEASURE_02,6,
US_SSBN_GeorgeWashington,USA,SSBN,George Washington,2,NOISE_MAKER,NM-ADVANCED,Advanced Acoustic Countermeasure,NM-ADVANCED-US,,Advanced Acoustic Countermeasure,INCOMPATIBLE,INCOMPATIBLE,ERA_WINDOW_POLICY,GEN_ACM_NOISE_MAKER,SOCKET_COUNTERMEASURE_02,8,
US_SSBN_GeorgeWashington,USA,SSBN,George Washington,2,TORPEDO_DEFENSE,TD-WARNING,Torpedo Warning,TD-WARNING-US,,Torpedo Warning,UNKNOWN,UNKNOWN,UNKNOWN_INSUFFICIENT_PUBLIC_DATA,GEN_TW_TORPEDO_WARNING_SENSOR,SOCKET_DECOY_LAUNCHER_02,4,
US_SSBN_GeorgeWashington,USA,SSBN,George Washington,2,TORPEDO_DEFENSE,TD-COUNTERMEASURE,Countermeasure,TD-COUNTERMEASURE-US,ADC Mk 2,Countermeasure,UNKNOWN,UNKNOWN,UNKNOWN_INSUFFICIENT_PUBLIC_DATA,US_ACM_TORPEDO_DECOY,SOCKET_DECOY_LAUNCHER_02,5,
US_SSBN_GeorgeWashington,USA,SSBN,George Washington,2,TORPEDO_DEFENSE,TD-ADVANCED,Advanced Countermeasure,TD-ADVANCED-US,,Advanced Countermeasure,INCOMPATIBLE,INCOMPATIBLE,ERA_WINDOW_POLICY,US_ACM_MOBILE_DECOY,SOCKET_DECOY_LAUNCHER_02,7,
US_SSBN_GeorgeWashington,USA,SSBN,George Washington,2,TORPEDO_DEFENSE,TD-INTEGRATED,Integrated Torpedo Defense,TD-INTEGRATED-US,,Integrated Torpedo Defense,INCOMPATIBLE,INCOMPATIBLE,ERA_WINDOW_POLICY,US_ACM_MOBILE_DECOY,SOCKET_DECOY_LAUNCHER_02,9,
US_SSBN_GeorgeWashington,USA,SSBN,George Washington,2,LAUNCHER,CML-EXTERNAL,External Launcher,CML-EXTERNAL-US,,External Launcher,GAMEPLAY,GAMEPLAY,GAMEPLAY_POLICY,US_CML_DECOY_LAUNCHER,SOCKET_DECOY_LAUNCHER_01,2,
US_SSBN_GeorgeWashington,USA,SSBN,George Washington,2,LAUNCHER,CML-TUBE,Countermeasure Tube,CML-TUBE-US,,Countermeasure Tube,GAMEPLAY,GAMEPLAY,GAMEPLAY_POLICY,GEN_CML_TUBE,SOCKET_DECOY_LAUNCHER_01,3,
US_SSBN_GeorgeWashington,USA,SSBN,George Washington,2,LAUNCHER,CML-ACOUSTIC-DEVICE,Acoustic Device Launcher,CML-ACOUSTIC-DEVICE-US,Internal Countermeasure Launcher (ICL),Acoustic Device Launcher,UNKNOWN,UNKNOWN,UNKNOWN_INSUFFICIENT_PUBLIC_DATA,US_CML_DECOY_LAUNCHER,SOCKET_DECOY_LAUNCHER_01,4,
US_SSBN_GeorgeWashington,USA,SSBN,George Washington,2,LAUNCHER,CML-ADVANCED,Advanced Launcher,CML-ADVANCED-US,,Advanced Launcher,INCOMPATIBLE,INCOMPATIBLE,ERA_WINDOW_POLICY,US_CML_DECOY_LAUNCHER,SOCKET_DECOY_LAUNCHER_01,7,
US_SSBN_GeorgeWashington,USA,SSBN,George Washington,2,LAUNCHER,CML-INTEGRATED,Integrated Launcher,CML-INTEGRATED-US,,Integrated Launcher,INCOMPATIBLE,INCOMPATIBLE,ERA_WINDOW_POLICY,US_CML_DECOY_LAUNCHER,SOCKET_DECOY_LAUNCHER_01,8,
US_SSBN_GeorgeWashington,USA,SSBN,George Washington,2,DEFENSIVE_CONTROL,DC-CONSOLE,Defensive Control Console,DC-CONSOLE-US,,Defensive Control Console,GAMEPLAY,GAMEPLAY,GAMEPLAY_POLICY,US_DCM_CONSOLE,,2,
US_SSBN_GeorgeWashington,USA,SSBN,George Washington,2,DEFENSIVE_CONTROL,DC-INTEGRATED-CONTROL,Integrated Defensive Control,DC-INTEGRATED-CONTROL-US,,Integrated Defensive Control,INCOMPATIBLE,INCOMPATIBLE,ERA_WINDOW_POLICY,US_DCM_CONSOLE,,6,
US_SSBN_GeorgeWashington,USA,SSBN,George Washington,2,DEFENSIVE_CONTROL,DC-AUTOMATED,Automated Defensive Control,DC-AUTOMATED-US,,Automated Defensive Control,INCOMPATIBLE,INCOMPATIBLE,ERA_WINDOW_POLICY,US_DCM_CONSOLE,,8,
US_SSBN_GeorgeWashington,USA,SSBN,George Washington,2,INTEGRATED_DEFENSE,IDS-CORE,Integrated Defensive System,IDS-CORE-US,,Integrated Defensive System,INCOMPATIBLE,INCOMPATIBLE,ERA_WINDOW_POLICY,US_DCM_CONSOLE,,6,
US_SSBN_GeorgeWashington,USA,SSBN,George Washington,2,INTEGRATED_DEFENSE,IDS-ADVANCED,Next Generation Defensive System,IDS-ADVANCED-US,,Next Generation Defensive System,INCOMPATIBLE,INCOMPATIBLE,ERA_WINDOW_POLICY,US_DCM_CONSOLE,,9,
US_SSBN_EthanAllen,USA,SSBN,Ethan Allen,3,ESM,ESM-BASIC-DETECTION,Basic Signal Detection,ESM-BASIC-DETECTION-US,,Basic Signal Detection,GAMEPLAY,GAMEPLAY,GAMEPLAY_POLICY,US_EW_ESM_GENERIC,SOCKET_EW_MAST,1,
US_SSBN_EthanAllen,USA,SSBN,Ethan Allen,3,ESM,ESM-IMPROVED-DETECTION,Improved Detection,ESM-IMPROVED-DETECTION-US,,Improved Detection,GAMEPLAY,GAMEPLAY,GAMEPLAY_POLICY,US_EW_ESM_GENERIC,SOCKET_EW_MAST,2,
US_SSBN_EthanAllen,USA,SSBN,Ethan Allen,3,ESM,ESM-CLASSIFICATION,Signal Classification,ESM-CLASSIFICATION-US,,Signal Classification,GAMEPLAY,GAMEPLAY,GAMEPLAY_POLICY,US_EW_ESM_GENERIC,SOCKET_EW_MAST,3,
US_SSBN_EthanAllen,USA,SSBN,Ethan Allen,3,ESM,ESM-DIGITAL,Digital ESM,ESM-DIGITAL-US,AN/BLQ-10,Digital ESM,GAMEPLAY,GAMEPLAY,GAMEPLAY_POLICY,US_EW_BLQ10,SOCKET_EW_MAST,4,
US_SSBN_EthanAllen,USA,SSBN,Ethan Allen,3,ESM,ESM-MULTIBAND,Multi-Band ESM,ESM-MULTIBAND-US,,Multi-Band ESM,UNKNOWN,UNKNOWN,UNKNOWN_INSUFFICIENT_PUBLIC_DATA,GEN_EW_ANTENNA_ARRAY,SOCKET_EW_MAST,5,
US_SSBN_EthanAllen,USA,SSBN,Ethan Allen,3,ESM,ESM-INTEGRATED,Integrated ESM,ESM-INTEGRATED-US,,Integrated ESM,UNKNOWN,UNKNOWN,UNKNOWN_INSUFFICIENT_PUBLIC_DATA,US_EW_ESM_GENERIC,SOCKET_EW_MAST,6,
US_SSBN_EthanAllen,USA,SSBN,Ethan Allen,3,ESM,ESM-ADVANCED-THREAT-WARNING,Advanced Threat Warning,ESM-ADVANCED-THREAT-WARNING-US,,Advanced Threat Warning,INCOMPATIBLE,INCOMPATIBLE,ERA_WINDOW_POLICY,US_EW_ESM_GENERIC,SOCKET_EW_MAST,7,
US_SSBN_EthanAllen,USA,SSBN,Ethan Allen,3,ESM,ESM-MULTISENSOR-FUSION,Multi-Sensor Fusion,ESM-MULTISENSOR-FUSION-US,,Multi-Sensor Fusion,INCOMPATIBLE,INCOMPATIBLE,ERA_WINDOW_POLICY,US_EW_ESM_GENERIC,SOCKET_EW_MAST,8,
US_SSBN_EthanAllen,USA,SSBN,Ethan Allen,3,ESM,ESM-ADVANCED-EW,Advanced Integrated EW,ESM-ADVANCED-EW-US,,Advanced Integrated EW,INCOMPATIBLE,INCOMPATIBLE,ERA_WINDOW_POLICY,US_EW_ESM_GENERIC,SOCKET_EW_MAST,9,
US_SSBN_EthanAllen,USA,SSBN,Ethan Allen,3,ESM,ESM-NEXTGEN,Next Generation Defensive Electronic System,ESM-NEXTGEN-US,,Next Generation Defensive Electronic System,INCOMPATIBLE,INCOMPATIBLE,ERA_WINDOW_POLICY,US_EW_ESM_GENERIC,SOCKET_EW_MAST,10,
US_SSBN_EthanAllen,USA,SSBN,Ethan Allen,3,THREAT_WARNING,TW-RADAR-WARNING,Radar Warning,TW-RADAR-WARNING-US,,Radar Warning,GAMEPLAY,GAMEPLAY,GAMEPLAY_POLICY,,SOCKET_EW_ANTENNA,1,
US_SSBN_EthanAllen,USA,SSBN,Ethan Allen,3,THREAT_WARNING,TW-ELECTRONIC-WARNING,Electronic Threat Warning,TW-ELECTRONIC-WARNING-US,,Electronic Threat Warning,GAMEPLAY,GAMEPLAY,GAMEPLAY_POLICY,,SOCKET_EW_ANTENNA,3,
US_SSBN_EthanAllen,USA,SSBN,Ethan Allen,3,THREAT_WARNING,TW-ACTIVE-SONAR-WARNING,Active Sonar Warning,TW-ACTIVE-SONAR-WARNING-US,AN/WLR-9,Active Sonar Warning,GAMEPLAY,GAMEPLAY,GAMEPLAY_POLICY,,SOCKET_EW_ANTENNA,4,
US_SSBN_EthanAllen,USA,SSBN,Ethan Allen,3,THREAT_WARNING,TW-TORPEDO-WARNING,Torpedo Warning,TW-TORPEDO-WARNING-US,,Torpedo Warning,UNKNOWN,UNKNOWN,UNKNOWN_INSUFFICIENT_PUBLIC_DATA,GEN_TW_TORPEDO_WARNING_SENSOR,SOCKET_EW_ANTENNA,5,
US_SSBN_EthanAllen,USA,SSBN,Ethan Allen,3,THREAT_WARNING,TW-ACOUSTIC-CLASSIFICATION,Acoustic Threat Classification,TW-ACOUSTIC-CLASSIFICATION-US,AN/WLR-9 series (acoustic intercept receivers),Acoustic Threat Classification,UNKNOWN,UNKNOWN,UNKNOWN_INSUFFICIENT_PUBLIC_DATA,,SOCKET_EW_ANTENNA,6,
US_SSBN_EthanAllen,USA,SSBN,Ethan Allen,3,ACOUSTIC_COUNTERMEASURE,ACM-NOISE-MAKER,Noise Maker,ACM-NOISE-MAKER-US,,Noise Maker,GAMEPLAY,GAMEPLAY,GAMEPLAY_POLICY,GEN_ACM_NOISE_MAKER,SOCKET_COUNTERMEASURE_01,1,
US_SSBN_EthanAllen,USA,SSBN,Ethan Allen,3,ACOUSTIC_COUNTERMEASURE,ACM-ACOUSTIC-DECOY,Acoustic Decoy,ACM-ACOUSTIC-DECOY-US,ADC Mk 2 (Acoustic Device Countermeasure),Acoustic Decoy,GAMEPLAY,GAMEPLAY,GAMEPLAY_POLICY,US_ACM_TORPEDO_DECOY,SOCKET_COUNTERMEASURE_01,2,
US_SSBN_EthanAllen,USA,SSBN,Ethan Allen,3,ACOUSTIC_COUNTERMEASURE,ACM-TORPEDO-DECOY,Torpedo Decoy,ACM-TORPEDO-DECOY-US,ADC Mk 2,Torpedo Decoy,GAMEPLAY,GAMEPLAY,GAMEPLAY_POLICY,US_ACM_TORPEDO_DECOY,SOCKET_COUNTERMEASURE_01,4,
US_SSBN_EthanAllen,USA,SSBN,Ethan Allen,3,ACOUSTIC_COUNTERMEASURE,ACM-MOBILE-DECOY,Mobile Acoustic Decoy,ACM-MOBILE-DECOY-US,,Mobile Acoustic Decoy,UNKNOWN,UNKNOWN,UNKNOWN_INSUFFICIENT_PUBLIC_DATA,US_ACM_MOBILE_DECOY,SOCKET_COUNTERMEASURE_01,5,
US_SSBN_EthanAllen,USA,SSBN,Ethan Allen,3,ACOUSTIC_COUNTERMEASURE,ACM-ADVANCED,Advanced Acoustic Countermeasure,ACM-ADVANCED-US,,Advanced Acoustic Countermeasure,INCOMPATIBLE,INCOMPATIBLE,ERA_WINDOW_POLICY,US_ACM_MOBILE_DECOY,SOCKET_COUNTERMEASURE_01,7,
US_SSBN_EthanAllen,USA,SSBN,Ethan Allen,3,ACOUSTIC_COUNTERMEASURE,ACM-INTEGRATED,Integrated Acoustic Defense,ACM-INTEGRATED-US,,Integrated Acoustic Defense,INCOMPATIBLE,INCOMPATIBLE,ERA_WINDOW_POLICY,US_ACM_MOBILE_DECOY,SOCKET_COUNTERMEASURE_01,8,
US_SSBN_EthanAllen,USA,SSBN,Ethan Allen,3,DECOY,DEC-PASSIVE,Passive Decoy,DEC-PASSIVE-US,,Passive Decoy,GAMEPLAY,GAMEPLAY,GAMEPLAY_POLICY,,SOCKET_COUNTERMEASURE_02,1,
US_SSBN_EthanAllen,USA,SSBN,Ethan Allen,3,DECOY,DEC-ACTIVE,Active Decoy,DEC-ACTIVE-US,,Active Decoy,GAMEPLAY,GAMEPLAY,GAMEPLAY_POLICY,US_ACM_TORPEDO_DECOY,SOCKET_COUNTERMEASURE_02,3,
US_SSBN_EthanAllen,USA,SSBN,Ethan Allen,3,DECOY,DEC-ACOUSTIC,Acoustic Decoy,DEC-ACOUSTIC-US,,Acoustic Decoy,GAMEPLAY,GAMEPLAY,GAMEPLAY_POLICY,US_ACM_TORPEDO_DECOY,SOCKET_COUNTERMEASURE_02,2,
US_SSBN_EthanAllen,USA,SSBN,Ethan Allen,3,DECOY,DEC-TORPEDO,Torpedo Decoy,DEC-TORPEDO-US,,Torpedo Decoy,GAMEPLAY,GAMEPLAY,GAMEPLAY_POLICY,US_ACM_TORPEDO_DECOY,SOCKET_COUNTERMEASURE_02,4,
US_SSBN_EthanAllen,USA,SSBN,Ethan Allen,3,DECOY,DEC-MOBILE,Mobile Decoy,DEC-MOBILE-US,,Mobile Decoy,UNKNOWN,UNKNOWN,UNKNOWN_INSUFFICIENT_PUBLIC_DATA,US_ACM_MOBILE_DECOY,SOCKET_COUNTERMEASURE_02,5,
US_SSBN_EthanAllen,USA,SSBN,Ethan Allen,3,DECOY,DEC-ADVANCED,Advanced Decoy,DEC-ADVANCED-US,,Advanced Decoy,INCOMPATIBLE,INCOMPATIBLE,ERA_WINDOW_POLICY,US_ACM_MOBILE_DECOY,SOCKET_COUNTERMEASURE_02,7,
US_SSBN_EthanAllen,USA,SSBN,Ethan Allen,3,NOISE_MAKER,NM-EARLY,Early Noise Maker,NM-EARLY-US,,Early Noise Maker,GAMEPLAY,GAMEPLAY,GAMEPLAY_POLICY,GEN_ACM_NOISE_MAKER,SOCKET_COUNTERMEASURE_02,1,
US_SSBN_EthanAllen,USA,SSBN,Ethan Allen,3,NOISE_MAKER,NM-IMPROVED,Improved Noise Maker,NM-IMPROVED-US,,Improved Noise Maker,GAMEPLAY,GAMEPLAY,GAMEPLAY_POLICY,GEN_ACM_NOISE_MAKER,SOCKET_COUNTERMEASURE_02,3,
US_SSBN_EthanAllen,USA,SSBN,Ethan Allen,3,NOISE_MAKER,NM-MODERN,Modern Noise Maker,NM-MODERN-US,,Modern Noise Maker,UNKNOWN,UNKNOWN,UNKNOWN_INSUFFICIENT_PUBLIC_DATA,GEN_ACM_NOISE_MAKER,SOCKET_COUNTERMEASURE_02,6,
US_SSBN_EthanAllen,USA,SSBN,Ethan Allen,3,NOISE_MAKER,NM-ADVANCED,Advanced Acoustic Countermeasure,NM-ADVANCED-US,,Advanced Acoustic Countermeasure,INCOMPATIBLE,INCOMPATIBLE,ERA_WINDOW_POLICY,GEN_ACM_NOISE_MAKER,SOCKET_COUNTERMEASURE_02,8,
US_SSBN_EthanAllen,USA,SSBN,Ethan Allen,3,TORPEDO_DEFENSE,TD-WARNING,Torpedo Warning,TD-WARNING-US,,Torpedo Warning,GAMEPLAY,GAMEPLAY,GAMEPLAY_POLICY,GEN_TW_TORPEDO_WARNING_SENSOR,SOCKET_DECOY_LAUNCHER_02,4,
US_SSBN_EthanAllen,USA,SSBN,Ethan Allen,3,TORPEDO_DEFENSE,TD-COUNTERMEASURE,Countermeasure,TD-COUNTERMEASURE-US,ADC Mk 2,Countermeasure,UNKNOWN,UNKNOWN,UNKNOWN_INSUFFICIENT_PUBLIC_DATA,US_ACM_TORPEDO_DECOY,SOCKET_DECOY_LAUNCHER_02,5,
US_SSBN_EthanAllen,USA,SSBN,Ethan Allen,3,TORPEDO_DEFENSE,TD-ADVANCED,Advanced Countermeasure,TD-ADVANCED-US,,Advanced Countermeasure,INCOMPATIBLE,INCOMPATIBLE,ERA_WINDOW_POLICY,US_ACM_MOBILE_DECOY,SOCKET_DECOY_LAUNCHER_02,7,
US_SSBN_EthanAllen,USA,SSBN,Ethan Allen,3,TORPEDO_DEFENSE,TD-INTEGRATED,Integrated Torpedo Defense,TD-INTEGRATED-US,,Integrated Torpedo Defense,INCOMPATIBLE,INCOMPATIBLE,ERA_WINDOW_POLICY,US_ACM_MOBILE_DECOY,SOCKET_DECOY_LAUNCHER_02,9,
US_SSBN_EthanAllen,USA,SSBN,Ethan Allen,3,LAUNCHER,CML-EXTERNAL,External Launcher,CML-EXTERNAL-US,,External Launcher,GAMEPLAY,GAMEPLAY,GAMEPLAY_POLICY,US_CML_DECOY_LAUNCHER,SOCKET_DECOY_LAUNCHER_01,2,
US_SSBN_EthanAllen,USA,SSBN,Ethan Allen,3,LAUNCHER,CML-TUBE,Countermeasure Tube,CML-TUBE-US,,Countermeasure Tube,GAMEPLAY,GAMEPLAY,GAMEPLAY_POLICY,GEN_CML_TUBE,SOCKET_DECOY_LAUNCHER_01,3,
US_SSBN_EthanAllen,USA,SSBN,Ethan Allen,3,LAUNCHER,CML-ACOUSTIC-DEVICE,Acoustic Device Launcher,CML-ACOUSTIC-DEVICE-US,Internal Countermeasure Launcher (ICL),Acoustic Device Launcher,GAMEPLAY,GAMEPLAY,GAMEPLAY_POLICY,US_CML_DECOY_LAUNCHER,SOCKET_DECOY_LAUNCHER_01,4,
US_SSBN_EthanAllen,USA,SSBN,Ethan Allen,3,LAUNCHER,CML-ADVANCED,Advanced Launcher,CML-ADVANCED-US,,Advanced Launcher,INCOMPATIBLE,INCOMPATIBLE,ERA_WINDOW_POLICY,US_CML_DECOY_LAUNCHER,SOCKET_DECOY_LAUNCHER_01,7,
US_SSBN_EthanAllen,USA,SSBN,Ethan Allen,3,LAUNCHER,CML-INTEGRATED,Integrated Launcher,CML-INTEGRATED-US,,Integrated Launcher,INCOMPATIBLE,INCOMPATIBLE,ERA_WINDOW_POLICY,US_CML_DECOY_LAUNCHER,SOCKET_DECOY_LAUNCHER_01,8,
US_SSBN_EthanAllen,USA,SSBN,Ethan Allen,3,DEFENSIVE_CONTROL,DC-CONSOLE,Defensive Control Console,DC-CONSOLE-US,,Defensive Control Console,GAMEPLAY,GAMEPLAY,GAMEPLAY_POLICY,US_DCM_CONSOLE,,2,
US_SSBN_EthanAllen,USA,SSBN,Ethan Allen,3,DEFENSIVE_CONTROL,DC-INTEGRATED-CONTROL,Integrated Defensive Control,DC-INTEGRATED-CONTROL-US,,Integrated Defensive Control,UNKNOWN,UNKNOWN,UNKNOWN_INSUFFICIENT_PUBLIC_DATA,US_DCM_CONSOLE,,6,
US_SSBN_EthanAllen,USA,SSBN,Ethan Allen,3,DEFENSIVE_CONTROL,DC-AUTOMATED,Automated Defensive Control,DC-AUTOMATED-US,,Automated Defensive Control,INCOMPATIBLE,INCOMPATIBLE,ERA_WINDOW_POLICY,US_DCM_CONSOLE,,8,
US_SSBN_EthanAllen,USA,SSBN,Ethan Allen,3,INTEGRATED_DEFENSE,IDS-CORE,Integrated Defensive System,IDS-CORE-US,,Integrated Defensive System,UNKNOWN,UNKNOWN,UNKNOWN_INSUFFICIENT_PUBLIC_DATA,US_DCM_CONSOLE,,6,
US_SSBN_EthanAllen,USA,SSBN,Ethan Allen,3,INTEGRATED_DEFENSE,IDS-ADVANCED,Next Generation Defensive System,IDS-ADVANCED-US,,Next Generation Defensive System,INCOMPATIBLE,INCOMPATIBLE,ERA_WINDOW_POLICY,US_DCM_CONSOLE,,9,
US_SSBN_Lafayette,USA,SSBN,Lafayette,4,ESM,ESM-BASIC-DETECTION,Basic Signal Detection,ESM-BASIC-DETECTION-US,,Basic Signal Detection,GAMEPLAY,GAMEPLAY,GAMEPLAY_POLICY,US_EW_ESM_GENERIC,SOCKET_EW_MAST,1,
US_SSBN_Lafayette,USA,SSBN,Lafayette,4,ESM,ESM-IMPROVED-DETECTION,Improved Detection,ESM-IMPROVED-DETECTION-US,,Improved Detection,GAMEPLAY,GAMEPLAY,GAMEPLAY_POLICY,US_EW_ESM_GENERIC,SOCKET_EW_MAST,2,
US_SSBN_Lafayette,USA,SSBN,Lafayette,4,ESM,ESM-CLASSIFICATION,Signal Classification,ESM-CLASSIFICATION-US,,Signal Classification,GAMEPLAY,GAMEPLAY,GAMEPLAY_POLICY,US_EW_ESM_GENERIC,SOCKET_EW_MAST,3,
US_SSBN_Lafayette,USA,SSBN,Lafayette,4,ESM,ESM-DIGITAL,Digital ESM,ESM-DIGITAL-US,AN/BLQ-10,Digital ESM,GAMEPLAY,GAMEPLAY,GAMEPLAY_POLICY,US_EW_BLQ10,SOCKET_EW_MAST,4,
US_SSBN_Lafayette,USA,SSBN,Lafayette,4,ESM,ESM-MULTIBAND,Multi-Band ESM,ESM-MULTIBAND-US,,Multi-Band ESM,GAMEPLAY,GAMEPLAY,GAMEPLAY_POLICY,GEN_EW_ANTENNA_ARRAY,SOCKET_EW_MAST,5,
US_SSBN_Lafayette,USA,SSBN,Lafayette,4,ESM,ESM-INTEGRATED,Integrated ESM,ESM-INTEGRATED-US,,Integrated ESM,UNKNOWN,UNKNOWN,UNKNOWN_INSUFFICIENT_PUBLIC_DATA,US_EW_ESM_GENERIC,SOCKET_EW_MAST,6,
US_SSBN_Lafayette,USA,SSBN,Lafayette,4,ESM,ESM-ADVANCED-THREAT-WARNING,Advanced Threat Warning,ESM-ADVANCED-THREAT-WARNING-US,,Advanced Threat Warning,UNKNOWN,UNKNOWN,UNKNOWN_INSUFFICIENT_PUBLIC_DATA,US_EW_ESM_GENERIC,SOCKET_EW_MAST,7,
US_SSBN_Lafayette,USA,SSBN,Lafayette,4,ESM,ESM-MULTISENSOR-FUSION,Multi-Sensor Fusion,ESM-MULTISENSOR-FUSION-US,,Multi-Sensor Fusion,INCOMPATIBLE,INCOMPATIBLE,ERA_WINDOW_POLICY,US_EW_ESM_GENERIC,SOCKET_EW_MAST,8,
US_SSBN_Lafayette,USA,SSBN,Lafayette,4,ESM,ESM-ADVANCED-EW,Advanced Integrated EW,ESM-ADVANCED-EW-US,,Advanced Integrated EW,INCOMPATIBLE,INCOMPATIBLE,ERA_WINDOW_POLICY,US_EW_ESM_GENERIC,SOCKET_EW_MAST,9,
US_SSBN_Lafayette,USA,SSBN,Lafayette,4,ESM,ESM-NEXTGEN,Next Generation Defensive Electronic System,ESM-NEXTGEN-US,,Next Generation Defensive Electronic System,INCOMPATIBLE,INCOMPATIBLE,ERA_WINDOW_POLICY,US_EW_ESM_GENERIC,SOCKET_EW_MAST,10,
US_SSBN_Lafayette,USA,SSBN,Lafayette,4,THREAT_WARNING,TW-RADAR-WARNING,Radar Warning,TW-RADAR-WARNING-US,,Radar Warning,GAMEPLAY,GAMEPLAY,GAMEPLAY_POLICY,,SOCKET_EW_ANTENNA,1,
US_SSBN_Lafayette,USA,SSBN,Lafayette,4,THREAT_WARNING,TW-ELECTRONIC-WARNING,Electronic Threat Warning,TW-ELECTRONIC-WARNING-US,,Electronic Threat Warning,GAMEPLAY,GAMEPLAY,GAMEPLAY_POLICY,,SOCKET_EW_ANTENNA,3,
US_SSBN_Lafayette,USA,SSBN,Lafayette,4,THREAT_WARNING,TW-ACTIVE-SONAR-WARNING,Active Sonar Warning,TW-ACTIVE-SONAR-WARNING-US,AN/WLR-9,Active Sonar Warning,GAMEPLAY,GAMEPLAY,GAMEPLAY_POLICY,,SOCKET_EW_ANTENNA,4,
US_SSBN_Lafayette,USA,SSBN,Lafayette,4,THREAT_WARNING,TW-TORPEDO-WARNING,Torpedo Warning,TW-TORPEDO-WARNING-US,,Torpedo Warning,GAMEPLAY,GAMEPLAY,GAMEPLAY_POLICY,GEN_TW_TORPEDO_WARNING_SENSOR,SOCKET_EW_ANTENNA,5,
US_SSBN_Lafayette,USA,SSBN,Lafayette,4,THREAT_WARNING,TW-ACOUSTIC-CLASSIFICATION,Acoustic Threat Classification,TW-ACOUSTIC-CLASSIFICATION-US,AN/WLR-9 series (acoustic intercept receivers),Acoustic Threat Classification,UNKNOWN,UNKNOWN,UNKNOWN_INSUFFICIENT_PUBLIC_DATA,,SOCKET_EW_ANTENNA,6,
US_SSBN_Lafayette,USA,SSBN,Lafayette,4,ACOUSTIC_COUNTERMEASURE,ACM-NOISE-MAKER,Noise Maker,ACM-NOISE-MAKER-US,,Noise Maker,GAMEPLAY,GAMEPLAY,GAMEPLAY_POLICY,GEN_ACM_NOISE_MAKER,SOCKET_COUNTERMEASURE_01,1,
US_SSBN_Lafayette,USA,SSBN,Lafayette,4,ACOUSTIC_COUNTERMEASURE,ACM-ACOUSTIC-DECOY,Acoustic Decoy,ACM-ACOUSTIC-DECOY-US,ADC Mk 2 (Acoustic Device Countermeasure),Acoustic Decoy,GAMEPLAY,GAMEPLAY,GAMEPLAY_POLICY,US_ACM_TORPEDO_DECOY,SOCKET_COUNTERMEASURE_01,2,
US_SSBN_Lafayette,USA,SSBN,Lafayette,4,ACOUSTIC_COUNTERMEASURE,ACM-TORPEDO-DECOY,Torpedo Decoy,ACM-TORPEDO-DECOY-US,ADC Mk 2,Torpedo Decoy,GAMEPLAY,GAMEPLAY,GAMEPLAY_POLICY,US_ACM_TORPEDO_DECOY,SOCKET_COUNTERMEASURE_01,4,
US_SSBN_Lafayette,USA,SSBN,Lafayette,4,ACOUSTIC_COUNTERMEASURE,ACM-MOBILE-DECOY,Mobile Acoustic Decoy,ACM-MOBILE-DECOY-US,,Mobile Acoustic Decoy,GAMEPLAY,GAMEPLAY,GAMEPLAY_POLICY,US_ACM_MOBILE_DECOY,SOCKET_COUNTERMEASURE_01,5,
US_SSBN_Lafayette,USA,SSBN,Lafayette,4,ACOUSTIC_COUNTERMEASURE,ACM-ADVANCED,Advanced Acoustic Countermeasure,ACM-ADVANCED-US,,Advanced Acoustic Countermeasure,UNKNOWN,UNKNOWN,UNKNOWN_INSUFFICIENT_PUBLIC_DATA,US_ACM_MOBILE_DECOY,SOCKET_COUNTERMEASURE_01,7,
US_SSBN_Lafayette,USA,SSBN,Lafayette,4,ACOUSTIC_COUNTERMEASURE,ACM-INTEGRATED,Integrated Acoustic Defense,ACM-INTEGRATED-US,,Integrated Acoustic Defense,INCOMPATIBLE,INCOMPATIBLE,ERA_WINDOW_POLICY,US_ACM_MOBILE_DECOY,SOCKET_COUNTERMEASURE_01,8,
US_SSBN_Lafayette,USA,SSBN,Lafayette,4,DECOY,DEC-PASSIVE,Passive Decoy,DEC-PASSIVE-US,,Passive Decoy,GAMEPLAY,GAMEPLAY,GAMEPLAY_POLICY,,SOCKET_COUNTERMEASURE_02,1,
US_SSBN_Lafayette,USA,SSBN,Lafayette,4,DECOY,DEC-ACTIVE,Active Decoy,DEC-ACTIVE-US,,Active Decoy,GAMEPLAY,GAMEPLAY,GAMEPLAY_POLICY,US_ACM_TORPEDO_DECOY,SOCKET_COUNTERMEASURE_02,3,
US_SSBN_Lafayette,USA,SSBN,Lafayette,4,DECOY,DEC-ACOUSTIC,Acoustic Decoy,DEC-ACOUSTIC-US,,Acoustic Decoy,GAMEPLAY,GAMEPLAY,GAMEPLAY_POLICY,US_ACM_TORPEDO_DECOY,SOCKET_COUNTERMEASURE_02,2,
US_SSBN_Lafayette,USA,SSBN,Lafayette,4,DECOY,DEC-TORPEDO,Torpedo Decoy,DEC-TORPEDO-US,,Torpedo Decoy,GAMEPLAY,GAMEPLAY,GAMEPLAY_POLICY,US_ACM_TORPEDO_DECOY,SOCKET_COUNTERMEASURE_02,4,
US_SSBN_Lafayette,USA,SSBN,Lafayette,4,DECOY,DEC-MOBILE,Mobile Decoy,DEC-MOBILE-US,,Mobile Decoy,GAMEPLAY,GAMEPLAY,GAMEPLAY_POLICY,US_ACM_MOBILE_DECOY,SOCKET_COUNTERMEASURE_02,5,
US_SSBN_Lafayette,USA,SSBN,Lafayette,4,DECOY,DEC-ADVANCED,Advanced Decoy,DEC-ADVANCED-US,,Advanced Decoy,UNKNOWN,UNKNOWN,UNKNOWN_INSUFFICIENT_PUBLIC_DATA,US_ACM_MOBILE_DECOY,SOCKET_COUNTERMEASURE_02,7,
US_SSBN_Lafayette,USA,SSBN,Lafayette,4,NOISE_MAKER,NM-EARLY,Early Noise Maker,NM-EARLY-US,,Early Noise Maker,GAMEPLAY,GAMEPLAY,GAMEPLAY_POLICY,GEN_ACM_NOISE_MAKER,SOCKET_COUNTERMEASURE_02,1,
US_SSBN_Lafayette,USA,SSBN,Lafayette,4,NOISE_MAKER,NM-IMPROVED,Improved Noise Maker,NM-IMPROVED-US,,Improved Noise Maker,GAMEPLAY,GAMEPLAY,GAMEPLAY_POLICY,GEN_ACM_NOISE_MAKER,SOCKET_COUNTERMEASURE_02,3,
US_SSBN_Lafayette,USA,SSBN,Lafayette,4,NOISE_MAKER,NM-MODERN,Modern Noise Maker,NM-MODERN-US,,Modern Noise Maker,UNKNOWN,UNKNOWN,UNKNOWN_INSUFFICIENT_PUBLIC_DATA,GEN_ACM_NOISE_MAKER,SOCKET_COUNTERMEASURE_02,6,
US_SSBN_Lafayette,USA,SSBN,Lafayette,4,NOISE_MAKER,NM-ADVANCED,Advanced Acoustic Countermeasure,NM-ADVANCED-US,,Advanced Acoustic Countermeasure,INCOMPATIBLE,INCOMPATIBLE,ERA_WINDOW_POLICY,GEN_ACM_NOISE_MAKER,SOCKET_COUNTERMEASURE_02,8,
US_SSBN_Lafayette,USA,SSBN,Lafayette,4,TORPEDO_DEFENSE,TD-WARNING,Torpedo Warning,TD-WARNING-US,,Torpedo Warning,GAMEPLAY,GAMEPLAY,GAMEPLAY_POLICY,GEN_TW_TORPEDO_WARNING_SENSOR,SOCKET_DECOY_LAUNCHER_02,4,
US_SSBN_Lafayette,USA,SSBN,Lafayette,4,TORPEDO_DEFENSE,TD-COUNTERMEASURE,Countermeasure,TD-COUNTERMEASURE-US,ADC Mk 2,Countermeasure,GAMEPLAY,GAMEPLAY,GAMEPLAY_POLICY,US_ACM_TORPEDO_DECOY,SOCKET_DECOY_LAUNCHER_02,5,
US_SSBN_Lafayette,USA,SSBN,Lafayette,4,TORPEDO_DEFENSE,TD-ADVANCED,Advanced Countermeasure,TD-ADVANCED-US,,Advanced Countermeasure,UNKNOWN,UNKNOWN,UNKNOWN_INSUFFICIENT_PUBLIC_DATA,US_ACM_MOBILE_DECOY,SOCKET_DECOY_LAUNCHER_02,7,
US_SSBN_Lafayette,USA,SSBN,Lafayette,4,TORPEDO_DEFENSE,TD-INTEGRATED,Integrated Torpedo Defense,TD-INTEGRATED-US,,Integrated Torpedo Defense,INCOMPATIBLE,INCOMPATIBLE,ERA_WINDOW_POLICY,US_ACM_MOBILE_DECOY,SOCKET_DECOY_LAUNCHER_02,9,
US_SSBN_Lafayette,USA,SSBN,Lafayette,4,LAUNCHER,CML-EXTERNAL,External Launcher,CML-EXTERNAL-US,,External Launcher,GAMEPLAY,GAMEPLAY,GAMEPLAY_POLICY,US_CML_DECOY_LAUNCHER,SOCKET_DECOY_LAUNCHER_01,2,
US_SSBN_Lafayette,USA,SSBN,Lafayette,4,LAUNCHER,CML-TUBE,Countermeasure Tube,CML-TUBE-US,,Countermeasure Tube,GAMEPLAY,GAMEPLAY,GAMEPLAY_POLICY,GEN_CML_TUBE,SOCKET_DECOY_LAUNCHER_01,3,
US_SSBN_Lafayette,USA,SSBN,Lafayette,4,LAUNCHER,CML-ACOUSTIC-DEVICE,Acoustic Device Launcher,CML-ACOUSTIC-DEVICE-US,Internal Countermeasure Launcher (ICL),Acoustic Device Launcher,GAMEPLAY,GAMEPLAY,GAMEPLAY_POLICY,US_CML_DECOY_LAUNCHER,SOCKET_DECOY_LAUNCHER_01,4,
US_SSBN_Lafayette,USA,SSBN,Lafayette,4,LAUNCHER,CML-ADVANCED,Advanced Launcher,CML-ADVANCED-US,,Advanced Launcher,UNKNOWN,UNKNOWN,UNKNOWN_INSUFFICIENT_PUBLIC_DATA,US_CML_DECOY_LAUNCHER,SOCKET_DECOY_LAUNCHER_01,7,
US_SSBN_Lafayette,USA,SSBN,Lafayette,4,LAUNCHER,CML-INTEGRATED,Integrated Launcher,CML-INTEGRATED-US,,Integrated Launcher,INCOMPATIBLE,INCOMPATIBLE,ERA_WINDOW_POLICY,US_CML_DECOY_LAUNCHER,SOCKET_DECOY_LAUNCHER_01,8,
US_SSBN_Lafayette,USA,SSBN,Lafayette,4,DEFENSIVE_CONTROL,DC-CONSOLE,Defensive Control Console,DC-CONSOLE-US,,Defensive Control Console,GAMEPLAY,GAMEPLAY,GAMEPLAY_POLICY,US_DCM_CONSOLE,,2,
US_SSBN_Lafayette,USA,SSBN,Lafayette,4,DEFENSIVE_CONTROL,DC-INTEGRATED-CONTROL,Integrated Defensive Control,DC-INTEGRATED-CONTROL-US,,Integrated Defensive Control,UNKNOWN,UNKNOWN,UNKNOWN_INSUFFICIENT_PUBLIC_DATA,US_DCM_CONSOLE,,6,
US_SSBN_Lafayette,USA,SSBN,Lafayette,4,DEFENSIVE_CONTROL,DC-AUTOMATED,Automated Defensive Control,DC-AUTOMATED-US,,Automated Defensive Control,INCOMPATIBLE,INCOMPATIBLE,ERA_WINDOW_POLICY,US_DCM_CONSOLE,,8,
US_SSBN_Lafayette,USA,SSBN,Lafayette,4,INTEGRATED_DEFENSE,IDS-CORE,Integrated Defensive System,IDS-CORE-US,,Integrated Defensive System,UNKNOWN,UNKNOWN,UNKNOWN_INSUFFICIENT_PUBLIC_DATA,US_DCM_CONSOLE,,6,
US_SSBN_Lafayette,USA,SSBN,Lafayette,4,INTEGRATED_DEFENSE,IDS-ADVANCED,Next Generation Defensive System,IDS-ADVANCED-US,,Next Generation Defensive System,INCOMPATIBLE,INCOMPATIBLE,ERA_WINDOW_POLICY,US_DCM_CONSOLE,,9,
US_SSBN_JamesMadison,USA,SSBN,James Madison,4,ESM,ESM-BASIC-DETECTION,Basic Signal Detection,ESM-BASIC-DETECTION-US,,Basic Signal Detection,GAMEPLAY,GAMEPLAY,GAMEPLAY_POLICY,US_EW_ESM_GENERIC,SOCKET_EW_MAST,1,
US_SSBN_JamesMadison,USA,SSBN,James Madison,4,ESM,ESM-IMPROVED-DETECTION,Improved Detection,ESM-IMPROVED-DETECTION-US,,Improved Detection,GAMEPLAY,GAMEPLAY,GAMEPLAY_POLICY,US_EW_ESM_GENERIC,SOCKET_EW_MAST,2,
US_SSBN_JamesMadison,USA,SSBN,James Madison,4,ESM,ESM-CLASSIFICATION,Signal Classification,ESM-CLASSIFICATION-US,,Signal Classification,GAMEPLAY,GAMEPLAY,GAMEPLAY_POLICY,US_EW_ESM_GENERIC,SOCKET_EW_MAST,3,
US_SSBN_JamesMadison,USA,SSBN,James Madison,4,ESM,ESM-DIGITAL,Digital ESM,ESM-DIGITAL-US,AN/BLQ-10,Digital ESM,GAMEPLAY,GAMEPLAY,GAMEPLAY_POLICY,US_EW_BLQ10,SOCKET_EW_MAST,4,
US_SSBN_JamesMadison,USA,SSBN,James Madison,4,ESM,ESM-MULTIBAND,Multi-Band ESM,ESM-MULTIBAND-US,,Multi-Band ESM,GAMEPLAY,GAMEPLAY,GAMEPLAY_POLICY,GEN_EW_ANTENNA_ARRAY,SOCKET_EW_MAST,5,
US_SSBN_JamesMadison,USA,SSBN,James Madison,4,ESM,ESM-INTEGRATED,Integrated ESM,ESM-INTEGRATED-US,,Integrated ESM,UNKNOWN,UNKNOWN,UNKNOWN_INSUFFICIENT_PUBLIC_DATA,US_EW_ESM_GENERIC,SOCKET_EW_MAST,6,
US_SSBN_JamesMadison,USA,SSBN,James Madison,4,ESM,ESM-ADVANCED-THREAT-WARNING,Advanced Threat Warning,ESM-ADVANCED-THREAT-WARNING-US,,Advanced Threat Warning,UNKNOWN,UNKNOWN,UNKNOWN_INSUFFICIENT_PUBLIC_DATA,US_EW_ESM_GENERIC,SOCKET_EW_MAST,7,
US_SSBN_JamesMadison,USA,SSBN,James Madison,4,ESM,ESM-MULTISENSOR-FUSION,Multi-Sensor Fusion,ESM-MULTISENSOR-FUSION-US,,Multi-Sensor Fusion,INCOMPATIBLE,INCOMPATIBLE,ERA_WINDOW_POLICY,US_EW_ESM_GENERIC,SOCKET_EW_MAST,8,
US_SSBN_JamesMadison,USA,SSBN,James Madison,4,ESM,ESM-ADVANCED-EW,Advanced Integrated EW,ESM-ADVANCED-EW-US,,Advanced Integrated EW,INCOMPATIBLE,INCOMPATIBLE,ERA_WINDOW_POLICY,US_EW_ESM_GENERIC,SOCKET_EW_MAST,9,
US_SSBN_JamesMadison,USA,SSBN,James Madison,4,ESM,ESM-NEXTGEN,Next Generation Defensive Electronic System,ESM-NEXTGEN-US,,Next Generation Defensive Electronic System,INCOMPATIBLE,INCOMPATIBLE,ERA_WINDOW_POLICY,US_EW_ESM_GENERIC,SOCKET_EW_MAST,10,
US_SSBN_JamesMadison,USA,SSBN,James Madison,4,THREAT_WARNING,TW-RADAR-WARNING,Radar Warning,TW-RADAR-WARNING-US,,Radar Warning,GAMEPLAY,GAMEPLAY,GAMEPLAY_POLICY,,SOCKET_EW_ANTENNA,1,
US_SSBN_JamesMadison,USA,SSBN,James Madison,4,THREAT_WARNING,TW-ELECTRONIC-WARNING,Electronic Threat Warning,TW-ELECTRONIC-WARNING-US,,Electronic Threat Warning,GAMEPLAY,GAMEPLAY,GAMEPLAY_POLICY,,SOCKET_EW_ANTENNA,3,
US_SSBN_JamesMadison,USA,SSBN,James Madison,4,THREAT_WARNING,TW-ACTIVE-SONAR-WARNING,Active Sonar Warning,TW-ACTIVE-SONAR-WARNING-US,AN/WLR-9,Active Sonar Warning,GAMEPLAY,GAMEPLAY,GAMEPLAY_POLICY,,SOCKET_EW_ANTENNA,4,
US_SSBN_JamesMadison,USA,SSBN,James Madison,4,THREAT_WARNING,TW-TORPEDO-WARNING,Torpedo Warning,TW-TORPEDO-WARNING-US,,Torpedo Warning,GAMEPLAY,GAMEPLAY,GAMEPLAY_POLICY,GEN_TW_TORPEDO_WARNING_SENSOR,SOCKET_EW_ANTENNA,5,
US_SSBN_JamesMadison,USA,SSBN,James Madison,4,THREAT_WARNING,TW-ACOUSTIC-CLASSIFICATION,Acoustic Threat Classification,TW-ACOUSTIC-CLASSIFICATION-US,AN/WLR-9 series (acoustic intercept receivers),Acoustic Threat Classification,UNKNOWN,UNKNOWN,UNKNOWN_INSUFFICIENT_PUBLIC_DATA,,SOCKET_EW_ANTENNA,6,
US_SSBN_JamesMadison,USA,SSBN,James Madison,4,ACOUSTIC_COUNTERMEASURE,ACM-NOISE-MAKER,Noise Maker,ACM-NOISE-MAKER-US,,Noise Maker,GAMEPLAY,GAMEPLAY,GAMEPLAY_POLICY,GEN_ACM_NOISE_MAKER,SOCKET_COUNTERMEASURE_01,1,
US_SSBN_JamesMadison,USA,SSBN,James Madison,4,ACOUSTIC_COUNTERMEASURE,ACM-ACOUSTIC-DECOY,Acoustic Decoy,ACM-ACOUSTIC-DECOY-US,ADC Mk 2 (Acoustic Device Countermeasure),Acoustic Decoy,GAMEPLAY,GAMEPLAY,GAMEPLAY_POLICY,US_ACM_TORPEDO_DECOY,SOCKET_COUNTERMEASURE_01,2,
US_SSBN_JamesMadison,USA,SSBN,James Madison,4,ACOUSTIC_COUNTERMEASURE,ACM-TORPEDO-DECOY,Torpedo Decoy,ACM-TORPEDO-DECOY-US,ADC Mk 2,Torpedo Decoy,GAMEPLAY,GAMEPLAY,GAMEPLAY_POLICY,US_ACM_TORPEDO_DECOY,SOCKET_COUNTERMEASURE_01,4,
US_SSBN_JamesMadison,USA,SSBN,James Madison,4,ACOUSTIC_COUNTERMEASURE,ACM-MOBILE-DECOY,Mobile Acoustic Decoy,ACM-MOBILE-DECOY-US,,Mobile Acoustic Decoy,GAMEPLAY,GAMEPLAY,GAMEPLAY_POLICY,US_ACM_MOBILE_DECOY,SOCKET_COUNTERMEASURE_01,5,
US_SSBN_JamesMadison,USA,SSBN,James Madison,4,ACOUSTIC_COUNTERMEASURE,ACM-ADVANCED,Advanced Acoustic Countermeasure,ACM-ADVANCED-US,,Advanced Acoustic Countermeasure,UNKNOWN,UNKNOWN,UNKNOWN_INSUFFICIENT_PUBLIC_DATA,US_ACM_MOBILE_DECOY,SOCKET_COUNTERMEASURE_01,7,
US_SSBN_JamesMadison,USA,SSBN,James Madison,4,ACOUSTIC_COUNTERMEASURE,ACM-INTEGRATED,Integrated Acoustic Defense,ACM-INTEGRATED-US,,Integrated Acoustic Defense,INCOMPATIBLE,INCOMPATIBLE,ERA_WINDOW_POLICY,US_ACM_MOBILE_DECOY,SOCKET_COUNTERMEASURE_01,8,
US_SSBN_JamesMadison,USA,SSBN,James Madison,4,DECOY,DEC-PASSIVE,Passive Decoy,DEC-PASSIVE-US,,Passive Decoy,GAMEPLAY,GAMEPLAY,GAMEPLAY_POLICY,,SOCKET_COUNTERMEASURE_02,1,
US_SSBN_JamesMadison,USA,SSBN,James Madison,4,DECOY,DEC-ACTIVE,Active Decoy,DEC-ACTIVE-US,,Active Decoy,GAMEPLAY,GAMEPLAY,GAMEPLAY_POLICY,US_ACM_TORPEDO_DECOY,SOCKET_COUNTERMEASURE_02,3,
US_SSBN_JamesMadison,USA,SSBN,James Madison,4,DECOY,DEC-ACOUSTIC,Acoustic Decoy,DEC-ACOUSTIC-US,,Acoustic Decoy,GAMEPLAY,GAMEPLAY,GAMEPLAY_POLICY,US_ACM_TORPEDO_DECOY,SOCKET_COUNTERMEASURE_02,2,
US_SSBN_JamesMadison,USA,SSBN,James Madison,4,DECOY,DEC-TORPEDO,Torpedo Decoy,DEC-TORPEDO-US,,Torpedo Decoy,GAMEPLAY,GAMEPLAY,GAMEPLAY_POLICY,US_ACM_TORPEDO_DECOY,SOCKET_COUNTERMEASURE_02,4,
US_SSBN_JamesMadison,USA,SSBN,James Madison,4,DECOY,DEC-MOBILE,Mobile Decoy,DEC-MOBILE-US,,Mobile Decoy,GAMEPLAY,GAMEPLAY,GAMEPLAY_POLICY,US_ACM_MOBILE_DECOY,SOCKET_COUNTERMEASURE_02,5,
US_SSBN_JamesMadison,USA,SSBN,James Madison,4,DECOY,DEC-ADVANCED,Advanced Decoy,DEC-ADVANCED-US,,Advanced Decoy,UNKNOWN,UNKNOWN,UNKNOWN_INSUFFICIENT_PUBLIC_DATA,US_ACM_MOBILE_DECOY,SOCKET_COUNTERMEASURE_02,7,
US_SSBN_JamesMadison,USA,SSBN,James Madison,4,NOISE_MAKER,NM-EARLY,Early Noise Maker,NM-EARLY-US,,Early Noise Maker,GAMEPLAY,GAMEPLAY,GAMEPLAY_POLICY,GEN_ACM_NOISE_MAKER,SOCKET_COUNTERMEASURE_02,1,
US_SSBN_JamesMadison,USA,SSBN,James Madison,4,NOISE_MAKER,NM-IMPROVED,Improved Noise Maker,NM-IMPROVED-US,,Improved Noise Maker,GAMEPLAY,GAMEPLAY,GAMEPLAY_POLICY,GEN_ACM_NOISE_MAKER,SOCKET_COUNTERMEASURE_02,3,
US_SSBN_JamesMadison,USA,SSBN,James Madison,4,NOISE_MAKER,NM-MODERN,Modern Noise Maker,NM-MODERN-US,,Modern Noise Maker,UNKNOWN,UNKNOWN,UNKNOWN_INSUFFICIENT_PUBLIC_DATA,GEN_ACM_NOISE_MAKER,SOCKET_COUNTERMEASURE_02,6,
US_SSBN_JamesMadison,USA,SSBN,James Madison,4,NOISE_MAKER,NM-ADVANCED,Advanced Acoustic Countermeasure,NM-ADVANCED-US,,Advanced Acoustic Countermeasure,INCOMPATIBLE,INCOMPATIBLE,ERA_WINDOW_POLICY,GEN_ACM_NOISE_MAKER,SOCKET_COUNTERMEASURE_02,8,
US_SSBN_JamesMadison,USA,SSBN,James Madison,4,TORPEDO_DEFENSE,TD-WARNING,Torpedo Warning,TD-WARNING-US,,Torpedo Warning,GAMEPLAY,GAMEPLAY,GAMEPLAY_POLICY,GEN_TW_TORPEDO_WARNING_SENSOR,SOCKET_DECOY_LAUNCHER_02,4,
US_SSBN_JamesMadison,USA,SSBN,James Madison,4,TORPEDO_DEFENSE,TD-COUNTERMEASURE,Countermeasure,TD-COUNTERMEASURE-US,ADC Mk 2,Countermeasure,GAMEPLAY,GAMEPLAY,GAMEPLAY_POLICY,US_ACM_TORPEDO_DECOY,SOCKET_DECOY_LAUNCHER_02,5,
US_SSBN_JamesMadison,USA,SSBN,James Madison,4,TORPEDO_DEFENSE,TD-ADVANCED,Advanced Countermeasure,TD-ADVANCED-US,,Advanced Countermeasure,UNKNOWN,UNKNOWN,UNKNOWN_INSUFFICIENT_PUBLIC_DATA,US_ACM_MOBILE_DECOY,SOCKET_DECOY_LAUNCHER_02,7,
US_SSBN_JamesMadison,USA,SSBN,James Madison,4,TORPEDO_DEFENSE,TD-INTEGRATED,Integrated Torpedo Defense,TD-INTEGRATED-US,,Integrated Torpedo Defense,INCOMPATIBLE,INCOMPATIBLE,ERA_WINDOW_POLICY,US_ACM_MOBILE_DECOY,SOCKET_DECOY_LAUNCHER_02,9,
US_SSBN_JamesMadison,USA,SSBN,James Madison,4,LAUNCHER,CML-EXTERNAL,External Launcher,CML-EXTERNAL-US,,External Launcher,GAMEPLAY,GAMEPLAY,GAMEPLAY_POLICY,US_CML_DECOY_LAUNCHER,SOCKET_DECOY_LAUNCHER_01,2,
US_SSBN_JamesMadison,USA,SSBN,James Madison,4,LAUNCHER,CML-TUBE,Countermeasure Tube,CML-TUBE-US,,Countermeasure Tube,GAMEPLAY,GAMEPLAY,GAMEPLAY_POLICY,GEN_CML_TUBE,SOCKET_DECOY_LAUNCHER_01,3,
US_SSBN_JamesMadison,USA,SSBN,James Madison,4,LAUNCHER,CML-ACOUSTIC-DEVICE,Acoustic Device Launcher,CML-ACOUSTIC-DEVICE-US,Internal Countermeasure Launcher (ICL),Acoustic Device Launcher,GAMEPLAY,GAMEPLAY,GAMEPLAY_POLICY,US_CML_DECOY_LAUNCHER,SOCKET_DECOY_LAUNCHER_01,4,
US_SSBN_JamesMadison,USA,SSBN,James Madison,4,LAUNCHER,CML-ADVANCED,Advanced Launcher,CML-ADVANCED-US,,Advanced Launcher,UNKNOWN,UNKNOWN,UNKNOWN_INSUFFICIENT_PUBLIC_DATA,US_CML_DECOY_LAUNCHER,SOCKET_DECOY_LAUNCHER_01,7,
US_SSBN_JamesMadison,USA,SSBN,James Madison,4,LAUNCHER,CML-INTEGRATED,Integrated Launcher,CML-INTEGRATED-US,,Integrated Launcher,INCOMPATIBLE,INCOMPATIBLE,ERA_WINDOW_POLICY,US_CML_DECOY_LAUNCHER,SOCKET_DECOY_LAUNCHER_01,8,
US_SSBN_JamesMadison,USA,SSBN,James Madison,4,DEFENSIVE_CONTROL,DC-CONSOLE,Defensive Control Console,DC-CONSOLE-US,,Defensive Control Console,GAMEPLAY,GAMEPLAY,GAMEPLAY_POLICY,US_DCM_CONSOLE,,2,
US_SSBN_JamesMadison,USA,SSBN,James Madison,4,DEFENSIVE_CONTROL,DC-INTEGRATED-CONTROL,Integrated Defensive Control,DC-INTEGRATED-CONTROL-US,,Integrated Defensive Control,UNKNOWN,UNKNOWN,UNKNOWN_INSUFFICIENT_PUBLIC_DATA,US_DCM_CONSOLE,,6,
US_SSBN_JamesMadison,USA,SSBN,James Madison,4,DEFENSIVE_CONTROL,DC-AUTOMATED,Automated Defensive Control,DC-AUTOMATED-US,,Automated Defensive Control,INCOMPATIBLE,INCOMPATIBLE,ERA_WINDOW_POLICY,US_DCM_CONSOLE,,8,
US_SSBN_JamesMadison,USA,SSBN,James Madison,4,INTEGRATED_DEFENSE,IDS-CORE,Integrated Defensive System,IDS-CORE-US,,Integrated Defensive System,UNKNOWN,UNKNOWN,UNKNOWN_INSUFFICIENT_PUBLIC_DATA,US_DCM_CONSOLE,,6,
US_SSBN_JamesMadison,USA,SSBN,James Madison,4,INTEGRATED_DEFENSE,IDS-ADVANCED,Next Generation Defensive System,IDS-ADVANCED-US,,Next Generation Defensive System,INCOMPATIBLE,INCOMPATIBLE,ERA_WINDOW_POLICY,US_DCM_CONSOLE,,9,
US_SSBN_BenjaminFranklin,USA,SSBN,Benjamin Franklin,5,ESM,ESM-BASIC-DETECTION,Basic Signal Detection,ESM-BASIC-DETECTION-US,,Basic Signal Detection,GAMEPLAY,GAMEPLAY,GAMEPLAY_POLICY,US_EW_ESM_GENERIC,SOCKET_EW_MAST,1,
US_SSBN_BenjaminFranklin,USA,SSBN,Benjamin Franklin,5,ESM,ESM-IMPROVED-DETECTION,Improved Detection,ESM-IMPROVED-DETECTION-US,,Improved Detection,GAMEPLAY,GAMEPLAY,GAMEPLAY_POLICY,US_EW_ESM_GENERIC,SOCKET_EW_MAST,2,
US_SSBN_BenjaminFranklin,USA,SSBN,Benjamin Franklin,5,ESM,ESM-CLASSIFICATION,Signal Classification,ESM-CLASSIFICATION-US,,Signal Classification,GAMEPLAY,GAMEPLAY,GAMEPLAY_POLICY,US_EW_ESM_GENERIC,SOCKET_EW_MAST,3,
US_SSBN_BenjaminFranklin,USA,SSBN,Benjamin Franklin,5,ESM,ESM-DIGITAL,Digital ESM,ESM-DIGITAL-US,AN/BLQ-10,Digital ESM,GAMEPLAY,GAMEPLAY,GAMEPLAY_POLICY,US_EW_BLQ10,SOCKET_EW_MAST,4,
US_SSBN_BenjaminFranklin,USA,SSBN,Benjamin Franklin,5,ESM,ESM-MULTIBAND,Multi-Band ESM,ESM-MULTIBAND-US,,Multi-Band ESM,GAMEPLAY,GAMEPLAY,GAMEPLAY_POLICY,GEN_EW_ANTENNA_ARRAY,SOCKET_EW_MAST,5,
US_SSBN_BenjaminFranklin,USA,SSBN,Benjamin Franklin,5,ESM,ESM-INTEGRATED,Integrated ESM,ESM-INTEGRATED-US,,Integrated ESM,GAMEPLAY,GAMEPLAY,GAMEPLAY_POLICY,US_EW_ESM_GENERIC,SOCKET_EW_MAST,6,
US_SSBN_BenjaminFranklin,USA,SSBN,Benjamin Franklin,5,ESM,ESM-ADVANCED-THREAT-WARNING,Advanced Threat Warning,ESM-ADVANCED-THREAT-WARNING-US,,Advanced Threat Warning,UNKNOWN,UNKNOWN,UNKNOWN_INSUFFICIENT_PUBLIC_DATA,US_EW_ESM_GENERIC,SOCKET_EW_MAST,7,
US_SSBN_BenjaminFranklin,USA,SSBN,Benjamin Franklin,5,ESM,ESM-MULTISENSOR-FUSION,Multi-Sensor Fusion,ESM-MULTISENSOR-FUSION-US,,Multi-Sensor Fusion,UNKNOWN,UNKNOWN,UNKNOWN_INSUFFICIENT_PUBLIC_DATA,US_EW_ESM_GENERIC,SOCKET_EW_MAST,8,
US_SSBN_BenjaminFranklin,USA,SSBN,Benjamin Franklin,5,ESM,ESM-ADVANCED-EW,Advanced Integrated EW,ESM-ADVANCED-EW-US,,Advanced Integrated EW,INCOMPATIBLE,INCOMPATIBLE,ERA_WINDOW_POLICY,US_EW_ESM_GENERIC,SOCKET_EW_MAST,9,
US_SSBN_BenjaminFranklin,USA,SSBN,Benjamin Franklin,5,ESM,ESM-NEXTGEN,Next Generation Defensive Electronic System,ESM-NEXTGEN-US,,Next Generation Defensive Electronic System,INCOMPATIBLE,INCOMPATIBLE,ERA_WINDOW_POLICY,US_EW_ESM_GENERIC,SOCKET_EW_MAST,10,
US_SSBN_BenjaminFranklin,USA,SSBN,Benjamin Franklin,5,THREAT_WARNING,TW-RADAR-WARNING,Radar Warning,TW-RADAR-WARNING-US,,Radar Warning,GAMEPLAY,GAMEPLAY,GAMEPLAY_POLICY,,SOCKET_EW_ANTENNA,1,
US_SSBN_BenjaminFranklin,USA,SSBN,Benjamin Franklin,5,THREAT_WARNING,TW-ELECTRONIC-WARNING,Electronic Threat Warning,TW-ELECTRONIC-WARNING-US,,Electronic Threat Warning,GAMEPLAY,GAMEPLAY,GAMEPLAY_POLICY,,SOCKET_EW_ANTENNA,3,
US_SSBN_BenjaminFranklin,USA,SSBN,Benjamin Franklin,5,THREAT_WARNING,TW-ACTIVE-SONAR-WARNING,Active Sonar Warning,TW-ACTIVE-SONAR-WARNING-US,AN/WLR-9,Active Sonar Warning,GAMEPLAY,GAMEPLAY,GAMEPLAY_POLICY,,SOCKET_EW_ANTENNA,4,
US_SSBN_BenjaminFranklin,USA,SSBN,Benjamin Franklin,5,THREAT_WARNING,TW-TORPEDO-WARNING,Torpedo Warning,TW-TORPEDO-WARNING-US,,Torpedo Warning,GAMEPLAY,GAMEPLAY,GAMEPLAY_POLICY,GEN_TW_TORPEDO_WARNING_SENSOR,SOCKET_EW_ANTENNA,5,
US_SSBN_BenjaminFranklin,USA,SSBN,Benjamin Franklin,5,THREAT_WARNING,TW-ACOUSTIC-CLASSIFICATION,Acoustic Threat Classification,TW-ACOUSTIC-CLASSIFICATION-US,AN/WLR-9 series (acoustic intercept receivers),Acoustic Threat Classification,GAMEPLAY,GAMEPLAY,GAMEPLAY_POLICY,,SOCKET_EW_ANTENNA,6,
US_SSBN_BenjaminFranklin,USA,SSBN,Benjamin Franklin,5,ACOUSTIC_COUNTERMEASURE,ACM-NOISE-MAKER,Noise Maker,ACM-NOISE-MAKER-US,,Noise Maker,GAMEPLAY,GAMEPLAY,GAMEPLAY_POLICY,GEN_ACM_NOISE_MAKER,SOCKET_COUNTERMEASURE_01,1,
US_SSBN_BenjaminFranklin,USA,SSBN,Benjamin Franklin,5,ACOUSTIC_COUNTERMEASURE,ACM-ACOUSTIC-DECOY,Acoustic Decoy,ACM-ACOUSTIC-DECOY-US,ADC Mk 2 (Acoustic Device Countermeasure),Acoustic Decoy,GAMEPLAY,GAMEPLAY,GAMEPLAY_POLICY,US_ACM_TORPEDO_DECOY,SOCKET_COUNTERMEASURE_01,2,
US_SSBN_BenjaminFranklin,USA,SSBN,Benjamin Franklin,5,ACOUSTIC_COUNTERMEASURE,ACM-TORPEDO-DECOY,Torpedo Decoy,ACM-TORPEDO-DECOY-US,ADC Mk 2,Torpedo Decoy,GAMEPLAY,GAMEPLAY,GAMEPLAY_POLICY,US_ACM_TORPEDO_DECOY,SOCKET_COUNTERMEASURE_01,4,
US_SSBN_BenjaminFranklin,USA,SSBN,Benjamin Franklin,5,ACOUSTIC_COUNTERMEASURE,ACM-MOBILE-DECOY,Mobile Acoustic Decoy,ACM-MOBILE-DECOY-US,,Mobile Acoustic Decoy,GAMEPLAY,GAMEPLAY,GAMEPLAY_POLICY,US_ACM_MOBILE_DECOY,SOCKET_COUNTERMEASURE_01,5,
US_SSBN_BenjaminFranklin,USA,SSBN,Benjamin Franklin,5,ACOUSTIC_COUNTERMEASURE,ACM-ADVANCED,Advanced Acoustic Countermeasure,ACM-ADVANCED-US,,Advanced Acoustic Countermeasure,UNKNOWN,UNKNOWN,UNKNOWN_INSUFFICIENT_PUBLIC_DATA,US_ACM_MOBILE_DECOY,SOCKET_COUNTERMEASURE_01,7,
US_SSBN_BenjaminFranklin,USA,SSBN,Benjamin Franklin,5,ACOUSTIC_COUNTERMEASURE,ACM-INTEGRATED,Integrated Acoustic Defense,ACM-INTEGRATED-US,,Integrated Acoustic Defense,UNKNOWN,UNKNOWN,UNKNOWN_INSUFFICIENT_PUBLIC_DATA,US_ACM_MOBILE_DECOY,SOCKET_COUNTERMEASURE_01,8,
US_SSBN_BenjaminFranklin,USA,SSBN,Benjamin Franklin,5,DECOY,DEC-PASSIVE,Passive Decoy,DEC-PASSIVE-US,,Passive Decoy,GAMEPLAY,GAMEPLAY,GAMEPLAY_POLICY,,SOCKET_COUNTERMEASURE_02,1,
US_SSBN_BenjaminFranklin,USA,SSBN,Benjamin Franklin,5,DECOY,DEC-ACTIVE,Active Decoy,DEC-ACTIVE-US,,Active Decoy,GAMEPLAY,GAMEPLAY,GAMEPLAY_POLICY,US_ACM_TORPEDO_DECOY,SOCKET_COUNTERMEASURE_02,3,
US_SSBN_BenjaminFranklin,USA,SSBN,Benjamin Franklin,5,DECOY,DEC-ACOUSTIC,Acoustic Decoy,DEC-ACOUSTIC-US,,Acoustic Decoy,GAMEPLAY,GAMEPLAY,GAMEPLAY_POLICY,US_ACM_TORPEDO_DECOY,SOCKET_COUNTERMEASURE_02,2,
US_SSBN_BenjaminFranklin,USA,SSBN,Benjamin Franklin,5,DECOY,DEC-TORPEDO,Torpedo Decoy,DEC-TORPEDO-US,,Torpedo Decoy,GAMEPLAY,GAMEPLAY,GAMEPLAY_POLICY,US_ACM_TORPEDO_DECOY,SOCKET_COUNTERMEASURE_02,4,
US_SSBN_BenjaminFranklin,USA,SSBN,Benjamin Franklin,5,DECOY,DEC-MOBILE,Mobile Decoy,DEC-MOBILE-US,,Mobile Decoy,GAMEPLAY,GAMEPLAY,GAMEPLAY_POLICY,US_ACM_MOBILE_DECOY,SOCKET_COUNTERMEASURE_02,5,
US_SSBN_BenjaminFranklin,USA,SSBN,Benjamin Franklin,5,DECOY,DEC-ADVANCED,Advanced Decoy,DEC-ADVANCED-US,,Advanced Decoy,UNKNOWN,UNKNOWN,UNKNOWN_INSUFFICIENT_PUBLIC_DATA,US_ACM_MOBILE_DECOY,SOCKET_COUNTERMEASURE_02,7,
US_SSBN_BenjaminFranklin,USA,SSBN,Benjamin Franklin,5,NOISE_MAKER,NM-EARLY,Early Noise Maker,NM-EARLY-US,,Early Noise Maker,GAMEPLAY,GAMEPLAY,GAMEPLAY_POLICY,GEN_ACM_NOISE_MAKER,SOCKET_COUNTERMEASURE_02,1,
US_SSBN_BenjaminFranklin,USA,SSBN,Benjamin Franklin,5,NOISE_MAKER,NM-IMPROVED,Improved Noise Maker,NM-IMPROVED-US,,Improved Noise Maker,GAMEPLAY,GAMEPLAY,GAMEPLAY_POLICY,GEN_ACM_NOISE_MAKER,SOCKET_COUNTERMEASURE_02,3,
US_SSBN_BenjaminFranklin,USA,SSBN,Benjamin Franklin,5,NOISE_MAKER,NM-MODERN,Modern Noise Maker,NM-MODERN-US,,Modern Noise Maker,GAMEPLAY,GAMEPLAY,GAMEPLAY_POLICY,GEN_ACM_NOISE_MAKER,SOCKET_COUNTERMEASURE_02,6,
US_SSBN_BenjaminFranklin,USA,SSBN,Benjamin Franklin,5,NOISE_MAKER,NM-ADVANCED,Advanced Acoustic Countermeasure,NM-ADVANCED-US,,Advanced Acoustic Countermeasure,UNKNOWN,UNKNOWN,UNKNOWN_INSUFFICIENT_PUBLIC_DATA,GEN_ACM_NOISE_MAKER,SOCKET_COUNTERMEASURE_02,8,
US_SSBN_BenjaminFranklin,USA,SSBN,Benjamin Franklin,5,TORPEDO_DEFENSE,TD-WARNING,Torpedo Warning,TD-WARNING-US,,Torpedo Warning,GAMEPLAY,GAMEPLAY,GAMEPLAY_POLICY,GEN_TW_TORPEDO_WARNING_SENSOR,SOCKET_DECOY_LAUNCHER_02,4,
US_SSBN_BenjaminFranklin,USA,SSBN,Benjamin Franklin,5,TORPEDO_DEFENSE,TD-COUNTERMEASURE,Countermeasure,TD-COUNTERMEASURE-US,ADC Mk 2,Countermeasure,GAMEPLAY,GAMEPLAY,GAMEPLAY_POLICY,US_ACM_TORPEDO_DECOY,SOCKET_DECOY_LAUNCHER_02,5,
US_SSBN_BenjaminFranklin,USA,SSBN,Benjamin Franklin,5,TORPEDO_DEFENSE,TD-ADVANCED,Advanced Countermeasure,TD-ADVANCED-US,,Advanced Countermeasure,UNKNOWN,UNKNOWN,UNKNOWN_INSUFFICIENT_PUBLIC_DATA,US_ACM_MOBILE_DECOY,SOCKET_DECOY_LAUNCHER_02,7,
US_SSBN_BenjaminFranklin,USA,SSBN,Benjamin Franklin,5,TORPEDO_DEFENSE,TD-INTEGRATED,Integrated Torpedo Defense,TD-INTEGRATED-US,,Integrated Torpedo Defense,INCOMPATIBLE,INCOMPATIBLE,ERA_WINDOW_POLICY,US_ACM_MOBILE_DECOY,SOCKET_DECOY_LAUNCHER_02,9,
US_SSBN_BenjaminFranklin,USA,SSBN,Benjamin Franklin,5,LAUNCHER,CML-EXTERNAL,External Launcher,CML-EXTERNAL-US,,External Launcher,GAMEPLAY,GAMEPLAY,GAMEPLAY_POLICY,US_CML_DECOY_LAUNCHER,SOCKET_DECOY_LAUNCHER_01,2,
US_SSBN_BenjaminFranklin,USA,SSBN,Benjamin Franklin,5,LAUNCHER,CML-TUBE,Countermeasure Tube,CML-TUBE-US,,Countermeasure Tube,GAMEPLAY,GAMEPLAY,GAMEPLAY_POLICY,GEN_CML_TUBE,SOCKET_DECOY_LAUNCHER_01,3,
US_SSBN_BenjaminFranklin,USA,SSBN,Benjamin Franklin,5,LAUNCHER,CML-ACOUSTIC-DEVICE,Acoustic Device Launcher,CML-ACOUSTIC-DEVICE-US,Internal Countermeasure Launcher (ICL),Acoustic Device Launcher,GAMEPLAY,GAMEPLAY,GAMEPLAY_POLICY,US_CML_DECOY_LAUNCHER,SOCKET_DECOY_LAUNCHER_01,4,
US_SSBN_BenjaminFranklin,USA,SSBN,Benjamin Franklin,5,LAUNCHER,CML-ADVANCED,Advanced Launcher,CML-ADVANCED-US,,Advanced Launcher,UNKNOWN,UNKNOWN,UNKNOWN_INSUFFICIENT_PUBLIC_DATA,US_CML_DECOY_LAUNCHER,SOCKET_DECOY_LAUNCHER_01,7,
US_SSBN_BenjaminFranklin,USA,SSBN,Benjamin Franklin,5,LAUNCHER,CML-INTEGRATED,Integrated Launcher,CML-INTEGRATED-US,,Integrated Launcher,UNKNOWN,UNKNOWN,UNKNOWN_INSUFFICIENT_PUBLIC_DATA,US_CML_DECOY_LAUNCHER,SOCKET_DECOY_LAUNCHER_01,8,
US_SSBN_BenjaminFranklin,USA,SSBN,Benjamin Franklin,5,DEFENSIVE_CONTROL,DC-CONSOLE,Defensive Control Console,DC-CONSOLE-US,,Defensive Control Console,GAMEPLAY,GAMEPLAY,GAMEPLAY_POLICY,US_DCM_CONSOLE,,2,
US_SSBN_BenjaminFranklin,USA,SSBN,Benjamin Franklin,5,DEFENSIVE_CONTROL,DC-INTEGRATED-CONTROL,Integrated Defensive Control,DC-INTEGRATED-CONTROL-US,,Integrated Defensive Control,GAMEPLAY,GAMEPLAY,GAMEPLAY_POLICY,US_DCM_CONSOLE,,6,
US_SSBN_BenjaminFranklin,USA,SSBN,Benjamin Franklin,5,DEFENSIVE_CONTROL,DC-AUTOMATED,Automated Defensive Control,DC-AUTOMATED-US,,Automated Defensive Control,UNKNOWN,UNKNOWN,UNKNOWN_INSUFFICIENT_PUBLIC_DATA,US_DCM_CONSOLE,,8,
US_SSBN_BenjaminFranklin,USA,SSBN,Benjamin Franklin,5,INTEGRATED_DEFENSE,IDS-CORE,Integrated Defensive System,IDS-CORE-US,,Integrated Defensive System,GAMEPLAY,GAMEPLAY,GAMEPLAY_POLICY,US_DCM_CONSOLE,,6,
US_SSBN_BenjaminFranklin,USA,SSBN,Benjamin Franklin,5,INTEGRATED_DEFENSE,IDS-ADVANCED,Next Generation Defensive System,IDS-ADVANCED-US,,Next Generation Defensive System,INCOMPATIBLE,INCOMPATIBLE,ERA_WINDOW_POLICY,US_DCM_CONSOLE,,9,
US_SSBN_Ohio,USA,SSBN,Ohio,8,ESM,ESM-BASIC-DETECTION,Basic Signal Detection,ESM-BASIC-DETECTION-US,,Basic Signal Detection,GAMEPLAY,GAMEPLAY,GAMEPLAY_POLICY,US_EW_ESM_GENERIC,SOCKET_EW_MAST,1,
US_SSBN_Ohio,USA,SSBN,Ohio,8,ESM,ESM-IMPROVED-DETECTION,Improved Detection,ESM-IMPROVED-DETECTION-US,,Improved Detection,GAMEPLAY,GAMEPLAY,GAMEPLAY_POLICY,US_EW_ESM_GENERIC,SOCKET_EW_MAST,2,
US_SSBN_Ohio,USA,SSBN,Ohio,8,ESM,ESM-CLASSIFICATION,Signal Classification,ESM-CLASSIFICATION-US,,Signal Classification,GAMEPLAY,GAMEPLAY,GAMEPLAY_POLICY,US_EW_ESM_GENERIC,SOCKET_EW_MAST,3,
US_SSBN_Ohio,USA,SSBN,Ohio,8,ESM,ESM-DIGITAL,Digital ESM,ESM-DIGITAL-US,AN/BLQ-10,AN/BLQ-10,GAMEPLAY,GAMEPLAY,GAMEPLAY_POLICY,US_EW_BLQ10,SOCKET_EW_MAST,4,公开资料常见的俄亥俄级 ESM 型号记载。 无公开来源记录，降级为游戏设定。
US_SSBN_Ohio,USA,SSBN,Ohio,8,ESM,ESM-MULTIBAND,Multi-Band ESM,ESM-MULTIBAND-US,,Multi-Band ESM,GAMEPLAY,GAMEPLAY,GAMEPLAY_POLICY,GEN_EW_ANTENNA_ARRAY,SOCKET_EW_MAST,5,
US_SSBN_Ohio,USA,SSBN,Ohio,8,ESM,ESM-INTEGRATED,Integrated ESM,ESM-INTEGRATED-US,,Integrated ESM,GAMEPLAY,GAMEPLAY,GAMEPLAY_POLICY,US_EW_ESM_GENERIC,SOCKET_EW_MAST,6,
US_SSBN_Ohio,USA,SSBN,Ohio,8,ESM,ESM-ADVANCED-THREAT-WARNING,Advanced Threat Warning,ESM-ADVANCED-THREAT-WARNING-US,,Advanced Threat Warning,GAMEPLAY,GAMEPLAY,GAMEPLAY_POLICY,US_EW_ESM_GENERIC,SOCKET_EW_MAST,7,
US_SSBN_Ohio,USA,SSBN,Ohio,8,ESM,ESM-MULTISENSOR-FUSION,Multi-Sensor Fusion,ESM-MULTISENSOR-FUSION-US,,Multi-Sensor Fusion,GAMEPLAY,GAMEPLAY,GAMEPLAY_POLICY,US_EW_ESM_GENERIC,SOCKET_EW_MAST,8,
US_SSBN_Ohio,USA,SSBN,Ohio,8,ESM,ESM-ADVANCED-EW,Advanced Integrated EW,ESM-ADVANCED-EW-US,,Advanced Integrated EW,GAMEPLAY,GAMEPLAY,GAMEPLAY_POLICY,US_EW_ESM_GENERIC,SOCKET_EW_MAST,9,
US_SSBN_Ohio,USA,SSBN,Ohio,8,ESM,ESM-NEXTGEN,Next Generation Defensive Electronic System,ESM-NEXTGEN-US,,Next Generation Defensive Electronic System,UNKNOWN,UNKNOWN,UNKNOWN_INSUFFICIENT_PUBLIC_DATA,US_EW_ESM_GENERIC,SOCKET_EW_MAST,10,
US_SSBN_Ohio,USA,SSBN,Ohio,8,THREAT_WARNING,TW-RADAR-WARNING,Radar Warning,TW-RADAR-WARNING-US,,Radar Warning,GAMEPLAY,GAMEPLAY,GAMEPLAY_POLICY,,SOCKET_EW_ANTENNA,1,
US_SSBN_Ohio,USA,SSBN,Ohio,8,THREAT_WARNING,TW-ELECTRONIC-WARNING,Electronic Threat Warning,TW-ELECTRONIC-WARNING-US,,Electronic Threat Warning,GAMEPLAY,GAMEPLAY,GAMEPLAY_POLICY,,SOCKET_EW_ANTENNA,3,
US_SSBN_Ohio,USA,SSBN,Ohio,8,THREAT_WARNING,TW-ACTIVE-SONAR-WARNING,Active Sonar Warning,TW-ACTIVE-SONAR-WARNING-US,AN/WLR-9,Active Sonar Warning,GAMEPLAY,GAMEPLAY,GAMEPLAY_POLICY,,SOCKET_EW_ANTENNA,4,
US_SSBN_Ohio,USA,SSBN,Ohio,8,THREAT_WARNING,TW-TORPEDO-WARNING,Torpedo Warning,TW-TORPEDO-WARNING-US,,Torpedo Warning,GAMEPLAY,GAMEPLAY,GAMEPLAY_POLICY,GEN_TW_TORPEDO_WARNING_SENSOR,SOCKET_EW_ANTENNA,5,
US_SSBN_Ohio,USA,SSBN,Ohio,8,THREAT_WARNING,TW-ACOUSTIC-CLASSIFICATION,Acoustic Threat Classification,TW-ACOUSTIC-CLASSIFICATION-US,AN/WLR-9 series (acoustic intercept receivers),Acoustic Threat Classification,GAMEPLAY,GAMEPLAY,GAMEPLAY_POLICY,,SOCKET_EW_ANTENNA,6,
US_SSBN_Ohio,USA,SSBN,Ohio,8,ACOUSTIC_COUNTERMEASURE,ACM-NOISE-MAKER,Noise Maker,ACM-NOISE-MAKER-US,,Noise Maker,GAMEPLAY,GAMEPLAY,GAMEPLAY_POLICY,GEN_ACM_NOISE_MAKER,SOCKET_COUNTERMEASURE_01,1,
US_SSBN_Ohio,USA,SSBN,Ohio,8,ACOUSTIC_COUNTERMEASURE,ACM-ACOUSTIC-DECOY,Acoustic Decoy,ACM-ACOUSTIC-DECOY-US,ADC Mk 2 (Acoustic Device Countermeasure),Acoustic Decoy,GAMEPLAY,GAMEPLAY,GAMEPLAY_POLICY,US_ACM_TORPEDO_DECOY,SOCKET_COUNTERMEASURE_01,2,
US_SSBN_Ohio,USA,SSBN,Ohio,8,ACOUSTIC_COUNTERMEASURE,ACM-TORPEDO-DECOY,Torpedo Decoy,ACM-TORPEDO-DECOY-US,ADC Mk 2,Torpedo Decoy,GAMEPLAY,GAMEPLAY,GAMEPLAY_POLICY,US_ACM_TORPEDO_DECOY,SOCKET_COUNTERMEASURE_01,4,
US_SSBN_Ohio,USA,SSBN,Ohio,8,ACOUSTIC_COUNTERMEASURE,ACM-MOBILE-DECOY,Mobile Acoustic Decoy,ACM-MOBILE-DECOY-US,,Mobile Acoustic Decoy,GAMEPLAY,GAMEPLAY,GAMEPLAY_POLICY,US_ACM_MOBILE_DECOY,SOCKET_COUNTERMEASURE_01,5,
US_SSBN_Ohio,USA,SSBN,Ohio,8,ACOUSTIC_COUNTERMEASURE,ACM-ADVANCED,Advanced Acoustic Countermeasure,ACM-ADVANCED-US,,Advanced Acoustic Countermeasure,GAMEPLAY,GAMEPLAY,GAMEPLAY_POLICY,US_ACM_MOBILE_DECOY,SOCKET_COUNTERMEASURE_01,7,
US_SSBN_Ohio,USA,SSBN,Ohio,8,ACOUSTIC_COUNTERMEASURE,ACM-INTEGRATED,Integrated Acoustic Defense,ACM-INTEGRATED-US,,Integrated Acoustic Defense,GAMEPLAY,GAMEPLAY,GAMEPLAY_POLICY,US_ACM_MOBILE_DECOY,SOCKET_COUNTERMEASURE_01,8,
US_SSBN_Ohio,USA,SSBN,Ohio,8,DECOY,DEC-PASSIVE,Passive Decoy,DEC-PASSIVE-US,,Passive Decoy,GAMEPLAY,GAMEPLAY,GAMEPLAY_POLICY,,SOCKET_COUNTERMEASURE_02,1,
US_SSBN_Ohio,USA,SSBN,Ohio,8,DECOY,DEC-ACTIVE,Active Decoy,DEC-ACTIVE-US,,Active Decoy,GAMEPLAY,GAMEPLAY,GAMEPLAY_POLICY,US_ACM_TORPEDO_DECOY,SOCKET_COUNTERMEASURE_02,3,
US_SSBN_Ohio,USA,SSBN,Ohio,8,DECOY,DEC-ACOUSTIC,Acoustic Decoy,DEC-ACOUSTIC-US,,Acoustic Decoy,GAMEPLAY,GAMEPLAY,GAMEPLAY_POLICY,US_ACM_TORPEDO_DECOY,SOCKET_COUNTERMEASURE_02,2,
US_SSBN_Ohio,USA,SSBN,Ohio,8,DECOY,DEC-TORPEDO,Torpedo Decoy,DEC-TORPEDO-US,,Torpedo Decoy,GAMEPLAY,GAMEPLAY,GAMEPLAY_POLICY,US_ACM_TORPEDO_DECOY,SOCKET_COUNTERMEASURE_02,4,
US_SSBN_Ohio,USA,SSBN,Ohio,8,DECOY,DEC-MOBILE,Mobile Decoy,DEC-MOBILE-US,,Mobile Decoy,GAMEPLAY,GAMEPLAY,GAMEPLAY_POLICY,US_ACM_MOBILE_DECOY,SOCKET_COUNTERMEASURE_02,5,
US_SSBN_Ohio,USA,SSBN,Ohio,8,DECOY,DEC-ADVANCED,Advanced Decoy,DEC-ADVANCED-US,,Advanced Decoy,GAMEPLAY,GAMEPLAY,GAMEPLAY_POLICY,US_ACM_MOBILE_DECOY,SOCKET_COUNTERMEASURE_02,7,
US_SSBN_Ohio,USA,SSBN,Ohio,8,NOISE_MAKER,NM-EARLY,Early Noise Maker,NM-EARLY-US,,Early Noise Maker,GAMEPLAY,GAMEPLAY,GAMEPLAY_POLICY,GEN_ACM_NOISE_MAKER,SOCKET_COUNTERMEASURE_02,1,
US_SSBN_Ohio,USA,SSBN,Ohio,8,NOISE_MAKER,NM-IMPROVED,Improved Noise Maker,NM-IMPROVED-US,,Improved Noise Maker,GAMEPLAY,GAMEPLAY,GAMEPLAY_POLICY,GEN_ACM_NOISE_MAKER,SOCKET_COUNTERMEASURE_02,3,
US_SSBN_Ohio,USA,SSBN,Ohio,8,NOISE_MAKER,NM-MODERN,Modern Noise Maker,NM-MODERN-US,,Modern Noise Maker,GAMEPLAY,GAMEPLAY,GAMEPLAY_POLICY,GEN_ACM_NOISE_MAKER,SOCKET_COUNTERMEASURE_02,6,
US_SSBN_Ohio,USA,SSBN,Ohio,8,NOISE_MAKER,NM-ADVANCED,Advanced Acoustic Countermeasure,NM-ADVANCED-US,,Advanced Acoustic Countermeasure,GAMEPLAY,GAMEPLAY,GAMEPLAY_POLICY,GEN_ACM_NOISE_MAKER,SOCKET_COUNTERMEASURE_02,8,
US_SSBN_Ohio,USA,SSBN,Ohio,8,TORPEDO_DEFENSE,TD-WARNING,Torpedo Warning,TD-WARNING-US,,Torpedo Warning,GAMEPLAY,GAMEPLAY,GAMEPLAY_POLICY,GEN_TW_TORPEDO_WARNING_SENSOR,SOCKET_DECOY_LAUNCHER_02,4,
US_SSBN_Ohio,USA,SSBN,Ohio,8,TORPEDO_DEFENSE,TD-COUNTERMEASURE,Countermeasure,TD-COUNTERMEASURE-US,ADC Mk 2,Countermeasure,GAMEPLAY,GAMEPLAY,GAMEPLAY_POLICY,US_ACM_TORPEDO_DECOY,SOCKET_DECOY_LAUNCHER_02,5,
US_SSBN_Ohio,USA,SSBN,Ohio,8,TORPEDO_DEFENSE,TD-ADVANCED,Advanced Countermeasure,TD-ADVANCED-US,,Advanced Countermeasure,GAMEPLAY,GAMEPLAY,GAMEPLAY_POLICY,US_ACM_MOBILE_DECOY,SOCKET_DECOY_LAUNCHER_02,7,
US_SSBN_Ohio,USA,SSBN,Ohio,8,TORPEDO_DEFENSE,TD-INTEGRATED,Integrated Torpedo Defense,TD-INTEGRATED-US,,Integrated Torpedo Defense,GAMEPLAY,GAMEPLAY,GAMEPLAY_POLICY,US_ACM_MOBILE_DECOY,SOCKET_DECOY_LAUNCHER_02,9,
US_SSBN_Ohio,USA,SSBN,Ohio,8,LAUNCHER,CML-EXTERNAL,External Launcher,CML-EXTERNAL-US,,External Launcher,GAMEPLAY,GAMEPLAY,GAMEPLAY_POLICY,US_CML_DECOY_LAUNCHER,SOCKET_DECOY_LAUNCHER_01,2,
US_SSBN_Ohio,USA,SSBN,Ohio,8,LAUNCHER,CML-TUBE,Countermeasure Tube,CML-TUBE-US,,Countermeasure Tube,GAMEPLAY,GAMEPLAY,GAMEPLAY_POLICY,GEN_CML_TUBE,SOCKET_DECOY_LAUNCHER_01,3,
US_SSBN_Ohio,USA,SSBN,Ohio,8,LAUNCHER,CML-ACOUSTIC-DEVICE,Acoustic Device Launcher,CML-ACOUSTIC-DEVICE-US,Internal Countermeasure Launcher (ICL),Acoustic Device Launcher,GAMEPLAY,GAMEPLAY,GAMEPLAY_POLICY,US_CML_DECOY_LAUNCHER,SOCKET_DECOY_LAUNCHER_01,4,
US_SSBN_Ohio,USA,SSBN,Ohio,8,LAUNCHER,CML-ADVANCED,Advanced Launcher,CML-ADVANCED-US,,Advanced Launcher,GAMEPLAY,GAMEPLAY,GAMEPLAY_POLICY,US_CML_DECOY_LAUNCHER,SOCKET_DECOY_LAUNCHER_01,7,
US_SSBN_Ohio,USA,SSBN,Ohio,8,LAUNCHER,CML-INTEGRATED,Integrated Launcher,CML-INTEGRATED-US,,Integrated Launcher,GAMEPLAY,GAMEPLAY,GAMEPLAY_POLICY,US_CML_DECOY_LAUNCHER,SOCKET_DECOY_LAUNCHER_01,8,
US_SSBN_Ohio,USA,SSBN,Ohio,8,DEFENSIVE_CONTROL,DC-CONSOLE,Defensive Control Console,DC-CONSOLE-US,,Defensive Control Console,GAMEPLAY,GAMEPLAY,GAMEPLAY_POLICY,US_DCM_CONSOLE,,2,
US_SSBN_Ohio,USA,SSBN,Ohio,8,DEFENSIVE_CONTROL,DC-INTEGRATED-CONTROL,Integrated Defensive Control,DC-INTEGRATED-CONTROL-US,,Integrated Defensive Control,GAMEPLAY,GAMEPLAY,GAMEPLAY_POLICY,US_DCM_CONSOLE,,6,
US_SSBN_Ohio,USA,SSBN,Ohio,8,DEFENSIVE_CONTROL,DC-AUTOMATED,Automated Defensive Control,DC-AUTOMATED-US,,Automated Defensive Control,GAMEPLAY,GAMEPLAY,GAMEPLAY_POLICY,US_DCM_CONSOLE,,8,
US_SSBN_Ohio,USA,SSBN,Ohio,8,INTEGRATED_DEFENSE,IDS-CORE,Integrated Defensive System,IDS-CORE-US,,Integrated Defensive System,GAMEPLAY,GAMEPLAY,GAMEPLAY_POLICY,US_DCM_CONSOLE,,6,
US_SSBN_Ohio,USA,SSBN,Ohio,8,INTEGRATED_DEFENSE,IDS-ADVANCED,Next Generation Defensive System,IDS-ADVANCED-US,,Next Generation Defensive System,GAMEPLAY,GAMEPLAY,GAMEPLAY_POLICY,US_DCM_CONSOLE,,9,
US_SSBN_Columbia,USA,SSBN,Columbia,10,ESM,ESM-BASIC-DETECTION,Basic Signal Detection,ESM-BASIC-DETECTION-US,,Basic Signal Detection,GAMEPLAY,GAMEPLAY,GAMEPLAY_POLICY,US_EW_ESM_GENERIC,SOCKET_EW_MAST,1,
US_SSBN_Columbia,USA,SSBN,Columbia,10,ESM,ESM-IMPROVED-DETECTION,Improved Detection,ESM-IMPROVED-DETECTION-US,,Improved Detection,GAMEPLAY,GAMEPLAY,GAMEPLAY_POLICY,US_EW_ESM_GENERIC,SOCKET_EW_MAST,2,
US_SSBN_Columbia,USA,SSBN,Columbia,10,ESM,ESM-CLASSIFICATION,Signal Classification,ESM-CLASSIFICATION-US,,Signal Classification,GAMEPLAY,GAMEPLAY,GAMEPLAY_POLICY,US_EW_ESM_GENERIC,SOCKET_EW_MAST,3,
US_SSBN_Columbia,USA,SSBN,Columbia,10,ESM,ESM-DIGITAL,Digital ESM,ESM-DIGITAL-US,AN/BLQ-10,Digital ESM,GAMEPLAY,GAMEPLAY,GAMEPLAY_POLICY,US_EW_BLQ10,SOCKET_EW_MAST,4,
US_SSBN_Columbia,USA,SSBN,Columbia,10,ESM,ESM-MULTIBAND,Multi-Band ESM,ESM-MULTIBAND-US,,Multi-Band ESM,GAMEPLAY,GAMEPLAY,GAMEPLAY_POLICY,GEN_EW_ANTENNA_ARRAY,SOCKET_EW_MAST,5,
US_SSBN_Columbia,USA,SSBN,Columbia,10,ESM,ESM-INTEGRATED,Integrated ESM,ESM-INTEGRATED-US,,Integrated ESM,GAMEPLAY,GAMEPLAY,GAMEPLAY_POLICY,US_EW_ESM_GENERIC,SOCKET_EW_MAST,6,
US_SSBN_Columbia,USA,SSBN,Columbia,10,ESM,ESM-ADVANCED-THREAT-WARNING,Advanced Threat Warning,ESM-ADVANCED-THREAT-WARNING-US,,Advanced Threat Warning,GAMEPLAY,GAMEPLAY,GAMEPLAY_POLICY,US_EW_ESM_GENERIC,SOCKET_EW_MAST,7,
US_SSBN_Columbia,USA,SSBN,Columbia,10,ESM,ESM-MULTISENSOR-FUSION,Multi-Sensor Fusion,ESM-MULTISENSOR-FUSION-US,,Multi-Sensor Fusion,GAMEPLAY,GAMEPLAY,GAMEPLAY_POLICY,US_EW_ESM_GENERIC,SOCKET_EW_MAST,8,
US_SSBN_Columbia,USA,SSBN,Columbia,10,ESM,ESM-ADVANCED-EW,Advanced Integrated EW,ESM-ADVANCED-EW-US,,Advanced Integrated EW,GAMEPLAY,GAMEPLAY,GAMEPLAY_POLICY,US_EW_ESM_GENERIC,SOCKET_EW_MAST,9,
US_SSBN_Columbia,USA,SSBN,Columbia,10,ESM,ESM-NEXTGEN,Next Generation Defensive Electronic System,ESM-NEXTGEN-US,,Next Generation Defensive Electronic System,GAMEPLAY,GAMEPLAY,GAMEPLAY_POLICY,US_EW_ESM_GENERIC,SOCKET_EW_MAST,10,
US_SSBN_Columbia,USA,SSBN,Columbia,10,THREAT_WARNING,TW-RADAR-WARNING,Radar Warning,TW-RADAR-WARNING-US,,Radar Warning,GAMEPLAY,GAMEPLAY,GAMEPLAY_POLICY,,SOCKET_EW_ANTENNA,1,
US_SSBN_Columbia,USA,SSBN,Columbia,10,THREAT_WARNING,TW-ELECTRONIC-WARNING,Electronic Threat Warning,TW-ELECTRONIC-WARNING-US,,Electronic Threat Warning,GAMEPLAY,GAMEPLAY,GAMEPLAY_POLICY,,SOCKET_EW_ANTENNA,3,
US_SSBN_Columbia,USA,SSBN,Columbia,10,THREAT_WARNING,TW-ACTIVE-SONAR-WARNING,Active Sonar Warning,TW-ACTIVE-SONAR-WARNING-US,AN/WLR-9,Active Sonar Warning,GAMEPLAY,GAMEPLAY,GAMEPLAY_POLICY,,SOCKET_EW_ANTENNA,4,
US_SSBN_Columbia,USA,SSBN,Columbia,10,THREAT_WARNING,TW-TORPEDO-WARNING,Torpedo Warning,TW-TORPEDO-WARNING-US,,Torpedo Warning,GAMEPLAY,GAMEPLAY,GAMEPLAY_POLICY,GEN_TW_TORPEDO_WARNING_SENSOR,SOCKET_EW_ANTENNA,5,
US_SSBN_Columbia,USA,SSBN,Columbia,10,THREAT_WARNING,TW-ACOUSTIC-CLASSIFICATION,Acoustic Threat Classification,TW-ACOUSTIC-CLASSIFICATION-US,AN/WLR-9 series (acoustic intercept receivers),Acoustic Threat Classification,GAMEPLAY,GAMEPLAY,GAMEPLAY_POLICY,,SOCKET_EW_ANTENNA,6,
US_SSBN_Columbia,USA,SSBN,Columbia,10,ACOUSTIC_COUNTERMEASURE,ACM-NOISE-MAKER,Noise Maker,ACM-NOISE-MAKER-US,,Noise Maker,GAMEPLAY,GAMEPLAY,GAMEPLAY_POLICY,GEN_ACM_NOISE_MAKER,SOCKET_COUNTERMEASURE_01,1,
US_SSBN_Columbia,USA,SSBN,Columbia,10,ACOUSTIC_COUNTERMEASURE,ACM-ACOUSTIC-DECOY,Acoustic Decoy,ACM-ACOUSTIC-DECOY-US,ADC Mk 2 (Acoustic Device Countermeasure),Acoustic Decoy,GAMEPLAY,GAMEPLAY,GAMEPLAY_POLICY,US_ACM_TORPEDO_DECOY,SOCKET_COUNTERMEASURE_01,2,
US_SSBN_Columbia,USA,SSBN,Columbia,10,ACOUSTIC_COUNTERMEASURE,ACM-TORPEDO-DECOY,Torpedo Decoy,ACM-TORPEDO-DECOY-US,ADC Mk 2,Torpedo Decoy,GAMEPLAY,GAMEPLAY,GAMEPLAY_POLICY,US_ACM_TORPEDO_DECOY,SOCKET_COUNTERMEASURE_01,4,
US_SSBN_Columbia,USA,SSBN,Columbia,10,ACOUSTIC_COUNTERMEASURE,ACM-MOBILE-DECOY,Mobile Acoustic Decoy,ACM-MOBILE-DECOY-US,,Mobile Acoustic Decoy,GAMEPLAY,GAMEPLAY,GAMEPLAY_POLICY,US_ACM_MOBILE_DECOY,SOCKET_COUNTERMEASURE_01,5,
US_SSBN_Columbia,USA,SSBN,Columbia,10,ACOUSTIC_COUNTERMEASURE,ACM-ADVANCED,Advanced Acoustic Countermeasure,ACM-ADVANCED-US,,Advanced Acoustic Countermeasure,GAMEPLAY,GAMEPLAY,GAMEPLAY_POLICY,US_ACM_MOBILE_DECOY,SOCKET_COUNTERMEASURE_01,7,
US_SSBN_Columbia,USA,SSBN,Columbia,10,ACOUSTIC_COUNTERMEASURE,ACM-INTEGRATED,Integrated Acoustic Defense,ACM-INTEGRATED-US,,Integrated Acoustic Defense,GAMEPLAY,GAMEPLAY,GAMEPLAY_POLICY,US_ACM_MOBILE_DECOY,SOCKET_COUNTERMEASURE_01,8,
US_SSBN_Columbia,USA,SSBN,Columbia,10,DECOY,DEC-PASSIVE,Passive Decoy,DEC-PASSIVE-US,,Passive Decoy,GAMEPLAY,GAMEPLAY,GAMEPLAY_POLICY,,SOCKET_COUNTERMEASURE_02,1,
US_SSBN_Columbia,USA,SSBN,Columbia,10,DECOY,DEC-ACTIVE,Active Decoy,DEC-ACTIVE-US,,Active Decoy,GAMEPLAY,GAMEPLAY,GAMEPLAY_POLICY,US_ACM_TORPEDO_DECOY,SOCKET_COUNTERMEASURE_02,3,
US_SSBN_Columbia,USA,SSBN,Columbia,10,DECOY,DEC-ACOUSTIC,Acoustic Decoy,DEC-ACOUSTIC-US,,Acoustic Decoy,GAMEPLAY,GAMEPLAY,GAMEPLAY_POLICY,US_ACM_TORPEDO_DECOY,SOCKET_COUNTERMEASURE_02,2,
US_SSBN_Columbia,USA,SSBN,Columbia,10,DECOY,DEC-TORPEDO,Torpedo Decoy,DEC-TORPEDO-US,,Torpedo Decoy,GAMEPLAY,GAMEPLAY,GAMEPLAY_POLICY,US_ACM_TORPEDO_DECOY,SOCKET_COUNTERMEASURE_02,4,
US_SSBN_Columbia,USA,SSBN,Columbia,10,DECOY,DEC-MOBILE,Mobile Decoy,DEC-MOBILE-US,,Mobile Decoy,GAMEPLAY,GAMEPLAY,GAMEPLAY_POLICY,US_ACM_MOBILE_DECOY,SOCKET_COUNTERMEASURE_02,5,
US_SSBN_Columbia,USA,SSBN,Columbia,10,DECOY,DEC-ADVANCED,Advanced Decoy,DEC-ADVANCED-US,,Advanced Decoy,GAMEPLAY,GAMEPLAY,GAMEPLAY_POLICY,US_ACM_MOBILE_DECOY,SOCKET_COUNTERMEASURE_02,7,
US_SSBN_Columbia,USA,SSBN,Columbia,10,NOISE_MAKER,NM-EARLY,Early Noise Maker,NM-EARLY-US,,Early Noise Maker,GAMEPLAY,GAMEPLAY,GAMEPLAY_POLICY,GEN_ACM_NOISE_MAKER,SOCKET_COUNTERMEASURE_02,1,
US_SSBN_Columbia,USA,SSBN,Columbia,10,NOISE_MAKER,NM-IMPROVED,Improved Noise Maker,NM-IMPROVED-US,,Improved Noise Maker,GAMEPLAY,GAMEPLAY,GAMEPLAY_POLICY,GEN_ACM_NOISE_MAKER,SOCKET_COUNTERMEASURE_02,3,
US_SSBN_Columbia,USA,SSBN,Columbia,10,NOISE_MAKER,NM-MODERN,Modern Noise Maker,NM-MODERN-US,,Modern Noise Maker,GAMEPLAY,GAMEPLAY,GAMEPLAY_POLICY,GEN_ACM_NOISE_MAKER,SOCKET_COUNTERMEASURE_02,6,
US_SSBN_Columbia,USA,SSBN,Columbia,10,NOISE_MAKER,NM-ADVANCED,Advanced Acoustic Countermeasure,NM-ADVANCED-US,,Advanced Acoustic Countermeasure,GAMEPLAY,GAMEPLAY,GAMEPLAY_POLICY,GEN_ACM_NOISE_MAKER,SOCKET_COUNTERMEASURE_02,8,
US_SSBN_Columbia,USA,SSBN,Columbia,10,TORPEDO_DEFENSE,TD-WARNING,Torpedo Warning,TD-WARNING-US,,Torpedo Warning,GAMEPLAY,GAMEPLAY,GAMEPLAY_POLICY,GEN_TW_TORPEDO_WARNING_SENSOR,SOCKET_DECOY_LAUNCHER_02,4,
US_SSBN_Columbia,USA,SSBN,Columbia,10,TORPEDO_DEFENSE,TD-COUNTERMEASURE,Countermeasure,TD-COUNTERMEASURE-US,ADC Mk 2,Countermeasure,GAMEPLAY,GAMEPLAY,GAMEPLAY_POLICY,US_ACM_TORPEDO_DECOY,SOCKET_DECOY_LAUNCHER_02,5,
US_SSBN_Columbia,USA,SSBN,Columbia,10,TORPEDO_DEFENSE,TD-ADVANCED,Advanced Countermeasure,TD-ADVANCED-US,,Advanced Countermeasure,GAMEPLAY,GAMEPLAY,GAMEPLAY_POLICY,US_ACM_MOBILE_DECOY,SOCKET_DECOY_LAUNCHER_02,7,
US_SSBN_Columbia,USA,SSBN,Columbia,10,TORPEDO_DEFENSE,TD-INTEGRATED,Integrated Torpedo Defense,TD-INTEGRATED-US,,Integrated Torpedo Defense,GAMEPLAY,GAMEPLAY,GAMEPLAY_POLICY,US_ACM_MOBILE_DECOY,SOCKET_DECOY_LAUNCHER_02,9,
US_SSBN_Columbia,USA,SSBN,Columbia,10,LAUNCHER,CML-EXTERNAL,External Launcher,CML-EXTERNAL-US,,External Launcher,GAMEPLAY,GAMEPLAY,GAMEPLAY_POLICY,US_CML_DECOY_LAUNCHER,SOCKET_DECOY_LAUNCHER_01,2,
US_SSBN_Columbia,USA,SSBN,Columbia,10,LAUNCHER,CML-TUBE,Countermeasure Tube,CML-TUBE-US,,Countermeasure Tube,GAMEPLAY,GAMEPLAY,GAMEPLAY_POLICY,GEN_CML_TUBE,SOCKET_DECOY_LAUNCHER_01,3,
US_SSBN_Columbia,USA,SSBN,Columbia,10,LAUNCHER,CML-ACOUSTIC-DEVICE,Acoustic Device Launcher,CML-ACOUSTIC-DEVICE-US,Internal Countermeasure Launcher (ICL),Acoustic Device Launcher,GAMEPLAY,GAMEPLAY,GAMEPLAY_POLICY,US_CML_DECOY_LAUNCHER,SOCKET_DECOY_LAUNCHER_01,4,
US_SSBN_Columbia,USA,SSBN,Columbia,10,LAUNCHER,CML-ADVANCED,Advanced Launcher,CML-ADVANCED-US,,Advanced Launcher,GAMEPLAY,GAMEPLAY,GAMEPLAY_POLICY,US_CML_DECOY_LAUNCHER,SOCKET_DECOY_LAUNCHER_01,7,
US_SSBN_Columbia,USA,SSBN,Columbia,10,LAUNCHER,CML-INTEGRATED,Integrated Launcher,CML-INTEGRATED-US,,Integrated Launcher,GAMEPLAY,GAMEPLAY,GAMEPLAY_POLICY,US_CML_DECOY_LAUNCHER,SOCKET_DECOY_LAUNCHER_01,8,
US_SSBN_Columbia,USA,SSBN,Columbia,10,DEFENSIVE_CONTROL,DC-CONSOLE,Defensive Control Console,DC-CONSOLE-US,,Defensive Control Console,GAMEPLAY,GAMEPLAY,GAMEPLAY_POLICY,US_DCM_CONSOLE,,2,
US_SSBN_Columbia,USA,SSBN,Columbia,10,DEFENSIVE_CONTROL,DC-INTEGRATED-CONTROL,Integrated Defensive Control,DC-INTEGRATED-CONTROL-US,,Integrated Defensive Control,GAMEPLAY,GAMEPLAY,GAMEPLAY_POLICY,US_DCM_CONSOLE,,6,
US_SSBN_Columbia,USA,SSBN,Columbia,10,DEFENSIVE_CONTROL,DC-AUTOMATED,Automated Defensive Control,DC-AUTOMATED-US,,Automated Defensive Control,GAMEPLAY,GAMEPLAY,GAMEPLAY_POLICY,US_DCM_CONSOLE,,8,
US_SSBN_Columbia,USA,SSBN,Columbia,10,INTEGRATED_DEFENSE,IDS-CORE,Integrated Defensive System,IDS-CORE-US,,Integrated Defensive System,GAMEPLAY,GAMEPLAY,GAMEPLAY_POLICY,US_DCM_CONSOLE,,6,
US_SSBN_Columbia,USA,SSBN,Columbia,10,INTEGRATED_DEFENSE,IDS-ADVANCED,Next Generation Defensive System,IDS-ADVANCED-US,,Next Generation Defensive System,GAMEPLAY,GAMEPLAY,GAMEPLAY_POLICY,US_DCM_CONSOLE,,9,
RU_SSN_November,Russia,SSN,November,2,ESM,ESM-BASIC-DETECTION,Basic Signal Detection,ESM-BASIC-DETECTION-RU,,Basic Signal Detection,GAMEPLAY,GAMEPLAY,GAMEPLAY_POLICY,RU_EW_AKULA,SOCKET_EW_MAST,1,
RU_SSN_November,Russia,SSN,November,2,ESM,ESM-IMPROVED-DETECTION,Improved Detection,ESM-IMPROVED-DETECTION-RU,,Improved Detection,GAMEPLAY,GAMEPLAY,GAMEPLAY_POLICY,RU_EW_AKULA,SOCKET_EW_MAST,2,
RU_SSN_November,Russia,SSN,November,2,ESM,ESM-CLASSIFICATION,Signal Classification,ESM-CLASSIFICATION-RU,,Signal Classification,GAMEPLAY,GAMEPLAY,GAMEPLAY_POLICY,RU_EW_AKULA,SOCKET_EW_MAST,3,
RU_SSN_November,Russia,SSN,November,2,ESM,ESM-DIGITAL,Digital ESM,ESM-DIGITAL-RU,,Digital ESM,UNKNOWN,UNKNOWN,UNKNOWN_INSUFFICIENT_PUBLIC_DATA,RU_EW_AKULA,SOCKET_EW_MAST,4,
RU_SSN_November,Russia,SSN,November,2,ESM,ESM-MULTIBAND,Multi-Band ESM,ESM-MULTIBAND-RU,,Multi-Band ESM,UNKNOWN,UNKNOWN,UNKNOWN_INSUFFICIENT_PUBLIC_DATA,RU_EW_AKULA,SOCKET_EW_MAST,5,
RU_SSN_November,Russia,SSN,November,2,ESM,ESM-INTEGRATED,Integrated ESM,ESM-INTEGRATED-RU,,Integrated ESM,INCOMPATIBLE,INCOMPATIBLE,ERA_WINDOW_POLICY,RU_EW_AKULA,SOCKET_EW_MAST,6,
RU_SSN_November,Russia,SSN,November,2,ESM,ESM-ADVANCED-THREAT-WARNING,Advanced Threat Warning,ESM-ADVANCED-THREAT-WARNING-RU,,Advanced Threat Warning,INCOMPATIBLE,INCOMPATIBLE,ERA_WINDOW_POLICY,RU_EW_AKULA,SOCKET_EW_MAST,7,
RU_SSN_November,Russia,SSN,November,2,ESM,ESM-MULTISENSOR-FUSION,Multi-Sensor Fusion,ESM-MULTISENSOR-FUSION-RU,,Multi-Sensor Fusion,INCOMPATIBLE,INCOMPATIBLE,ERA_WINDOW_POLICY,RU_EW_AKULA,SOCKET_EW_MAST,8,
RU_SSN_November,Russia,SSN,November,2,ESM,ESM-ADVANCED-EW,Advanced Integrated EW,ESM-ADVANCED-EW-RU,,Advanced Integrated EW,INCOMPATIBLE,INCOMPATIBLE,ERA_WINDOW_POLICY,RU_EW_AKULA,SOCKET_EW_MAST,9,
RU_SSN_November,Russia,SSN,November,2,ESM,ESM-NEXTGEN,Next Generation Defensive Electronic System,ESM-NEXTGEN-RU,,Next Generation Defensive Electronic System,INCOMPATIBLE,INCOMPATIBLE,ERA_WINDOW_POLICY,RU_EW_AKULA,SOCKET_EW_MAST,10,
RU_SSN_November,Russia,SSN,November,2,THREAT_WARNING,TW-RADAR-WARNING,Radar Warning,TW-RADAR-WARNING-RU,,Radar Warning,GAMEPLAY,GAMEPLAY,GAMEPLAY_POLICY,,SOCKET_EW_ANTENNA,1,
RU_SSN_November,Russia,SSN,November,2,THREAT_WARNING,TW-ELECTRONIC-WARNING,Electronic Threat Warning,TW-ELECTRONIC-WARNING-RU,,Electronic Threat Warning,GAMEPLAY,GAMEPLAY,GAMEPLAY_POLICY,,SOCKET_EW_ANTENNA,3,
RU_SSN_November,Russia,SSN,November,2,THREAT_WARNING,TW-ACTIVE-SONAR-WARNING,Active Sonar Warning,TW-ACTIVE-SONAR-WARNING-RU,,Active Sonar Warning,UNKNOWN,UNKNOWN,UNKNOWN_INSUFFICIENT_PUBLIC_DATA,,SOCKET_EW_ANTENNA,4,
RU_SSN_November,Russia,SSN,November,2,THREAT_WARNING,TW-TORPEDO-WARNING,Torpedo Warning,TW-TORPEDO-WARNING-RU,,Torpedo Warning,UNKNOWN,UNKNOWN,UNKNOWN_INSUFFICIENT_PUBLIC_DATA,GEN_TW_TORPEDO_WARNING_SENSOR,SOCKET_EW_ANTENNA,5,
RU_SSN_November,Russia,SSN,November,2,THREAT_WARNING,TW-ACOUSTIC-CLASSIFICATION,Acoustic Threat Classification,TW-ACOUSTIC-CLASSIFICATION-RU,,Acoustic Threat Classification,INCOMPATIBLE,INCOMPATIBLE,ERA_WINDOW_POLICY,,SOCKET_EW_ANTENNA,6,
RU_SSN_November,Russia,SSN,November,2,ACOUSTIC_COUNTERMEASURE,ACM-NOISE-MAKER,Noise Maker,ACM-NOISE-MAKER-RU,,Noise Maker,GAMEPLAY,GAMEPLAY,GAMEPLAY_POLICY,GEN_ACM_NOISE_MAKER,SOCKET_COUNTERMEASURE_01,1,
RU_SSN_November,Russia,SSN,November,2,ACOUSTIC_COUNTERMEASURE,ACM-ACOUSTIC-DECOY,Acoustic Decoy,ACM-ACOUSTIC-DECOY-RU,,Acoustic Decoy,GAMEPLAY,GAMEPLAY,GAMEPLAY_POLICY,US_ACM_TORPEDO_DECOY,SOCKET_COUNTERMEASURE_01,2,
RU_SSN_November,Russia,SSN,November,2,ACOUSTIC_COUNTERMEASURE,ACM-TORPEDO-DECOY,Torpedo Decoy,ACM-TORPEDO-DECOY-RU,MG-74 Korund-2 / MG-104 Brosok / MG-114 Berill,Torpedo Decoy,UNKNOWN,UNKNOWN,UNKNOWN_INSUFFICIENT_PUBLIC_DATA,US_ACM_TORPEDO_DECOY,SOCKET_COUNTERMEASURE_01,4,
RU_SSN_November,Russia,SSN,November,2,ACOUSTIC_COUNTERMEASURE,ACM-MOBILE-DECOY,Mobile Acoustic Decoy,ACM-MOBILE-DECOY-RU,MG-74 Korund-2,Mobile Acoustic Decoy,UNKNOWN,UNKNOWN,UNKNOWN_INSUFFICIENT_PUBLIC_DATA,US_ACM_MOBILE_DECOY,SOCKET_COUNTERMEASURE_01,5,
RU_SSN_November,Russia,SSN,November,2,ACOUSTIC_COUNTERMEASURE,ACM-ADVANCED,Advanced Acoustic Countermeasure,ACM-ADVANCED-RU,,Advanced Acoustic Countermeasure,INCOMPATIBLE,INCOMPATIBLE,ERA_WINDOW_POLICY,US_ACM_MOBILE_DECOY,SOCKET_COUNTERMEASURE_01,7,
RU_SSN_November,Russia,SSN,November,2,ACOUSTIC_COUNTERMEASURE,ACM-INTEGRATED,Integrated Acoustic Defense,ACM-INTEGRATED-RU,,Integrated Acoustic Defense,INCOMPATIBLE,INCOMPATIBLE,ERA_WINDOW_POLICY,US_ACM_MOBILE_DECOY,SOCKET_COUNTERMEASURE_01,8,
RU_SSN_November,Russia,SSN,November,2,DECOY,DEC-PASSIVE,Passive Decoy,DEC-PASSIVE-RU,,Passive Decoy,GAMEPLAY,GAMEPLAY,GAMEPLAY_POLICY,,SOCKET_COUNTERMEASURE_02,1,
RU_SSN_November,Russia,SSN,November,2,DECOY,DEC-ACTIVE,Active Decoy,DEC-ACTIVE-RU,,Active Decoy,GAMEPLAY,GAMEPLAY,GAMEPLAY_POLICY,US_ACM_TORPEDO_DECOY,SOCKET_COUNTERMEASURE_02,3,
RU_SSN_November,Russia,SSN,November,2,DECOY,DEC-ACOUSTIC,Acoustic Decoy,DEC-ACOUSTIC-RU,,Acoustic Decoy,GAMEPLAY,GAMEPLAY,GAMEPLAY_POLICY,US_ACM_TORPEDO_DECOY,SOCKET_COUNTERMEASURE_02,2,
RU_SSN_November,Russia,SSN,November,2,DECOY,DEC-TORPEDO,Torpedo Decoy,DEC-TORPEDO-RU,MG-104 Brosok / MG-114 Berill,Torpedo Decoy,UNKNOWN,UNKNOWN,UNKNOWN_INSUFFICIENT_PUBLIC_DATA,US_ACM_TORPEDO_DECOY,SOCKET_COUNTERMEASURE_02,4,
RU_SSN_November,Russia,SSN,November,2,DECOY,DEC-MOBILE,Mobile Decoy,DEC-MOBILE-RU,MG-74 Korund-2,Mobile Decoy,UNKNOWN,UNKNOWN,UNKNOWN_INSUFFICIENT_PUBLIC_DATA,US_ACM_MOBILE_DECOY,SOCKET_COUNTERMEASURE_02,5,
RU_SSN_November,Russia,SSN,November,2,DECOY,DEC-ADVANCED,Advanced Decoy,DEC-ADVANCED-RU,,Advanced Decoy,INCOMPATIBLE,INCOMPATIBLE,ERA_WINDOW_POLICY,US_ACM_MOBILE_DECOY,SOCKET_COUNTERMEASURE_02,7,
RU_SSN_November,Russia,SSN,November,2,NOISE_MAKER,NM-EARLY,Early Noise Maker,NM-EARLY-RU,,Early Noise Maker,GAMEPLAY,GAMEPLAY,GAMEPLAY_POLICY,GEN_ACM_NOISE_MAKER,SOCKET_COUNTERMEASURE_02,1,
RU_SSN_November,Russia,SSN,November,2,NOISE_MAKER,NM-IMPROVED,Improved Noise Maker,NM-IMPROVED-RU,,Improved Noise Maker,GAMEPLAY,GAMEPLAY,GAMEPLAY_POLICY,GEN_ACM_NOISE_MAKER,SOCKET_COUNTERMEASURE_02,3,
RU_SSN_November,Russia,SSN,November,2,NOISE_MAKER,NM-MODERN,Modern Noise Maker,NM-MODERN-RU,,Modern Noise Maker,INCOMPATIBLE,INCOMPATIBLE,ERA_WINDOW_POLICY,GEN_ACM_NOISE_MAKER,SOCKET_COUNTERMEASURE_02,6,
RU_SSN_November,Russia,SSN,November,2,NOISE_MAKER,NM-ADVANCED,Advanced Acoustic Countermeasure,NM-ADVANCED-RU,,Advanced Acoustic Countermeasure,INCOMPATIBLE,INCOMPATIBLE,ERA_WINDOW_POLICY,GEN_ACM_NOISE_MAKER,SOCKET_COUNTERMEASURE_02,8,
RU_SSN_November,Russia,SSN,November,2,TORPEDO_DEFENSE,TD-WARNING,Torpedo Warning,TD-WARNING-RU,,Torpedo Warning,UNKNOWN,UNKNOWN,UNKNOWN_INSUFFICIENT_PUBLIC_DATA,GEN_TW_TORPEDO_WARNING_SENSOR,SOCKET_DECOY_LAUNCHER_02,4,
RU_SSN_November,Russia,SSN,November,2,TORPEDO_DEFENSE,TD-COUNTERMEASURE,Countermeasure,TD-COUNTERMEASURE-RU,,Countermeasure,UNKNOWN,UNKNOWN,UNKNOWN_INSUFFICIENT_PUBLIC_DATA,US_ACM_TORPEDO_DECOY,SOCKET_DECOY_LAUNCHER_02,5,
RU_SSN_November,Russia,SSN,November,2,TORPEDO_DEFENSE,TD-ADVANCED,Advanced Countermeasure,TD-ADVANCED-RU,,Advanced Countermeasure,INCOMPATIBLE,INCOMPATIBLE,ERA_WINDOW_POLICY,US_ACM_MOBILE_DECOY,SOCKET_DECOY_LAUNCHER_02,7,
RU_SSN_November,Russia,SSN,November,2,TORPEDO_DEFENSE,TD-INTEGRATED,Integrated Torpedo Defense,TD-INTEGRATED-RU,,Integrated Torpedo Defense,INCOMPATIBLE,INCOMPATIBLE,ERA_WINDOW_POLICY,US_ACM_MOBILE_DECOY,SOCKET_DECOY_LAUNCHER_02,9,
RU_SSN_November,Russia,SSN,November,2,LAUNCHER,CML-EXTERNAL,External Launcher,CML-EXTERNAL-RU,REPS-324 Shlagbaum,External Launcher,GAMEPLAY,GAMEPLAY,GAMEPLAY_POLICY,US_CML_DECOY_LAUNCHER,SOCKET_DECOY_LAUNCHER_01,2,
RU_SSN_November,Russia,SSN,November,2,LAUNCHER,CML-TUBE,Countermeasure Tube,CML-TUBE-RU,,Countermeasure Tube,GAMEPLAY,GAMEPLAY,GAMEPLAY_POLICY,GEN_CML_TUBE,SOCKET_DECOY_LAUNCHER_01,3,
RU_SSN_November,Russia,SSN,November,2,LAUNCHER,CML-ACOUSTIC-DEVICE,Acoustic Device Launcher,CML-ACOUSTIC-DEVICE-RU,,Acoustic Device Launcher,UNKNOWN,UNKNOWN,UNKNOWN_INSUFFICIENT_PUBLIC_DATA,US_CML_DECOY_LAUNCHER,SOCKET_DECOY_LAUNCHER_01,4,
RU_SSN_November,Russia,SSN,November,2,LAUNCHER,CML-ADVANCED,Advanced Launcher,CML-ADVANCED-RU,,Advanced Launcher,INCOMPATIBLE,INCOMPATIBLE,ERA_WINDOW_POLICY,US_CML_DECOY_LAUNCHER,SOCKET_DECOY_LAUNCHER_01,7,
RU_SSN_November,Russia,SSN,November,2,LAUNCHER,CML-INTEGRATED,Integrated Launcher,CML-INTEGRATED-RU,,Integrated Launcher,INCOMPATIBLE,INCOMPATIBLE,ERA_WINDOW_POLICY,US_CML_DECOY_LAUNCHER,SOCKET_DECOY_LAUNCHER_01,8,
RU_SSN_November,Russia,SSN,November,2,DEFENSIVE_CONTROL,DC-CONSOLE,Defensive Control Console,DC-CONSOLE-RU,,Defensive Control Console,GAMEPLAY,GAMEPLAY,GAMEPLAY_POLICY,US_DCM_CONSOLE,,2,
RU_SSN_November,Russia,SSN,November,2,DEFENSIVE_CONTROL,DC-INTEGRATED-CONTROL,Integrated Defensive Control,DC-INTEGRATED-CONTROL-RU,,Integrated Defensive Control,INCOMPATIBLE,INCOMPATIBLE,ERA_WINDOW_POLICY,US_DCM_CONSOLE,,6,
RU_SSN_November,Russia,SSN,November,2,DEFENSIVE_CONTROL,DC-AUTOMATED,Automated Defensive Control,DC-AUTOMATED-RU,,Automated Defensive Control,INCOMPATIBLE,INCOMPATIBLE,ERA_WINDOW_POLICY,US_DCM_CONSOLE,,8,
RU_SSN_November,Russia,SSN,November,2,INTEGRATED_DEFENSE,IDS-CORE,Integrated Defensive System,IDS-CORE-RU,,Integrated Defensive System,INCOMPATIBLE,INCOMPATIBLE,ERA_WINDOW_POLICY,US_DCM_CONSOLE,,6,
RU_SSN_November,Russia,SSN,November,2,INTEGRATED_DEFENSE,IDS-ADVANCED,Next Generation Defensive System,IDS-ADVANCED-RU,,Next Generation Defensive System,INCOMPATIBLE,INCOMPATIBLE,ERA_WINDOW_POLICY,US_DCM_CONSOLE,,9,
RU_SSN_Victor,Russia,SSN,Victor,4,ESM,ESM-BASIC-DETECTION,Basic Signal Detection,ESM-BASIC-DETECTION-RU,,Basic Signal Detection,GAMEPLAY,GAMEPLAY,GAMEPLAY_POLICY,RU_EW_AKULA,SOCKET_EW_MAST,1,
RU_SSN_Victor,Russia,SSN,Victor,4,ESM,ESM-IMPROVED-DETECTION,Improved Detection,ESM-IMPROVED-DETECTION-RU,,Improved Detection,GAMEPLAY,GAMEPLAY,GAMEPLAY_POLICY,RU_EW_AKULA,SOCKET_EW_MAST,2,
RU_SSN_Victor,Russia,SSN,Victor,4,ESM,ESM-CLASSIFICATION,Signal Classification,ESM-CLASSIFICATION-RU,,Signal Classification,GAMEPLAY,GAMEPLAY,GAMEPLAY_POLICY,RU_EW_AKULA,SOCKET_EW_MAST,3,
RU_SSN_Victor,Russia,SSN,Victor,4,ESM,ESM-DIGITAL,Digital ESM,ESM-DIGITAL-RU,,Digital ESM,GAMEPLAY,GAMEPLAY,GAMEPLAY_POLICY,RU_EW_AKULA,SOCKET_EW_MAST,4,
RU_SSN_Victor,Russia,SSN,Victor,4,ESM,ESM-MULTIBAND,Multi-Band ESM,ESM-MULTIBAND-RU,,Multi-Band ESM,GAMEPLAY,GAMEPLAY,GAMEPLAY_POLICY,RU_EW_AKULA,SOCKET_EW_MAST,5,
RU_SSN_Victor,Russia,SSN,Victor,4,ESM,ESM-INTEGRATED,Integrated ESM,ESM-INTEGRATED-RU,,Integrated ESM,UNKNOWN,UNKNOWN,UNKNOWN_INSUFFICIENT_PUBLIC_DATA,RU_EW_AKULA,SOCKET_EW_MAST,6,
RU_SSN_Victor,Russia,SSN,Victor,4,ESM,ESM-ADVANCED-THREAT-WARNING,Advanced Threat Warning,ESM-ADVANCED-THREAT-WARNING-RU,,Advanced Threat Warning,UNKNOWN,UNKNOWN,UNKNOWN_INSUFFICIENT_PUBLIC_DATA,RU_EW_AKULA,SOCKET_EW_MAST,7,
RU_SSN_Victor,Russia,SSN,Victor,4,ESM,ESM-MULTISENSOR-FUSION,Multi-Sensor Fusion,ESM-MULTISENSOR-FUSION-RU,,Multi-Sensor Fusion,INCOMPATIBLE,INCOMPATIBLE,ERA_WINDOW_POLICY,RU_EW_AKULA,SOCKET_EW_MAST,8,
RU_SSN_Victor,Russia,SSN,Victor,4,ESM,ESM-ADVANCED-EW,Advanced Integrated EW,ESM-ADVANCED-EW-RU,,Advanced Integrated EW,INCOMPATIBLE,INCOMPATIBLE,ERA_WINDOW_POLICY,RU_EW_AKULA,SOCKET_EW_MAST,9,
RU_SSN_Victor,Russia,SSN,Victor,4,ESM,ESM-NEXTGEN,Next Generation Defensive Electronic System,ESM-NEXTGEN-RU,,Next Generation Defensive Electronic System,INCOMPATIBLE,INCOMPATIBLE,ERA_WINDOW_POLICY,RU_EW_AKULA,SOCKET_EW_MAST,10,
RU_SSN_Victor,Russia,SSN,Victor,4,THREAT_WARNING,TW-RADAR-WARNING,Radar Warning,TW-RADAR-WARNING-RU,,Radar Warning,GAMEPLAY,GAMEPLAY,GAMEPLAY_POLICY,,SOCKET_EW_ANTENNA,1,
RU_SSN_Victor,Russia,SSN,Victor,4,THREAT_WARNING,TW-ELECTRONIC-WARNING,Electronic Threat Warning,TW-ELECTRONIC-WARNING-RU,,Electronic Threat Warning,GAMEPLAY,GAMEPLAY,GAMEPLAY_POLICY,,SOCKET_EW_ANTENNA,3,
RU_SSN_Victor,Russia,SSN,Victor,4,THREAT_WARNING,TW-ACTIVE-SONAR-WARNING,Active Sonar Warning,TW-ACTIVE-SONAR-WARNING-RU,,Active Sonar Warning,GAMEPLAY,GAMEPLAY,GAMEPLAY_POLICY,,SOCKET_EW_ANTENNA,4,
RU_SSN_Victor,Russia,SSN,Victor,4,THREAT_WARNING,TW-TORPEDO-WARNING,Torpedo Warning,TW-TORPEDO-WARNING-RU,,Torpedo Warning,GAMEPLAY,GAMEPLAY,GAMEPLAY_POLICY,GEN_TW_TORPEDO_WARNING_SENSOR,SOCKET_EW_ANTENNA,5,
RU_SSN_Victor,Russia,SSN,Victor,4,THREAT_WARNING,TW-ACOUSTIC-CLASSIFICATION,Acoustic Threat Classification,TW-ACOUSTIC-CLASSIFICATION-RU,,Acoustic Threat Classification,UNKNOWN,UNKNOWN,UNKNOWN_INSUFFICIENT_PUBLIC_DATA,,SOCKET_EW_ANTENNA,6,
RU_SSN_Victor,Russia,SSN,Victor,4,ACOUSTIC_COUNTERMEASURE,ACM-NOISE-MAKER,Noise Maker,ACM-NOISE-MAKER-RU,,Noise Maker,GAMEPLAY,GAMEPLAY,GAMEPLAY_POLICY,GEN_ACM_NOISE_MAKER,SOCKET_COUNTERMEASURE_01,1,
RU_SSN_Victor,Russia,SSN,Victor,4,ACOUSTIC_COUNTERMEASURE,ACM-ACOUSTIC-DECOY,Acoustic Decoy,ACM-ACOUSTIC-DECOY-RU,,Acoustic Decoy,GAMEPLAY,GAMEPLAY,GAMEPLAY_POLICY,US_ACM_TORPEDO_DECOY,SOCKET_COUNTERMEASURE_01,2,
RU_SSN_Victor,Russia,SSN,Victor,4,ACOUSTIC_COUNTERMEASURE,ACM-TORPEDO-DECOY,Torpedo Decoy,ACM-TORPEDO-DECOY-RU,MG-74 Korund-2 / MG-104 Brosok / MG-114 Berill,Torpedo Decoy,GAMEPLAY,GAMEPLAY,GAMEPLAY_POLICY,US_ACM_TORPEDO_DECOY,SOCKET_COUNTERMEASURE_01,4,
RU_SSN_Victor,Russia,SSN,Victor,4,ACOUSTIC_COUNTERMEASURE,ACM-MOBILE-DECOY,Mobile Acoustic Decoy,ACM-MOBILE-DECOY-RU,MG-74 Korund-2,Mobile Acoustic Decoy,GAMEPLAY,GAMEPLAY,GAMEPLAY_POLICY,US_ACM_MOBILE_DECOY,SOCKET_COUNTERMEASURE_01,5,
RU_SSN_Victor,Russia,SSN,Victor,4,ACOUSTIC_COUNTERMEASURE,ACM-ADVANCED,Advanced Acoustic Countermeasure,ACM-ADVANCED-RU,,Advanced Acoustic Countermeasure,UNKNOWN,UNKNOWN,UNKNOWN_INSUFFICIENT_PUBLIC_DATA,US_ACM_MOBILE_DECOY,SOCKET_COUNTERMEASURE_01,7,
RU_SSN_Victor,Russia,SSN,Victor,4,ACOUSTIC_COUNTERMEASURE,ACM-INTEGRATED,Integrated Acoustic Defense,ACM-INTEGRATED-RU,,Integrated Acoustic Defense,INCOMPATIBLE,INCOMPATIBLE,ERA_WINDOW_POLICY,US_ACM_MOBILE_DECOY,SOCKET_COUNTERMEASURE_01,8,
RU_SSN_Victor,Russia,SSN,Victor,4,DECOY,DEC-PASSIVE,Passive Decoy,DEC-PASSIVE-RU,,Passive Decoy,GAMEPLAY,GAMEPLAY,GAMEPLAY_POLICY,,SOCKET_COUNTERMEASURE_02,1,
RU_SSN_Victor,Russia,SSN,Victor,4,DECOY,DEC-ACTIVE,Active Decoy,DEC-ACTIVE-RU,,Active Decoy,GAMEPLAY,GAMEPLAY,GAMEPLAY_POLICY,US_ACM_TORPEDO_DECOY,SOCKET_COUNTERMEASURE_02,3,
RU_SSN_Victor,Russia,SSN,Victor,4,DECOY,DEC-ACOUSTIC,Acoustic Decoy,DEC-ACOUSTIC-RU,,Acoustic Decoy,GAMEPLAY,GAMEPLAY,GAMEPLAY_POLICY,US_ACM_TORPEDO_DECOY,SOCKET_COUNTERMEASURE_02,2,
RU_SSN_Victor,Russia,SSN,Victor,4,DECOY,DEC-TORPEDO,Torpedo Decoy,DEC-TORPEDO-RU,MG-104 Brosok / MG-114 Berill,Torpedo Decoy,GAMEPLAY,GAMEPLAY,GAMEPLAY_POLICY,US_ACM_TORPEDO_DECOY,SOCKET_COUNTERMEASURE_02,4,
RU_SSN_Victor,Russia,SSN,Victor,4,DECOY,DEC-MOBILE,Mobile Decoy,DEC-MOBILE-RU,MG-74 Korund-2,Mobile Decoy,GAMEPLAY,GAMEPLAY,GAMEPLAY_POLICY,US_ACM_MOBILE_DECOY,SOCKET_COUNTERMEASURE_02,5,
RU_SSN_Victor,Russia,SSN,Victor,4,DECOY,DEC-ADVANCED,Advanced Decoy,DEC-ADVANCED-RU,,Advanced Decoy,UNKNOWN,UNKNOWN,UNKNOWN_INSUFFICIENT_PUBLIC_DATA,US_ACM_MOBILE_DECOY,SOCKET_COUNTERMEASURE_02,7,
RU_SSN_Victor,Russia,SSN,Victor,4,NOISE_MAKER,NM-EARLY,Early Noise Maker,NM-EARLY-RU,,Early Noise Maker,GAMEPLAY,GAMEPLAY,GAMEPLAY_POLICY,GEN_ACM_NOISE_MAKER,SOCKET_COUNTERMEASURE_02,1,
RU_SSN_Victor,Russia,SSN,Victor,4,NOISE_MAKER,NM-IMPROVED,Improved Noise Maker,NM-IMPROVED-RU,,Improved Noise Maker,GAMEPLAY,GAMEPLAY,GAMEPLAY_POLICY,GEN_ACM_NOISE_MAKER,SOCKET_COUNTERMEASURE_02,3,
RU_SSN_Victor,Russia,SSN,Victor,4,NOISE_MAKER,NM-MODERN,Modern Noise Maker,NM-MODERN-RU,,Modern Noise Maker,UNKNOWN,UNKNOWN,UNKNOWN_INSUFFICIENT_PUBLIC_DATA,GEN_ACM_NOISE_MAKER,SOCKET_COUNTERMEASURE_02,6,
RU_SSN_Victor,Russia,SSN,Victor,4,NOISE_MAKER,NM-ADVANCED,Advanced Acoustic Countermeasure,NM-ADVANCED-RU,,Advanced Acoustic Countermeasure,INCOMPATIBLE,INCOMPATIBLE,ERA_WINDOW_POLICY,GEN_ACM_NOISE_MAKER,SOCKET_COUNTERMEASURE_02,8,
RU_SSN_Victor,Russia,SSN,Victor,4,TORPEDO_DEFENSE,TD-WARNING,Torpedo Warning,TD-WARNING-RU,,Torpedo Warning,GAMEPLAY,GAMEPLAY,GAMEPLAY_POLICY,GEN_TW_TORPEDO_WARNING_SENSOR,SOCKET_DECOY_LAUNCHER_02,4,
RU_SSN_Victor,Russia,SSN,Victor,4,TORPEDO_DEFENSE,TD-COUNTERMEASURE,Countermeasure,TD-COUNTERMEASURE-RU,,Countermeasure,GAMEPLAY,GAMEPLAY,GAMEPLAY_POLICY,US_ACM_TORPEDO_DECOY,SOCKET_DECOY_LAUNCHER_02,5,
RU_SSN_Victor,Russia,SSN,Victor,4,TORPEDO_DEFENSE,TD-ADVANCED,Advanced Countermeasure,TD-ADVANCED-RU,,Advanced Countermeasure,UNKNOWN,UNKNOWN,UNKNOWN_INSUFFICIENT_PUBLIC_DATA,US_ACM_MOBILE_DECOY,SOCKET_DECOY_LAUNCHER_02,7,
RU_SSN_Victor,Russia,SSN,Victor,4,TORPEDO_DEFENSE,TD-INTEGRATED,Integrated Torpedo Defense,TD-INTEGRATED-RU,,Integrated Torpedo Defense,INCOMPATIBLE,INCOMPATIBLE,ERA_WINDOW_POLICY,US_ACM_MOBILE_DECOY,SOCKET_DECOY_LAUNCHER_02,9,
RU_SSN_Victor,Russia,SSN,Victor,4,LAUNCHER,CML-EXTERNAL,External Launcher,CML-EXTERNAL-RU,REPS-324 Shlagbaum,External Launcher,GAMEPLAY,GAMEPLAY,GAMEPLAY_POLICY,US_CML_DECOY_LAUNCHER,SOCKET_DECOY_LAUNCHER_01,2,
RU_SSN_Victor,Russia,SSN,Victor,4,LAUNCHER,CML-TUBE,Countermeasure Tube,CML-TUBE-RU,,Countermeasure Tube,GAMEPLAY,GAMEPLAY,GAMEPLAY_POLICY,GEN_CML_TUBE,SOCKET_DECOY_LAUNCHER_01,3,
RU_SSN_Victor,Russia,SSN,Victor,4,LAUNCHER,CML-ACOUSTIC-DEVICE,Acoustic Device Launcher,CML-ACOUSTIC-DEVICE-RU,,Acoustic Device Launcher,GAMEPLAY,GAMEPLAY,GAMEPLAY_POLICY,US_CML_DECOY_LAUNCHER,SOCKET_DECOY_LAUNCHER_01,4,
RU_SSN_Victor,Russia,SSN,Victor,4,LAUNCHER,CML-ADVANCED,Advanced Launcher,CML-ADVANCED-RU,,Advanced Launcher,UNKNOWN,UNKNOWN,UNKNOWN_INSUFFICIENT_PUBLIC_DATA,US_CML_DECOY_LAUNCHER,SOCKET_DECOY_LAUNCHER_01,7,
RU_SSN_Victor,Russia,SSN,Victor,4,LAUNCHER,CML-INTEGRATED,Integrated Launcher,CML-INTEGRATED-RU,,Integrated Launcher,INCOMPATIBLE,INCOMPATIBLE,ERA_WINDOW_POLICY,US_CML_DECOY_LAUNCHER,SOCKET_DECOY_LAUNCHER_01,8,
RU_SSN_Victor,Russia,SSN,Victor,4,DEFENSIVE_CONTROL,DC-CONSOLE,Defensive Control Console,DC-CONSOLE-RU,,Defensive Control Console,GAMEPLAY,GAMEPLAY,GAMEPLAY_POLICY,US_DCM_CONSOLE,,2,
RU_SSN_Victor,Russia,SSN,Victor,4,DEFENSIVE_CONTROL,DC-INTEGRATED-CONTROL,Integrated Defensive Control,DC-INTEGRATED-CONTROL-RU,,Integrated Defensive Control,UNKNOWN,UNKNOWN,UNKNOWN_INSUFFICIENT_PUBLIC_DATA,US_DCM_CONSOLE,,6,
RU_SSN_Victor,Russia,SSN,Victor,4,DEFENSIVE_CONTROL,DC-AUTOMATED,Automated Defensive Control,DC-AUTOMATED-RU,,Automated Defensive Control,INCOMPATIBLE,INCOMPATIBLE,ERA_WINDOW_POLICY,US_DCM_CONSOLE,,8,
RU_SSN_Victor,Russia,SSN,Victor,4,INTEGRATED_DEFENSE,IDS-CORE,Integrated Defensive System,IDS-CORE-RU,,Integrated Defensive System,UNKNOWN,UNKNOWN,UNKNOWN_INSUFFICIENT_PUBLIC_DATA,US_DCM_CONSOLE,,6,
RU_SSN_Victor,Russia,SSN,Victor,4,INTEGRATED_DEFENSE,IDS-ADVANCED,Next Generation Defensive System,IDS-ADVANCED-RU,,Next Generation Defensive System,INCOMPATIBLE,INCOMPATIBLE,ERA_WINDOW_POLICY,US_DCM_CONSOLE,,9,
RU_SSN_Sierra,Russia,SSN,Sierra,6,ESM,ESM-BASIC-DETECTION,Basic Signal Detection,ESM-BASIC-DETECTION-RU,,Basic Signal Detection,GAMEPLAY,GAMEPLAY,GAMEPLAY_POLICY,RU_EW_AKULA,SOCKET_EW_MAST,1,
RU_SSN_Sierra,Russia,SSN,Sierra,6,ESM,ESM-IMPROVED-DETECTION,Improved Detection,ESM-IMPROVED-DETECTION-RU,,Improved Detection,GAMEPLAY,GAMEPLAY,GAMEPLAY_POLICY,RU_EW_AKULA,SOCKET_EW_MAST,2,
RU_SSN_Sierra,Russia,SSN,Sierra,6,ESM,ESM-CLASSIFICATION,Signal Classification,ESM-CLASSIFICATION-RU,,Signal Classification,GAMEPLAY,GAMEPLAY,GAMEPLAY_POLICY,RU_EW_AKULA,SOCKET_EW_MAST,3,
RU_SSN_Sierra,Russia,SSN,Sierra,6,ESM,ESM-DIGITAL,Digital ESM,ESM-DIGITAL-RU,,Digital ESM,GAMEPLAY,GAMEPLAY,GAMEPLAY_POLICY,RU_EW_AKULA,SOCKET_EW_MAST,4,
RU_SSN_Sierra,Russia,SSN,Sierra,6,ESM,ESM-MULTIBAND,Multi-Band ESM,ESM-MULTIBAND-RU,,Multi-Band ESM,GAMEPLAY,GAMEPLAY,GAMEPLAY_POLICY,RU_EW_AKULA,SOCKET_EW_MAST,5,
RU_SSN_Sierra,Russia,SSN,Sierra,6,ESM,ESM-INTEGRATED,Integrated ESM,ESM-INTEGRATED-RU,,Integrated ESM,GAMEPLAY,GAMEPLAY,GAMEPLAY_POLICY,RU_EW_AKULA,SOCKET_EW_MAST,6,
RU_SSN_Sierra,Russia,SSN,Sierra,6,ESM,ESM-ADVANCED-THREAT-WARNING,Advanced Threat Warning,ESM-ADVANCED-THREAT-WARNING-RU,,Advanced Threat Warning,GAMEPLAY,GAMEPLAY,GAMEPLAY_POLICY,RU_EW_AKULA,SOCKET_EW_MAST,7,
RU_SSN_Sierra,Russia,SSN,Sierra,6,ESM,ESM-MULTISENSOR-FUSION,Multi-Sensor Fusion,ESM-MULTISENSOR-FUSION-RU,,Multi-Sensor Fusion,UNKNOWN,UNKNOWN,UNKNOWN_INSUFFICIENT_PUBLIC_DATA,RU_EW_AKULA,SOCKET_EW_MAST,8,
RU_SSN_Sierra,Russia,SSN,Sierra,6,ESM,ESM-ADVANCED-EW,Advanced Integrated EW,ESM-ADVANCED-EW-RU,,Advanced Integrated EW,UNKNOWN,UNKNOWN,UNKNOWN_INSUFFICIENT_PUBLIC_DATA,RU_EW_AKULA,SOCKET_EW_MAST,9,
RU_SSN_Sierra,Russia,SSN,Sierra,6,ESM,ESM-NEXTGEN,Next Generation Defensive Electronic System,ESM-NEXTGEN-RU,,Next Generation Defensive Electronic System,INCOMPATIBLE,INCOMPATIBLE,ERA_WINDOW_POLICY,RU_EW_AKULA,SOCKET_EW_MAST,10,
RU_SSN_Sierra,Russia,SSN,Sierra,6,THREAT_WARNING,TW-RADAR-WARNING,Radar Warning,TW-RADAR-WARNING-RU,,Radar Warning,GAMEPLAY,GAMEPLAY,GAMEPLAY_POLICY,,SOCKET_EW_ANTENNA,1,
RU_SSN_Sierra,Russia,SSN,Sierra,6,THREAT_WARNING,TW-ELECTRONIC-WARNING,Electronic Threat Warning,TW-ELECTRONIC-WARNING-RU,,Electronic Threat Warning,GAMEPLAY,GAMEPLAY,GAMEPLAY_POLICY,,SOCKET_EW_ANTENNA,3,
RU_SSN_Sierra,Russia,SSN,Sierra,6,THREAT_WARNING,TW-ACTIVE-SONAR-WARNING,Active Sonar Warning,TW-ACTIVE-SONAR-WARNING-RU,,Active Sonar Warning,GAMEPLAY,GAMEPLAY,GAMEPLAY_POLICY,,SOCKET_EW_ANTENNA,4,
RU_SSN_Sierra,Russia,SSN,Sierra,6,THREAT_WARNING,TW-TORPEDO-WARNING,Torpedo Warning,TW-TORPEDO-WARNING-RU,,Torpedo Warning,GAMEPLAY,GAMEPLAY,GAMEPLAY_POLICY,GEN_TW_TORPEDO_WARNING_SENSOR,SOCKET_EW_ANTENNA,5,
RU_SSN_Sierra,Russia,SSN,Sierra,6,THREAT_WARNING,TW-ACOUSTIC-CLASSIFICATION,Acoustic Threat Classification,TW-ACOUSTIC-CLASSIFICATION-RU,,Acoustic Threat Classification,GAMEPLAY,GAMEPLAY,GAMEPLAY_POLICY,,SOCKET_EW_ANTENNA,6,
RU_SSN_Sierra,Russia,SSN,Sierra,6,ACOUSTIC_COUNTERMEASURE,ACM-NOISE-MAKER,Noise Maker,ACM-NOISE-MAKER-RU,,Noise Maker,GAMEPLAY,GAMEPLAY,GAMEPLAY_POLICY,GEN_ACM_NOISE_MAKER,SOCKET_COUNTERMEASURE_01,1,
RU_SSN_Sierra,Russia,SSN,Sierra,6,ACOUSTIC_COUNTERMEASURE,ACM-ACOUSTIC-DECOY,Acoustic Decoy,ACM-ACOUSTIC-DECOY-RU,,Acoustic Decoy,GAMEPLAY,GAMEPLAY,GAMEPLAY_POLICY,US_ACM_TORPEDO_DECOY,SOCKET_COUNTERMEASURE_01,2,
RU_SSN_Sierra,Russia,SSN,Sierra,6,ACOUSTIC_COUNTERMEASURE,ACM-TORPEDO-DECOY,Torpedo Decoy,ACM-TORPEDO-DECOY-RU,MG-74 Korund-2 / MG-104 Brosok / MG-114 Berill,Torpedo Decoy,GAMEPLAY,GAMEPLAY,GAMEPLAY_POLICY,US_ACM_TORPEDO_DECOY,SOCKET_COUNTERMEASURE_01,4,
RU_SSN_Sierra,Russia,SSN,Sierra,6,ACOUSTIC_COUNTERMEASURE,ACM-MOBILE-DECOY,Mobile Acoustic Decoy,ACM-MOBILE-DECOY-RU,MG-74 Korund-2,Mobile Acoustic Decoy,GAMEPLAY,GAMEPLAY,GAMEPLAY_POLICY,US_ACM_MOBILE_DECOY,SOCKET_COUNTERMEASURE_01,5,
RU_SSN_Sierra,Russia,SSN,Sierra,6,ACOUSTIC_COUNTERMEASURE,ACM-ADVANCED,Advanced Acoustic Countermeasure,ACM-ADVANCED-RU,,Advanced Acoustic Countermeasure,GAMEPLAY,GAMEPLAY,GAMEPLAY_POLICY,US_ACM_MOBILE_DECOY,SOCKET_COUNTERMEASURE_01,7,
RU_SSN_Sierra,Russia,SSN,Sierra,6,ACOUSTIC_COUNTERMEASURE,ACM-INTEGRATED,Integrated Acoustic Defense,ACM-INTEGRATED-RU,,Integrated Acoustic Defense,UNKNOWN,UNKNOWN,UNKNOWN_INSUFFICIENT_PUBLIC_DATA,US_ACM_MOBILE_DECOY,SOCKET_COUNTERMEASURE_01,8,
RU_SSN_Sierra,Russia,SSN,Sierra,6,DECOY,DEC-PASSIVE,Passive Decoy,DEC-PASSIVE-RU,,Passive Decoy,GAMEPLAY,GAMEPLAY,GAMEPLAY_POLICY,,SOCKET_COUNTERMEASURE_02,1,
RU_SSN_Sierra,Russia,SSN,Sierra,6,DECOY,DEC-ACTIVE,Active Decoy,DEC-ACTIVE-RU,,Active Decoy,GAMEPLAY,GAMEPLAY,GAMEPLAY_POLICY,US_ACM_TORPEDO_DECOY,SOCKET_COUNTERMEASURE_02,3,
RU_SSN_Sierra,Russia,SSN,Sierra,6,DECOY,DEC-ACOUSTIC,Acoustic Decoy,DEC-ACOUSTIC-RU,,Acoustic Decoy,GAMEPLAY,GAMEPLAY,GAMEPLAY_POLICY,US_ACM_TORPEDO_DECOY,SOCKET_COUNTERMEASURE_02,2,
RU_SSN_Sierra,Russia,SSN,Sierra,6,DECOY,DEC-TORPEDO,Torpedo Decoy,DEC-TORPEDO-RU,MG-104 Brosok / MG-114 Berill,Torpedo Decoy,GAMEPLAY,GAMEPLAY,GAMEPLAY_POLICY,US_ACM_TORPEDO_DECOY,SOCKET_COUNTERMEASURE_02,4,
RU_SSN_Sierra,Russia,SSN,Sierra,6,DECOY,DEC-MOBILE,Mobile Decoy,DEC-MOBILE-RU,MG-74 Korund-2,Mobile Decoy,GAMEPLAY,GAMEPLAY,GAMEPLAY_POLICY,US_ACM_MOBILE_DECOY,SOCKET_COUNTERMEASURE_02,5,
RU_SSN_Sierra,Russia,SSN,Sierra,6,DECOY,DEC-ADVANCED,Advanced Decoy,DEC-ADVANCED-RU,,Advanced Decoy,GAMEPLAY,GAMEPLAY,GAMEPLAY_POLICY,US_ACM_MOBILE_DECOY,SOCKET_COUNTERMEASURE_02,7,
RU_SSN_Sierra,Russia,SSN,Sierra,6,NOISE_MAKER,NM-EARLY,Early Noise Maker,NM-EARLY-RU,,Early Noise Maker,GAMEPLAY,GAMEPLAY,GAMEPLAY_POLICY,GEN_ACM_NOISE_MAKER,SOCKET_COUNTERMEASURE_02,1,
RU_SSN_Sierra,Russia,SSN,Sierra,6,NOISE_MAKER,NM-IMPROVED,Improved Noise Maker,NM-IMPROVED-RU,,Improved Noise Maker,GAMEPLAY,GAMEPLAY,GAMEPLAY_POLICY,GEN_ACM_NOISE_MAKER,SOCKET_COUNTERMEASURE_02,3,
RU_SSN_Sierra,Russia,SSN,Sierra,6,NOISE_MAKER,NM-MODERN,Modern Noise Maker,NM-MODERN-RU,,Modern Noise Maker,GAMEPLAY,GAMEPLAY,GAMEPLAY_POLICY,GEN_ACM_NOISE_MAKER,SOCKET_COUNTERMEASURE_02,6,
RU_SSN_Sierra,Russia,SSN,Sierra,6,NOISE_MAKER,NM-ADVANCED,Advanced Acoustic Countermeasure,NM-ADVANCED-RU,,Advanced Acoustic Countermeasure,UNKNOWN,UNKNOWN,UNKNOWN_INSUFFICIENT_PUBLIC_DATA,GEN_ACM_NOISE_MAKER,SOCKET_COUNTERMEASURE_02,8,
RU_SSN_Sierra,Russia,SSN,Sierra,6,TORPEDO_DEFENSE,TD-WARNING,Torpedo Warning,TD-WARNING-RU,,Torpedo Warning,GAMEPLAY,GAMEPLAY,GAMEPLAY_POLICY,GEN_TW_TORPEDO_WARNING_SENSOR,SOCKET_DECOY_LAUNCHER_02,4,
RU_SSN_Sierra,Russia,SSN,Sierra,6,TORPEDO_DEFENSE,TD-COUNTERMEASURE,Countermeasure,TD-COUNTERMEASURE-RU,,Countermeasure,GAMEPLAY,GAMEPLAY,GAMEPLAY_POLICY,US_ACM_TORPEDO_DECOY,SOCKET_DECOY_LAUNCHER_02,5,
RU_SSN_Sierra,Russia,SSN,Sierra,6,TORPEDO_DEFENSE,TD-ADVANCED,Advanced Countermeasure,TD-ADVANCED-RU,,Advanced Countermeasure,GAMEPLAY,GAMEPLAY,GAMEPLAY_POLICY,US_ACM_MOBILE_DECOY,SOCKET_DECOY_LAUNCHER_02,7,
RU_SSN_Sierra,Russia,SSN,Sierra,6,TORPEDO_DEFENSE,TD-INTEGRATED,Integrated Torpedo Defense,TD-INTEGRATED-RU,,Integrated Torpedo Defense,UNKNOWN,UNKNOWN,UNKNOWN_INSUFFICIENT_PUBLIC_DATA,US_ACM_MOBILE_DECOY,SOCKET_DECOY_LAUNCHER_02,9,
RU_SSN_Sierra,Russia,SSN,Sierra,6,LAUNCHER,CML-EXTERNAL,External Launcher,CML-EXTERNAL-RU,REPS-324 Shlagbaum,External Launcher,GAMEPLAY,GAMEPLAY,GAMEPLAY_POLICY,US_CML_DECOY_LAUNCHER,SOCKET_DECOY_LAUNCHER_01,2,
RU_SSN_Sierra,Russia,SSN,Sierra,6,LAUNCHER,CML-TUBE,Countermeasure Tube,CML-TUBE-RU,,Countermeasure Tube,GAMEPLAY,GAMEPLAY,GAMEPLAY_POLICY,GEN_CML_TUBE,SOCKET_DECOY_LAUNCHER_01,3,
RU_SSN_Sierra,Russia,SSN,Sierra,6,LAUNCHER,CML-ACOUSTIC-DEVICE,Acoustic Device Launcher,CML-ACOUSTIC-DEVICE-RU,,Acoustic Device Launcher,GAMEPLAY,GAMEPLAY,GAMEPLAY_POLICY,US_CML_DECOY_LAUNCHER,SOCKET_DECOY_LAUNCHER_01,4,
RU_SSN_Sierra,Russia,SSN,Sierra,6,LAUNCHER,CML-ADVANCED,Advanced Launcher,CML-ADVANCED-RU,,Advanced Launcher,GAMEPLAY,GAMEPLAY,GAMEPLAY_POLICY,US_CML_DECOY_LAUNCHER,SOCKET_DECOY_LAUNCHER_01,7,
RU_SSN_Sierra,Russia,SSN,Sierra,6,LAUNCHER,CML-INTEGRATED,Integrated Launcher,CML-INTEGRATED-RU,,Integrated Launcher,UNKNOWN,UNKNOWN,UNKNOWN_INSUFFICIENT_PUBLIC_DATA,US_CML_DECOY_LAUNCHER,SOCKET_DECOY_LAUNCHER_01,8,
RU_SSN_Sierra,Russia,SSN,Sierra,6,DEFENSIVE_CONTROL,DC-CONSOLE,Defensive Control Console,DC-CONSOLE-RU,,Defensive Control Console,GAMEPLAY,GAMEPLAY,GAMEPLAY_POLICY,US_DCM_CONSOLE,,2,
RU_SSN_Sierra,Russia,SSN,Sierra,6,DEFENSIVE_CONTROL,DC-INTEGRATED-CONTROL,Integrated Defensive Control,DC-INTEGRATED-CONTROL-RU,,Integrated Defensive Control,GAMEPLAY,GAMEPLAY,GAMEPLAY_POLICY,US_DCM_CONSOLE,,6,
RU_SSN_Sierra,Russia,SSN,Sierra,6,DEFENSIVE_CONTROL,DC-AUTOMATED,Automated Defensive Control,DC-AUTOMATED-RU,,Automated Defensive Control,UNKNOWN,UNKNOWN,UNKNOWN_INSUFFICIENT_PUBLIC_DATA,US_DCM_CONSOLE,,8,
RU_SSN_Sierra,Russia,SSN,Sierra,6,INTEGRATED_DEFENSE,IDS-CORE,Integrated Defensive System,IDS-CORE-RU,,Integrated Defensive System,GAMEPLAY,GAMEPLAY,GAMEPLAY_POLICY,US_DCM_CONSOLE,,6,
RU_SSN_Sierra,Russia,SSN,Sierra,6,INTEGRATED_DEFENSE,IDS-ADVANCED,Next Generation Defensive System,IDS-ADVANCED-RU,,Next Generation Defensive System,UNKNOWN,UNKNOWN,UNKNOWN_INSUFFICIENT_PUBLIC_DATA,US_DCM_CONSOLE,,9,
RU_SSN_Akula,Russia,SSN,Akula,7,ESM,ESM-BASIC-DETECTION,Basic Signal Detection,ESM-BASIC-DETECTION-RU,,Basic Signal Detection,GAMEPLAY,GAMEPLAY,GAMEPLAY_POLICY,RU_EW_AKULA,SOCKET_EW_MAST,1,
RU_SSN_Akula,Russia,SSN,Akula,7,ESM,ESM-IMPROVED-DETECTION,Improved Detection,ESM-IMPROVED-DETECTION-RU,,Improved Detection,GAMEPLAY,GAMEPLAY,GAMEPLAY_POLICY,RU_EW_AKULA,SOCKET_EW_MAST,2,
RU_SSN_Akula,Russia,SSN,Akula,7,ESM,ESM-CLASSIFICATION,Signal Classification,ESM-CLASSIFICATION-RU,,Signal Classification,GAMEPLAY,GAMEPLAY,GAMEPLAY_POLICY,RU_EW_AKULA,SOCKET_EW_MAST,3,
RU_SSN_Akula,Russia,SSN,Akula,7,ESM,ESM-DIGITAL,Digital ESM,ESM-DIGITAL-RU,,Digital ESM,GAMEPLAY,GAMEPLAY,GAMEPLAY_POLICY,RU_EW_AKULA,SOCKET_EW_MAST,4,
RU_SSN_Akula,Russia,SSN,Akula,7,ESM,ESM-MULTIBAND,Multi-Band ESM,ESM-MULTIBAND-RU,,Multi-Band ESM,GAMEPLAY,GAMEPLAY,GAMEPLAY_POLICY,RU_EW_AKULA,SOCKET_EW_MAST,5,
RU_SSN_Akula,Russia,SSN,Akula,7,ESM,ESM-INTEGRATED,Integrated ESM,ESM-INTEGRATED-RU,,Integrated ESM,GAMEPLAY,GAMEPLAY,GAMEPLAY_POLICY,RU_EW_AKULA,SOCKET_EW_MAST,6,
RU_SSN_Akula,Russia,SSN,Akula,7,ESM,ESM-ADVANCED-THREAT-WARNING,Advanced Threat Warning,ESM-ADVANCED-THREAT-WARNING-RU,,Advanced Threat Warning,GAMEPLAY,GAMEPLAY,GAMEPLAY_POLICY,RU_EW_AKULA,SOCKET_EW_MAST,7,
RU_SSN_Akula,Russia,SSN,Akula,7,ESM,ESM-MULTISENSOR-FUSION,Multi-Sensor Fusion,ESM-MULTISENSOR-FUSION-RU,,Multi-Sensor Fusion,GAMEPLAY,GAMEPLAY,GAMEPLAY_POLICY,RU_EW_AKULA,SOCKET_EW_MAST,8,
RU_SSN_Akula,Russia,SSN,Akula,7,ESM,ESM-ADVANCED-EW,Advanced Integrated EW,ESM-ADVANCED-EW-RU,,Advanced Integrated EW,UNKNOWN,UNKNOWN,UNKNOWN_INSUFFICIENT_PUBLIC_DATA,RU_EW_AKULA,SOCKET_EW_MAST,9,
RU_SSN_Akula,Russia,SSN,Akula,7,ESM,ESM-NEXTGEN,Next Generation Defensive Electronic System,ESM-NEXTGEN-RU,,Next Generation Defensive Electronic System,UNKNOWN,UNKNOWN,UNKNOWN_INSUFFICIENT_PUBLIC_DATA,RU_EW_AKULA,SOCKET_EW_MAST,10,
RU_SSN_Akula,Russia,SSN,Akula,7,THREAT_WARNING,TW-RADAR-WARNING,Radar Warning,TW-RADAR-WARNING-RU,,Radar Warning,GAMEPLAY,GAMEPLAY,GAMEPLAY_POLICY,,SOCKET_EW_ANTENNA,1,
RU_SSN_Akula,Russia,SSN,Akula,7,THREAT_WARNING,TW-ELECTRONIC-WARNING,Electronic Threat Warning,TW-ELECTRONIC-WARNING-RU,,Electronic Threat Warning,GAMEPLAY,GAMEPLAY,GAMEPLAY_POLICY,,SOCKET_EW_ANTENNA,3,
RU_SSN_Akula,Russia,SSN,Akula,7,THREAT_WARNING,TW-ACTIVE-SONAR-WARNING,Active Sonar Warning,TW-ACTIVE-SONAR-WARNING-RU,,Active Sonar Warning,GAMEPLAY,GAMEPLAY,GAMEPLAY_POLICY,,SOCKET_EW_ANTENNA,4,
RU_SSN_Akula,Russia,SSN,Akula,7,THREAT_WARNING,TW-TORPEDO-WARNING,Torpedo Warning,TW-TORPEDO-WARNING-RU,,Torpedo Warning,GAMEPLAY,GAMEPLAY,GAMEPLAY_POLICY,GEN_TW_TORPEDO_WARNING_SENSOR,SOCKET_EW_ANTENNA,5,
RU_SSN_Akula,Russia,SSN,Akula,7,THREAT_WARNING,TW-ACOUSTIC-CLASSIFICATION,Acoustic Threat Classification,TW-ACOUSTIC-CLASSIFICATION-RU,,Acoustic Threat Classification,GAMEPLAY,GAMEPLAY,GAMEPLAY_POLICY,,SOCKET_EW_ANTENNA,6,
RU_SSN_Akula,Russia,SSN,Akula,7,ACOUSTIC_COUNTERMEASURE,ACM-NOISE-MAKER,Noise Maker,ACM-NOISE-MAKER-RU,,Noise Maker,GAMEPLAY,GAMEPLAY,GAMEPLAY_POLICY,GEN_ACM_NOISE_MAKER,SOCKET_COUNTERMEASURE_01,1,
RU_SSN_Akula,Russia,SSN,Akula,7,ACOUSTIC_COUNTERMEASURE,ACM-ACOUSTIC-DECOY,Acoustic Decoy,ACM-ACOUSTIC-DECOY-RU,,Acoustic Decoy,GAMEPLAY,GAMEPLAY,GAMEPLAY_POLICY,US_ACM_TORPEDO_DECOY,SOCKET_COUNTERMEASURE_01,2,
RU_SSN_Akula,Russia,SSN,Akula,7,ACOUSTIC_COUNTERMEASURE,ACM-TORPEDO-DECOY,Torpedo Decoy,ACM-TORPEDO-DECOY-RU,MG-74 Korund-2 / MG-104 Brosok / MG-114 Berill,Torpedo Decoy,GAMEPLAY,GAMEPLAY,GAMEPLAY_POLICY,US_ACM_TORPEDO_DECOY,SOCKET_COUNTERMEASURE_01,4,
RU_SSN_Akula,Russia,SSN,Akula,7,ACOUSTIC_COUNTERMEASURE,ACM-MOBILE-DECOY,Mobile Acoustic Decoy,ACM-MOBILE-DECOY-RU,MG-74 Korund-2,MG-74 Korund-2,PROBABLE,PROBABLE,https://russianships.info/eng/submarines/project_971.htm,US_ACM_MOBILE_DECOY,SOCKET_COUNTERMEASURE_01,5,同上，声学对抗分支同样锚定到该型号。
RU_SSN_Akula,Russia,SSN,Akula,7,ACOUSTIC_COUNTERMEASURE,ACM-ADVANCED,Advanced Acoustic Countermeasure,ACM-ADVANCED-RU,,Advanced Acoustic Countermeasure,GAMEPLAY,GAMEPLAY,GAMEPLAY_POLICY,US_ACM_MOBILE_DECOY,SOCKET_COUNTERMEASURE_01,7,
RU_SSN_Akula,Russia,SSN,Akula,7,ACOUSTIC_COUNTERMEASURE,ACM-INTEGRATED,Integrated Acoustic Defense,ACM-INTEGRATED-RU,,Integrated Acoustic Defense,GAMEPLAY,GAMEPLAY,GAMEPLAY_POLICY,US_ACM_MOBILE_DECOY,SOCKET_COUNTERMEASURE_01,8,
RU_SSN_Akula,Russia,SSN,Akula,7,DECOY,DEC-PASSIVE,Passive Decoy,DEC-PASSIVE-RU,,Passive Decoy,GAMEPLAY,GAMEPLAY,GAMEPLAY_POLICY,,SOCKET_COUNTERMEASURE_02,1,
RU_SSN_Akula,Russia,SSN,Akula,7,DECOY,DEC-ACTIVE,Active Decoy,DEC-ACTIVE-RU,,Active Decoy,GAMEPLAY,GAMEPLAY,GAMEPLAY_POLICY,US_ACM_TORPEDO_DECOY,SOCKET_COUNTERMEASURE_02,3,
RU_SSN_Akula,Russia,SSN,Akula,7,DECOY,DEC-ACOUSTIC,Acoustic Decoy,DEC-ACOUSTIC-RU,,Acoustic Decoy,GAMEPLAY,GAMEPLAY,GAMEPLAY_POLICY,US_ACM_TORPEDO_DECOY,SOCKET_COUNTERMEASURE_02,2,
RU_SSN_Akula,Russia,SSN,Akula,7,DECOY,DEC-TORPEDO,Torpedo Decoy,DEC-TORPEDO-RU,MG-104 Brosok / MG-114 Berill,MG-104 Brosok / MG-114 Berill,PROBABLE,PROBABLE,https://russianships.info/eng/submarines/project_971.htm,US_ACM_TORPEDO_DECOY,SOCKET_COUNTERMEASURE_02,4,外部发射器配载清单中列出这两种鱼雷诱饵。
RU_SSN_Akula,Russia,SSN,Akula,7,DECOY,DEC-MOBILE,Mobile Decoy,DEC-MOBILE-RU,MG-74 Korund-2,MG-74 Korund-2,PROBABLE,PROBABLE,https://russianships.info/eng/submarines/project_971.htm,US_ACM_MOBILE_DECOY,SOCKET_COUNTERMEASURE_02,5,阿库拉级被公开资料列为 MG-74 Korund-2 的使用者。
RU_SSN_Akula,Russia,SSN,Akula,7,DECOY,DEC-ADVANCED,Advanced Decoy,DEC-ADVANCED-RU,,Advanced Decoy,GAMEPLAY,GAMEPLAY,GAMEPLAY_POLICY,US_ACM_MOBILE_DECOY,SOCKET_COUNTERMEASURE_02,7,
RU_SSN_Akula,Russia,SSN,Akula,7,NOISE_MAKER,NM-EARLY,Early Noise Maker,NM-EARLY-RU,,Early Noise Maker,GAMEPLAY,GAMEPLAY,GAMEPLAY_POLICY,GEN_ACM_NOISE_MAKER,SOCKET_COUNTERMEASURE_02,1,
RU_SSN_Akula,Russia,SSN,Akula,7,NOISE_MAKER,NM-IMPROVED,Improved Noise Maker,NM-IMPROVED-RU,,Improved Noise Maker,GAMEPLAY,GAMEPLAY,GAMEPLAY_POLICY,GEN_ACM_NOISE_MAKER,SOCKET_COUNTERMEASURE_02,3,
RU_SSN_Akula,Russia,SSN,Akula,7,NOISE_MAKER,NM-MODERN,Modern Noise Maker,NM-MODERN-RU,,Modern Noise Maker,GAMEPLAY,GAMEPLAY,GAMEPLAY_POLICY,GEN_ACM_NOISE_MAKER,SOCKET_COUNTERMEASURE_02,6,
RU_SSN_Akula,Russia,SSN,Akula,7,NOISE_MAKER,NM-ADVANCED,Advanced Acoustic Countermeasure,NM-ADVANCED-RU,,Advanced Acoustic Countermeasure,GAMEPLAY,GAMEPLAY,GAMEPLAY_POLICY,GEN_ACM_NOISE_MAKER,SOCKET_COUNTERMEASURE_02,8,
RU_SSN_Akula,Russia,SSN,Akula,7,TORPEDO_DEFENSE,TD-WARNING,Torpedo Warning,TD-WARNING-RU,,Torpedo Warning,GAMEPLAY,GAMEPLAY,GAMEPLAY_POLICY,GEN_TW_TORPEDO_WARNING_SENSOR,SOCKET_DECOY_LAUNCHER_02,4,
RU_SSN_Akula,Russia,SSN,Akula,7,TORPEDO_DEFENSE,TD-COUNTERMEASURE,Countermeasure,TD-COUNTERMEASURE-RU,,Countermeasure,GAMEPLAY,GAMEPLAY,GAMEPLAY_POLICY,US_ACM_TORPEDO_DECOY,SOCKET_DECOY_LAUNCHER_02,5,
RU_SSN_Akula,Russia,SSN,Akula,7,TORPEDO_DEFENSE,TD-ADVANCED,Advanced Countermeasure,TD-ADVANCED-RU,,Advanced Countermeasure,GAMEPLAY,GAMEPLAY,GAMEPLAY_POLICY,US_ACM_MOBILE_DECOY,SOCKET_DECOY_LAUNCHER_02,7,
RU_SSN_Akula,Russia,SSN,Akula,7,TORPEDO_DEFENSE,TD-INTEGRATED,Integrated Torpedo Defense,TD-INTEGRATED-RU,,Integrated Torpedo Defense,UNKNOWN,UNKNOWN,UNKNOWN_INSUFFICIENT_PUBLIC_DATA,US_ACM_MOBILE_DECOY,SOCKET_DECOY_LAUNCHER_02,9,
RU_SSN_Akula,Russia,SSN,Akula,7,LAUNCHER,CML-EXTERNAL,External Launcher,CML-EXTERNAL-RU,REPS-324 Shlagbaum,REPS-324 Shlagbaum,PROBABLE,PROBABLE,https://russianships.info/eng/submarines/project_971.htm,US_CML_DECOY_LAUNCHER,SOCKET_DECOY_LAUNCHER_01,2,Project 971（阿库拉级）资料列出 6 具 REPS-324 Shlagbaum 外部发射器。
RU_SSN_Akula,Russia,SSN,Akula,7,LAUNCHER,CML-TUBE,Countermeasure Tube,CML-TUBE-RU,,Countermeasure Tube,GAMEPLAY,GAMEPLAY,GAMEPLAY_POLICY,GEN_CML_TUBE,SOCKET_DECOY_LAUNCHER_01,3,
RU_SSN_Akula,Russia,SSN,Akula,7,LAUNCHER,CML-ACOUSTIC-DEVICE,Acoustic Device Launcher,CML-ACOUSTIC-DEVICE-RU,,Acoustic Device Launcher,GAMEPLAY,GAMEPLAY,GAMEPLAY_POLICY,US_CML_DECOY_LAUNCHER,SOCKET_DECOY_LAUNCHER_01,4,
RU_SSN_Akula,Russia,SSN,Akula,7,LAUNCHER,CML-ADVANCED,Advanced Launcher,CML-ADVANCED-RU,,Advanced Launcher,GAMEPLAY,GAMEPLAY,GAMEPLAY_POLICY,US_CML_DECOY_LAUNCHER,SOCKET_DECOY_LAUNCHER_01,7,
RU_SSN_Akula,Russia,SSN,Akula,7,LAUNCHER,CML-INTEGRATED,Integrated Launcher,CML-INTEGRATED-RU,,Integrated Launcher,GAMEPLAY,GAMEPLAY,GAMEPLAY_POLICY,US_CML_DECOY_LAUNCHER,SOCKET_DECOY_LAUNCHER_01,8,
RU_SSN_Akula,Russia,SSN,Akula,7,DEFENSIVE_CONTROL,DC-CONSOLE,Defensive Control Console,DC-CONSOLE-RU,,Defensive Control Console,GAMEPLAY,GAMEPLAY,GAMEPLAY_POLICY,US_DCM_CONSOLE,,2,
RU_SSN_Akula,Russia,SSN,Akula,7,DEFENSIVE_CONTROL,DC-INTEGRATED-CONTROL,Integrated Defensive Control,DC-INTEGRATED-CONTROL-RU,,Integrated Defensive Control,GAMEPLAY,GAMEPLAY,GAMEPLAY_POLICY,US_DCM_CONSOLE,,6,
RU_SSN_Akula,Russia,SSN,Akula,7,DEFENSIVE_CONTROL,DC-AUTOMATED,Automated Defensive Control,DC-AUTOMATED-RU,,Automated Defensive Control,GAMEPLAY,GAMEPLAY,GAMEPLAY_POLICY,US_DCM_CONSOLE,,8,
RU_SSN_Akula,Russia,SSN,Akula,7,INTEGRATED_DEFENSE,IDS-CORE,Integrated Defensive System,IDS-CORE-RU,,Integrated Defensive System,GAMEPLAY,GAMEPLAY,GAMEPLAY_POLICY,US_DCM_CONSOLE,,6,
RU_SSN_Akula,Russia,SSN,Akula,7,INTEGRATED_DEFENSE,IDS-ADVANCED,Next Generation Defensive System,IDS-ADVANCED-RU,,Next Generation Defensive System,UNKNOWN,UNKNOWN,UNKNOWN_INSUFFICIENT_PUBLIC_DATA,US_DCM_CONSOLE,,9,
RU_SSN_Yasen,Russia,SSN,Yasen,9,ESM,ESM-BASIC-DETECTION,Basic Signal Detection,ESM-BASIC-DETECTION-RU,,Basic Signal Detection,GAMEPLAY,GAMEPLAY,GAMEPLAY_POLICY,RU_EW_AKULA,SOCKET_EW_MAST,1,
RU_SSN_Yasen,Russia,SSN,Yasen,9,ESM,ESM-IMPROVED-DETECTION,Improved Detection,ESM-IMPROVED-DETECTION-RU,,Improved Detection,GAMEPLAY,GAMEPLAY,GAMEPLAY_POLICY,RU_EW_AKULA,SOCKET_EW_MAST,2,
RU_SSN_Yasen,Russia,SSN,Yasen,9,ESM,ESM-CLASSIFICATION,Signal Classification,ESM-CLASSIFICATION-RU,,Signal Classification,GAMEPLAY,GAMEPLAY,GAMEPLAY_POLICY,RU_EW_AKULA,SOCKET_EW_MAST,3,
RU_SSN_Yasen,Russia,SSN,Yasen,9,ESM,ESM-DIGITAL,Digital ESM,ESM-DIGITAL-RU,,Digital ESM,GAMEPLAY,GAMEPLAY,GAMEPLAY_POLICY,RU_EW_AKULA,SOCKET_EW_MAST,4,
RU_SSN_Yasen,Russia,SSN,Yasen,9,ESM,ESM-MULTIBAND,Multi-Band ESM,ESM-MULTIBAND-RU,,Multi-Band ESM,GAMEPLAY,GAMEPLAY,GAMEPLAY_POLICY,RU_EW_AKULA,SOCKET_EW_MAST,5,
RU_SSN_Yasen,Russia,SSN,Yasen,9,ESM,ESM-INTEGRATED,Integrated ESM,ESM-INTEGRATED-RU,,Integrated ESM,GAMEPLAY,GAMEPLAY,GAMEPLAY_POLICY,RU_EW_AKULA,SOCKET_EW_MAST,6,
RU_SSN_Yasen,Russia,SSN,Yasen,9,ESM,ESM-ADVANCED-THREAT-WARNING,Advanced Threat Warning,ESM-ADVANCED-THREAT-WARNING-RU,,Advanced Threat Warning,GAMEPLAY,GAMEPLAY,GAMEPLAY_POLICY,RU_EW_AKULA,SOCKET_EW_MAST,7,
RU_SSN_Yasen,Russia,SSN,Yasen,9,ESM,ESM-MULTISENSOR-FUSION,Multi-Sensor Fusion,ESM-MULTISENSOR-FUSION-RU,,Multi-Sensor Fusion,GAMEPLAY,GAMEPLAY,GAMEPLAY_POLICY,RU_EW_AKULA,SOCKET_EW_MAST,8,
RU_SSN_Yasen,Russia,SSN,Yasen,9,ESM,ESM-ADVANCED-EW,Advanced Integrated EW,ESM-ADVANCED-EW-RU,,Advanced Integrated EW,GAMEPLAY,GAMEPLAY,GAMEPLAY_POLICY,RU_EW_AKULA,SOCKET_EW_MAST,9,
RU_SSN_Yasen,Russia,SSN,Yasen,9,ESM,ESM-NEXTGEN,Next Generation Defensive Electronic System,ESM-NEXTGEN-RU,,Next Generation Defensive Electronic System,GAMEPLAY,GAMEPLAY,GAMEPLAY_POLICY,RU_EW_AKULA,SOCKET_EW_MAST,10,
RU_SSN_Yasen,Russia,SSN,Yasen,9,THREAT_WARNING,TW-RADAR-WARNING,Radar Warning,TW-RADAR-WARNING-RU,,Radar Warning,GAMEPLAY,GAMEPLAY,GAMEPLAY_POLICY,,SOCKET_EW_ANTENNA,1,
RU_SSN_Yasen,Russia,SSN,Yasen,9,THREAT_WARNING,TW-ELECTRONIC-WARNING,Electronic Threat Warning,TW-ELECTRONIC-WARNING-RU,,Electronic Threat Warning,GAMEPLAY,GAMEPLAY,GAMEPLAY_POLICY,,SOCKET_EW_ANTENNA,3,
RU_SSN_Yasen,Russia,SSN,Yasen,9,THREAT_WARNING,TW-ACTIVE-SONAR-WARNING,Active Sonar Warning,TW-ACTIVE-SONAR-WARNING-RU,,Active Sonar Warning,GAMEPLAY,GAMEPLAY,GAMEPLAY_POLICY,,SOCKET_EW_ANTENNA,4,
RU_SSN_Yasen,Russia,SSN,Yasen,9,THREAT_WARNING,TW-TORPEDO-WARNING,Torpedo Warning,TW-TORPEDO-WARNING-RU,,Torpedo Warning,GAMEPLAY,GAMEPLAY,GAMEPLAY_POLICY,GEN_TW_TORPEDO_WARNING_SENSOR,SOCKET_EW_ANTENNA,5,
RU_SSN_Yasen,Russia,SSN,Yasen,9,THREAT_WARNING,TW-ACOUSTIC-CLASSIFICATION,Acoustic Threat Classification,TW-ACOUSTIC-CLASSIFICATION-RU,,Acoustic Threat Classification,GAMEPLAY,GAMEPLAY,GAMEPLAY_POLICY,,SOCKET_EW_ANTENNA,6,
RU_SSN_Yasen,Russia,SSN,Yasen,9,ACOUSTIC_COUNTERMEASURE,ACM-NOISE-MAKER,Noise Maker,ACM-NOISE-MAKER-RU,,Noise Maker,GAMEPLAY,GAMEPLAY,GAMEPLAY_POLICY,GEN_ACM_NOISE_MAKER,SOCKET_COUNTERMEASURE_01,1,
RU_SSN_Yasen,Russia,SSN,Yasen,9,ACOUSTIC_COUNTERMEASURE,ACM-ACOUSTIC-DECOY,Acoustic Decoy,ACM-ACOUSTIC-DECOY-RU,,Acoustic Decoy,GAMEPLAY,GAMEPLAY,GAMEPLAY_POLICY,US_ACM_TORPEDO_DECOY,SOCKET_COUNTERMEASURE_01,2,
RU_SSN_Yasen,Russia,SSN,Yasen,9,ACOUSTIC_COUNTERMEASURE,ACM-TORPEDO-DECOY,Torpedo Decoy,ACM-TORPEDO-DECOY-RU,MG-74 Korund-2 / MG-104 Brosok / MG-114 Berill,Torpedo Decoy,GAMEPLAY,GAMEPLAY,GAMEPLAY_POLICY,US_ACM_TORPEDO_DECOY,SOCKET_COUNTERMEASURE_01,4,
RU_SSN_Yasen,Russia,SSN,Yasen,9,ACOUSTIC_COUNTERMEASURE,ACM-MOBILE-DECOY,Mobile Acoustic Decoy,ACM-MOBILE-DECOY-RU,MG-74 Korund-2,Mobile Acoustic Decoy,GAMEPLAY,GAMEPLAY,GAMEPLAY_POLICY,US_ACM_MOBILE_DECOY,SOCKET_COUNTERMEASURE_01,5,
RU_SSN_Yasen,Russia,SSN,Yasen,9,ACOUSTIC_COUNTERMEASURE,ACM-ADVANCED,Advanced Acoustic Countermeasure,ACM-ADVANCED-RU,,Advanced Acoustic Countermeasure,GAMEPLAY,GAMEPLAY,GAMEPLAY_POLICY,US_ACM_MOBILE_DECOY,SOCKET_COUNTERMEASURE_01,7,
RU_SSN_Yasen,Russia,SSN,Yasen,9,ACOUSTIC_COUNTERMEASURE,ACM-INTEGRATED,Integrated Acoustic Defense,ACM-INTEGRATED-RU,,Integrated Acoustic Defense,GAMEPLAY,GAMEPLAY,GAMEPLAY_POLICY,US_ACM_MOBILE_DECOY,SOCKET_COUNTERMEASURE_01,8,
RU_SSN_Yasen,Russia,SSN,Yasen,9,DECOY,DEC-PASSIVE,Passive Decoy,DEC-PASSIVE-RU,,Passive Decoy,GAMEPLAY,GAMEPLAY,GAMEPLAY_POLICY,,SOCKET_COUNTERMEASURE_02,1,
RU_SSN_Yasen,Russia,SSN,Yasen,9,DECOY,DEC-ACTIVE,Active Decoy,DEC-ACTIVE-RU,,Active Decoy,GAMEPLAY,GAMEPLAY,GAMEPLAY_POLICY,US_ACM_TORPEDO_DECOY,SOCKET_COUNTERMEASURE_02,3,
RU_SSN_Yasen,Russia,SSN,Yasen,9,DECOY,DEC-ACOUSTIC,Acoustic Decoy,DEC-ACOUSTIC-RU,,Acoustic Decoy,GAMEPLAY,GAMEPLAY,GAMEPLAY_POLICY,US_ACM_TORPEDO_DECOY,SOCKET_COUNTERMEASURE_02,2,
RU_SSN_Yasen,Russia,SSN,Yasen,9,DECOY,DEC-TORPEDO,Torpedo Decoy,DEC-TORPEDO-RU,MG-104 Brosok / MG-114 Berill,Torpedo Decoy,GAMEPLAY,GAMEPLAY,GAMEPLAY_POLICY,US_ACM_TORPEDO_DECOY,SOCKET_COUNTERMEASURE_02,4,
RU_SSN_Yasen,Russia,SSN,Yasen,9,DECOY,DEC-MOBILE,Mobile Decoy,DEC-MOBILE-RU,MG-74 Korund-2,Mobile Decoy,GAMEPLAY,GAMEPLAY,GAMEPLAY_POLICY,US_ACM_MOBILE_DECOY,SOCKET_COUNTERMEASURE_02,5,
RU_SSN_Yasen,Russia,SSN,Yasen,9,DECOY,DEC-ADVANCED,Advanced Decoy,DEC-ADVANCED-RU,,Advanced Decoy,GAMEPLAY,GAMEPLAY,GAMEPLAY_POLICY,US_ACM_MOBILE_DECOY,SOCKET_COUNTERMEASURE_02,7,
RU_SSN_Yasen,Russia,SSN,Yasen,9,NOISE_MAKER,NM-EARLY,Early Noise Maker,NM-EARLY-RU,,Early Noise Maker,GAMEPLAY,GAMEPLAY,GAMEPLAY_POLICY,GEN_ACM_NOISE_MAKER,SOCKET_COUNTERMEASURE_02,1,
RU_SSN_Yasen,Russia,SSN,Yasen,9,NOISE_MAKER,NM-IMPROVED,Improved Noise Maker,NM-IMPROVED-RU,,Improved Noise Maker,GAMEPLAY,GAMEPLAY,GAMEPLAY_POLICY,GEN_ACM_NOISE_MAKER,SOCKET_COUNTERMEASURE_02,3,
RU_SSN_Yasen,Russia,SSN,Yasen,9,NOISE_MAKER,NM-MODERN,Modern Noise Maker,NM-MODERN-RU,,Modern Noise Maker,GAMEPLAY,GAMEPLAY,GAMEPLAY_POLICY,GEN_ACM_NOISE_MAKER,SOCKET_COUNTERMEASURE_02,6,
RU_SSN_Yasen,Russia,SSN,Yasen,9,NOISE_MAKER,NM-ADVANCED,Advanced Acoustic Countermeasure,NM-ADVANCED-RU,,Advanced Acoustic Countermeasure,GAMEPLAY,GAMEPLAY,GAMEPLAY_POLICY,GEN_ACM_NOISE_MAKER,SOCKET_COUNTERMEASURE_02,8,
RU_SSN_Yasen,Russia,SSN,Yasen,9,TORPEDO_DEFENSE,TD-WARNING,Torpedo Warning,TD-WARNING-RU,,Torpedo Warning,GAMEPLAY,GAMEPLAY,GAMEPLAY_POLICY,GEN_TW_TORPEDO_WARNING_SENSOR,SOCKET_DECOY_LAUNCHER_02,4,
RU_SSN_Yasen,Russia,SSN,Yasen,9,TORPEDO_DEFENSE,TD-COUNTERMEASURE,Countermeasure,TD-COUNTERMEASURE-RU,,Countermeasure,GAMEPLAY,GAMEPLAY,GAMEPLAY_POLICY,US_ACM_TORPEDO_DECOY,SOCKET_DECOY_LAUNCHER_02,5,
RU_SSN_Yasen,Russia,SSN,Yasen,9,TORPEDO_DEFENSE,TD-ADVANCED,Advanced Countermeasure,TD-ADVANCED-RU,,Advanced Countermeasure,GAMEPLAY,GAMEPLAY,GAMEPLAY_POLICY,US_ACM_MOBILE_DECOY,SOCKET_DECOY_LAUNCHER_02,7,
RU_SSN_Yasen,Russia,SSN,Yasen,9,TORPEDO_DEFENSE,TD-INTEGRATED,Integrated Torpedo Defense,TD-INTEGRATED-RU,,Integrated Torpedo Defense,GAMEPLAY,GAMEPLAY,GAMEPLAY_POLICY,US_ACM_MOBILE_DECOY,SOCKET_DECOY_LAUNCHER_02,9,
RU_SSN_Yasen,Russia,SSN,Yasen,9,LAUNCHER,CML-EXTERNAL,External Launcher,CML-EXTERNAL-RU,REPS-324 Shlagbaum,External Launcher,GAMEPLAY,GAMEPLAY,GAMEPLAY_POLICY,US_CML_DECOY_LAUNCHER,SOCKET_DECOY_LAUNCHER_01,2,
RU_SSN_Yasen,Russia,SSN,Yasen,9,LAUNCHER,CML-TUBE,Countermeasure Tube,CML-TUBE-RU,,Countermeasure Tube,GAMEPLAY,GAMEPLAY,GAMEPLAY_POLICY,GEN_CML_TUBE,SOCKET_DECOY_LAUNCHER_01,3,
RU_SSN_Yasen,Russia,SSN,Yasen,9,LAUNCHER,CML-ACOUSTIC-DEVICE,Acoustic Device Launcher,CML-ACOUSTIC-DEVICE-RU,,Acoustic Device Launcher,GAMEPLAY,GAMEPLAY,GAMEPLAY_POLICY,US_CML_DECOY_LAUNCHER,SOCKET_DECOY_LAUNCHER_01,4,
RU_SSN_Yasen,Russia,SSN,Yasen,9,LAUNCHER,CML-ADVANCED,Advanced Launcher,CML-ADVANCED-RU,,Advanced Launcher,GAMEPLAY,GAMEPLAY,GAMEPLAY_POLICY,US_CML_DECOY_LAUNCHER,SOCKET_DECOY_LAUNCHER_01,7,
RU_SSN_Yasen,Russia,SSN,Yasen,9,LAUNCHER,CML-INTEGRATED,Integrated Launcher,CML-INTEGRATED-RU,,Integrated Launcher,GAMEPLAY,GAMEPLAY,GAMEPLAY_POLICY,US_CML_DECOY_LAUNCHER,SOCKET_DECOY_LAUNCHER_01,8,
RU_SSN_Yasen,Russia,SSN,Yasen,9,DEFENSIVE_CONTROL,DC-CONSOLE,Defensive Control Console,DC-CONSOLE-RU,,Defensive Control Console,GAMEPLAY,GAMEPLAY,GAMEPLAY_POLICY,US_DCM_CONSOLE,,2,
RU_SSN_Yasen,Russia,SSN,Yasen,9,DEFENSIVE_CONTROL,DC-INTEGRATED-CONTROL,Integrated Defensive Control,DC-INTEGRATED-CONTROL-RU,,Integrated Defensive Control,GAMEPLAY,GAMEPLAY,GAMEPLAY_POLICY,US_DCM_CONSOLE,,6,
RU_SSN_Yasen,Russia,SSN,Yasen,9,DEFENSIVE_CONTROL,DC-AUTOMATED,Automated Defensive Control,DC-AUTOMATED-RU,,Automated Defensive Control,GAMEPLAY,GAMEPLAY,GAMEPLAY_POLICY,US_DCM_CONSOLE,,8,
RU_SSN_Yasen,Russia,SSN,Yasen,9,INTEGRATED_DEFENSE,IDS-CORE,Integrated Defensive System,IDS-CORE-RU,,Integrated Defensive System,GAMEPLAY,GAMEPLAY,GAMEPLAY_POLICY,US_DCM_CONSOLE,,6,
RU_SSN_Yasen,Russia,SSN,Yasen,9,INTEGRATED_DEFENSE,IDS-ADVANCED,Next Generation Defensive System,IDS-ADVANCED-RU,,Next Generation Defensive System,GAMEPLAY,GAMEPLAY,GAMEPLAY_POLICY,US_DCM_CONSOLE,,9,
RU_SSN_YasenM,Russia,SSN,Yasen-M,10,ESM,ESM-BASIC-DETECTION,Basic Signal Detection,ESM-BASIC-DETECTION-RU,,Basic Signal Detection,GAMEPLAY,GAMEPLAY,GAMEPLAY_POLICY,RU_EW_AKULA,SOCKET_EW_MAST,1,
RU_SSN_YasenM,Russia,SSN,Yasen-M,10,ESM,ESM-IMPROVED-DETECTION,Improved Detection,ESM-IMPROVED-DETECTION-RU,,Improved Detection,GAMEPLAY,GAMEPLAY,GAMEPLAY_POLICY,RU_EW_AKULA,SOCKET_EW_MAST,2,
RU_SSN_YasenM,Russia,SSN,Yasen-M,10,ESM,ESM-CLASSIFICATION,Signal Classification,ESM-CLASSIFICATION-RU,,Signal Classification,GAMEPLAY,GAMEPLAY,GAMEPLAY_POLICY,RU_EW_AKULA,SOCKET_EW_MAST,3,
RU_SSN_YasenM,Russia,SSN,Yasen-M,10,ESM,ESM-DIGITAL,Digital ESM,ESM-DIGITAL-RU,,Digital ESM,GAMEPLAY,GAMEPLAY,GAMEPLAY_POLICY,RU_EW_AKULA,SOCKET_EW_MAST,4,
RU_SSN_YasenM,Russia,SSN,Yasen-M,10,ESM,ESM-MULTIBAND,Multi-Band ESM,ESM-MULTIBAND-RU,,Multi-Band ESM,GAMEPLAY,GAMEPLAY,GAMEPLAY_POLICY,RU_EW_AKULA,SOCKET_EW_MAST,5,
RU_SSN_YasenM,Russia,SSN,Yasen-M,10,ESM,ESM-INTEGRATED,Integrated ESM,ESM-INTEGRATED-RU,,Integrated ESM,GAMEPLAY,GAMEPLAY,GAMEPLAY_POLICY,RU_EW_AKULA,SOCKET_EW_MAST,6,
RU_SSN_YasenM,Russia,SSN,Yasen-M,10,ESM,ESM-ADVANCED-THREAT-WARNING,Advanced Threat Warning,ESM-ADVANCED-THREAT-WARNING-RU,,Advanced Threat Warning,GAMEPLAY,GAMEPLAY,GAMEPLAY_POLICY,RU_EW_AKULA,SOCKET_EW_MAST,7,
RU_SSN_YasenM,Russia,SSN,Yasen-M,10,ESM,ESM-MULTISENSOR-FUSION,Multi-Sensor Fusion,ESM-MULTISENSOR-FUSION-RU,,Multi-Sensor Fusion,GAMEPLAY,GAMEPLAY,GAMEPLAY_POLICY,RU_EW_AKULA,SOCKET_EW_MAST,8,
RU_SSN_YasenM,Russia,SSN,Yasen-M,10,ESM,ESM-ADVANCED-EW,Advanced Integrated EW,ESM-ADVANCED-EW-RU,,Advanced Integrated EW,GAMEPLAY,GAMEPLAY,GAMEPLAY_POLICY,RU_EW_AKULA,SOCKET_EW_MAST,9,
RU_SSN_YasenM,Russia,SSN,Yasen-M,10,ESM,ESM-NEXTGEN,Next Generation Defensive Electronic System,ESM-NEXTGEN-RU,,Next Generation Defensive Electronic System,GAMEPLAY,GAMEPLAY,GAMEPLAY_POLICY,RU_EW_AKULA,SOCKET_EW_MAST,10,
RU_SSN_YasenM,Russia,SSN,Yasen-M,10,THREAT_WARNING,TW-RADAR-WARNING,Radar Warning,TW-RADAR-WARNING-RU,,Radar Warning,GAMEPLAY,GAMEPLAY,GAMEPLAY_POLICY,,SOCKET_EW_ANTENNA,1,
RU_SSN_YasenM,Russia,SSN,Yasen-M,10,THREAT_WARNING,TW-ELECTRONIC-WARNING,Electronic Threat Warning,TW-ELECTRONIC-WARNING-RU,,Electronic Threat Warning,GAMEPLAY,GAMEPLAY,GAMEPLAY_POLICY,,SOCKET_EW_ANTENNA,3,
RU_SSN_YasenM,Russia,SSN,Yasen-M,10,THREAT_WARNING,TW-ACTIVE-SONAR-WARNING,Active Sonar Warning,TW-ACTIVE-SONAR-WARNING-RU,,Active Sonar Warning,GAMEPLAY,GAMEPLAY,GAMEPLAY_POLICY,,SOCKET_EW_ANTENNA,4,
RU_SSN_YasenM,Russia,SSN,Yasen-M,10,THREAT_WARNING,TW-TORPEDO-WARNING,Torpedo Warning,TW-TORPEDO-WARNING-RU,,Torpedo Warning,GAMEPLAY,GAMEPLAY,GAMEPLAY_POLICY,GEN_TW_TORPEDO_WARNING_SENSOR,SOCKET_EW_ANTENNA,5,
RU_SSN_YasenM,Russia,SSN,Yasen-M,10,THREAT_WARNING,TW-ACOUSTIC-CLASSIFICATION,Acoustic Threat Classification,TW-ACOUSTIC-CLASSIFICATION-RU,,Acoustic Threat Classification,GAMEPLAY,GAMEPLAY,GAMEPLAY_POLICY,,SOCKET_EW_ANTENNA,6,
RU_SSN_YasenM,Russia,SSN,Yasen-M,10,ACOUSTIC_COUNTERMEASURE,ACM-NOISE-MAKER,Noise Maker,ACM-NOISE-MAKER-RU,,Noise Maker,GAMEPLAY,GAMEPLAY,GAMEPLAY_POLICY,GEN_ACM_NOISE_MAKER,SOCKET_COUNTERMEASURE_01,1,
RU_SSN_YasenM,Russia,SSN,Yasen-M,10,ACOUSTIC_COUNTERMEASURE,ACM-ACOUSTIC-DECOY,Acoustic Decoy,ACM-ACOUSTIC-DECOY-RU,,Acoustic Decoy,GAMEPLAY,GAMEPLAY,GAMEPLAY_POLICY,US_ACM_TORPEDO_DECOY,SOCKET_COUNTERMEASURE_01,2,
RU_SSN_YasenM,Russia,SSN,Yasen-M,10,ACOUSTIC_COUNTERMEASURE,ACM-TORPEDO-DECOY,Torpedo Decoy,ACM-TORPEDO-DECOY-RU,MG-74 Korund-2 / MG-104 Brosok / MG-114 Berill,Torpedo Decoy,GAMEPLAY,GAMEPLAY,GAMEPLAY_POLICY,US_ACM_TORPEDO_DECOY,SOCKET_COUNTERMEASURE_01,4,
RU_SSN_YasenM,Russia,SSN,Yasen-M,10,ACOUSTIC_COUNTERMEASURE,ACM-MOBILE-DECOY,Mobile Acoustic Decoy,ACM-MOBILE-DECOY-RU,MG-74 Korund-2,Mobile Acoustic Decoy,GAMEPLAY,GAMEPLAY,GAMEPLAY_POLICY,US_ACM_MOBILE_DECOY,SOCKET_COUNTERMEASURE_01,5,
RU_SSN_YasenM,Russia,SSN,Yasen-M,10,ACOUSTIC_COUNTERMEASURE,ACM-ADVANCED,Advanced Acoustic Countermeasure,ACM-ADVANCED-RU,,Advanced Acoustic Countermeasure,GAMEPLAY,GAMEPLAY,GAMEPLAY_POLICY,US_ACM_MOBILE_DECOY,SOCKET_COUNTERMEASURE_01,7,
RU_SSN_YasenM,Russia,SSN,Yasen-M,10,ACOUSTIC_COUNTERMEASURE,ACM-INTEGRATED,Integrated Acoustic Defense,ACM-INTEGRATED-RU,,Integrated Acoustic Defense,GAMEPLAY,GAMEPLAY,GAMEPLAY_POLICY,US_ACM_MOBILE_DECOY,SOCKET_COUNTERMEASURE_01,8,
RU_SSN_YasenM,Russia,SSN,Yasen-M,10,DECOY,DEC-PASSIVE,Passive Decoy,DEC-PASSIVE-RU,,Passive Decoy,GAMEPLAY,GAMEPLAY,GAMEPLAY_POLICY,,SOCKET_COUNTERMEASURE_02,1,
RU_SSN_YasenM,Russia,SSN,Yasen-M,10,DECOY,DEC-ACTIVE,Active Decoy,DEC-ACTIVE-RU,,Active Decoy,GAMEPLAY,GAMEPLAY,GAMEPLAY_POLICY,US_ACM_TORPEDO_DECOY,SOCKET_COUNTERMEASURE_02,3,
RU_SSN_YasenM,Russia,SSN,Yasen-M,10,DECOY,DEC-ACOUSTIC,Acoustic Decoy,DEC-ACOUSTIC-RU,,Acoustic Decoy,GAMEPLAY,GAMEPLAY,GAMEPLAY_POLICY,US_ACM_TORPEDO_DECOY,SOCKET_COUNTERMEASURE_02,2,
RU_SSN_YasenM,Russia,SSN,Yasen-M,10,DECOY,DEC-TORPEDO,Torpedo Decoy,DEC-TORPEDO-RU,MG-104 Brosok / MG-114 Berill,Torpedo Decoy,GAMEPLAY,GAMEPLAY,GAMEPLAY_POLICY,US_ACM_TORPEDO_DECOY,SOCKET_COUNTERMEASURE_02,4,
RU_SSN_YasenM,Russia,SSN,Yasen-M,10,DECOY,DEC-MOBILE,Mobile Decoy,DEC-MOBILE-RU,MG-74 Korund-2,Mobile Decoy,GAMEPLAY,GAMEPLAY,GAMEPLAY_POLICY,US_ACM_MOBILE_DECOY,SOCKET_COUNTERMEASURE_02,5,
RU_SSN_YasenM,Russia,SSN,Yasen-M,10,DECOY,DEC-ADVANCED,Advanced Decoy,DEC-ADVANCED-RU,,Advanced Decoy,GAMEPLAY,GAMEPLAY,GAMEPLAY_POLICY,US_ACM_MOBILE_DECOY,SOCKET_COUNTERMEASURE_02,7,
RU_SSN_YasenM,Russia,SSN,Yasen-M,10,NOISE_MAKER,NM-EARLY,Early Noise Maker,NM-EARLY-RU,,Early Noise Maker,GAMEPLAY,GAMEPLAY,GAMEPLAY_POLICY,GEN_ACM_NOISE_MAKER,SOCKET_COUNTERMEASURE_02,1,
RU_SSN_YasenM,Russia,SSN,Yasen-M,10,NOISE_MAKER,NM-IMPROVED,Improved Noise Maker,NM-IMPROVED-RU,,Improved Noise Maker,GAMEPLAY,GAMEPLAY,GAMEPLAY_POLICY,GEN_ACM_NOISE_MAKER,SOCKET_COUNTERMEASURE_02,3,
RU_SSN_YasenM,Russia,SSN,Yasen-M,10,NOISE_MAKER,NM-MODERN,Modern Noise Maker,NM-MODERN-RU,,Modern Noise Maker,GAMEPLAY,GAMEPLAY,GAMEPLAY_POLICY,GEN_ACM_NOISE_MAKER,SOCKET_COUNTERMEASURE_02,6,
RU_SSN_YasenM,Russia,SSN,Yasen-M,10,NOISE_MAKER,NM-ADVANCED,Advanced Acoustic Countermeasure,NM-ADVANCED-RU,,Advanced Acoustic Countermeasure,GAMEPLAY,GAMEPLAY,GAMEPLAY_POLICY,GEN_ACM_NOISE_MAKER,SOCKET_COUNTERMEASURE_02,8,
RU_SSN_YasenM,Russia,SSN,Yasen-M,10,TORPEDO_DEFENSE,TD-WARNING,Torpedo Warning,TD-WARNING-RU,,Torpedo Warning,GAMEPLAY,GAMEPLAY,GAMEPLAY_POLICY,GEN_TW_TORPEDO_WARNING_SENSOR,SOCKET_DECOY_LAUNCHER_02,4,
RU_SSN_YasenM,Russia,SSN,Yasen-M,10,TORPEDO_DEFENSE,TD-COUNTERMEASURE,Countermeasure,TD-COUNTERMEASURE-RU,,Countermeasure,GAMEPLAY,GAMEPLAY,GAMEPLAY_POLICY,US_ACM_TORPEDO_DECOY,SOCKET_DECOY_LAUNCHER_02,5,
RU_SSN_YasenM,Russia,SSN,Yasen-M,10,TORPEDO_DEFENSE,TD-ADVANCED,Advanced Countermeasure,TD-ADVANCED-RU,,Advanced Countermeasure,GAMEPLAY,GAMEPLAY,GAMEPLAY_POLICY,US_ACM_MOBILE_DECOY,SOCKET_DECOY_LAUNCHER_02,7,
RU_SSN_YasenM,Russia,SSN,Yasen-M,10,TORPEDO_DEFENSE,TD-INTEGRATED,Integrated Torpedo Defense,TD-INTEGRATED-RU,,Integrated Torpedo Defense,GAMEPLAY,GAMEPLAY,GAMEPLAY_POLICY,US_ACM_MOBILE_DECOY,SOCKET_DECOY_LAUNCHER_02,9,
RU_SSN_YasenM,Russia,SSN,Yasen-M,10,LAUNCHER,CML-EXTERNAL,External Launcher,CML-EXTERNAL-RU,REPS-324 Shlagbaum,External Launcher,GAMEPLAY,GAMEPLAY,GAMEPLAY_POLICY,US_CML_DECOY_LAUNCHER,SOCKET_DECOY_LAUNCHER_01,2,
RU_SSN_YasenM,Russia,SSN,Yasen-M,10,LAUNCHER,CML-TUBE,Countermeasure Tube,CML-TUBE-RU,,Countermeasure Tube,GAMEPLAY,GAMEPLAY,GAMEPLAY_POLICY,GEN_CML_TUBE,SOCKET_DECOY_LAUNCHER_01,3,
RU_SSN_YasenM,Russia,SSN,Yasen-M,10,LAUNCHER,CML-ACOUSTIC-DEVICE,Acoustic Device Launcher,CML-ACOUSTIC-DEVICE-RU,,Acoustic Device Launcher,GAMEPLAY,GAMEPLAY,GAMEPLAY_POLICY,US_CML_DECOY_LAUNCHER,SOCKET_DECOY_LAUNCHER_01,4,
RU_SSN_YasenM,Russia,SSN,Yasen-M,10,LAUNCHER,CML-ADVANCED,Advanced Launcher,CML-ADVANCED-RU,,Advanced Launcher,GAMEPLAY,GAMEPLAY,GAMEPLAY_POLICY,US_CML_DECOY_LAUNCHER,SOCKET_DECOY_LAUNCHER_01,7,
RU_SSN_YasenM,Russia,SSN,Yasen-M,10,LAUNCHER,CML-INTEGRATED,Integrated Launcher,CML-INTEGRATED-RU,,Integrated Launcher,GAMEPLAY,GAMEPLAY,GAMEPLAY_POLICY,US_CML_DECOY_LAUNCHER,SOCKET_DECOY_LAUNCHER_01,8,
RU_SSN_YasenM,Russia,SSN,Yasen-M,10,DEFENSIVE_CONTROL,DC-CONSOLE,Defensive Control Console,DC-CONSOLE-RU,,Defensive Control Console,GAMEPLAY,GAMEPLAY,GAMEPLAY_POLICY,US_DCM_CONSOLE,,2,
RU_SSN_YasenM,Russia,SSN,Yasen-M,10,DEFENSIVE_CONTROL,DC-INTEGRATED-CONTROL,Integrated Defensive Control,DC-INTEGRATED-CONTROL-RU,,Integrated Defensive Control,GAMEPLAY,GAMEPLAY,GAMEPLAY_POLICY,US_DCM_CONSOLE,,6,
RU_SSN_YasenM,Russia,SSN,Yasen-M,10,DEFENSIVE_CONTROL,DC-AUTOMATED,Automated Defensive Control,DC-AUTOMATED-RU,,Automated Defensive Control,GAMEPLAY,GAMEPLAY,GAMEPLAY_POLICY,US_DCM_CONSOLE,,8,
RU_SSN_YasenM,Russia,SSN,Yasen-M,10,INTEGRATED_DEFENSE,IDS-CORE,Integrated Defensive System,IDS-CORE-RU,,Integrated Defensive System,GAMEPLAY,GAMEPLAY,GAMEPLAY_POLICY,US_DCM_CONSOLE,,6,
RU_SSN_YasenM,Russia,SSN,Yasen-M,10,INTEGRATED_DEFENSE,IDS-ADVANCED,Next Generation Defensive System,IDS-ADVANCED-RU,,Next Generation Defensive System,GAMEPLAY,GAMEPLAY,GAMEPLAY_POLICY,US_DCM_CONSOLE,,9,
RU_SSBN_Hotel,Russia,SSBN,Hotel,2,ESM,ESM-BASIC-DETECTION,Basic Signal Detection,ESM-BASIC-DETECTION-RU,,Basic Signal Detection,GAMEPLAY,GAMEPLAY,GAMEPLAY_POLICY,RU_EW_AKULA,SOCKET_EW_MAST,1,
RU_SSBN_Hotel,Russia,SSBN,Hotel,2,ESM,ESM-IMPROVED-DETECTION,Improved Detection,ESM-IMPROVED-DETECTION-RU,,Improved Detection,GAMEPLAY,GAMEPLAY,GAMEPLAY_POLICY,RU_EW_AKULA,SOCKET_EW_MAST,2,
RU_SSBN_Hotel,Russia,SSBN,Hotel,2,ESM,ESM-CLASSIFICATION,Signal Classification,ESM-CLASSIFICATION-RU,,Signal Classification,GAMEPLAY,GAMEPLAY,GAMEPLAY_POLICY,RU_EW_AKULA,SOCKET_EW_MAST,3,
RU_SSBN_Hotel,Russia,SSBN,Hotel,2,ESM,ESM-DIGITAL,Digital ESM,ESM-DIGITAL-RU,,Digital ESM,UNKNOWN,UNKNOWN,UNKNOWN_INSUFFICIENT_PUBLIC_DATA,RU_EW_AKULA,SOCKET_EW_MAST,4,
RU_SSBN_Hotel,Russia,SSBN,Hotel,2,ESM,ESM-MULTIBAND,Multi-Band ESM,ESM-MULTIBAND-RU,,Multi-Band ESM,UNKNOWN,UNKNOWN,UNKNOWN_INSUFFICIENT_PUBLIC_DATA,RU_EW_AKULA,SOCKET_EW_MAST,5,
RU_SSBN_Hotel,Russia,SSBN,Hotel,2,ESM,ESM-INTEGRATED,Integrated ESM,ESM-INTEGRATED-RU,,Integrated ESM,INCOMPATIBLE,INCOMPATIBLE,ERA_WINDOW_POLICY,RU_EW_AKULA,SOCKET_EW_MAST,6,
RU_SSBN_Hotel,Russia,SSBN,Hotel,2,ESM,ESM-ADVANCED-THREAT-WARNING,Advanced Threat Warning,ESM-ADVANCED-THREAT-WARNING-RU,,Advanced Threat Warning,INCOMPATIBLE,INCOMPATIBLE,ERA_WINDOW_POLICY,RU_EW_AKULA,SOCKET_EW_MAST,7,
RU_SSBN_Hotel,Russia,SSBN,Hotel,2,ESM,ESM-MULTISENSOR-FUSION,Multi-Sensor Fusion,ESM-MULTISENSOR-FUSION-RU,,Multi-Sensor Fusion,INCOMPATIBLE,INCOMPATIBLE,ERA_WINDOW_POLICY,RU_EW_AKULA,SOCKET_EW_MAST,8,
RU_SSBN_Hotel,Russia,SSBN,Hotel,2,ESM,ESM-ADVANCED-EW,Advanced Integrated EW,ESM-ADVANCED-EW-RU,,Advanced Integrated EW,INCOMPATIBLE,INCOMPATIBLE,ERA_WINDOW_POLICY,RU_EW_AKULA,SOCKET_EW_MAST,9,
RU_SSBN_Hotel,Russia,SSBN,Hotel,2,ESM,ESM-NEXTGEN,Next Generation Defensive Electronic System,ESM-NEXTGEN-RU,,Next Generation Defensive Electronic System,INCOMPATIBLE,INCOMPATIBLE,ERA_WINDOW_POLICY,RU_EW_AKULA,SOCKET_EW_MAST,10,
RU_SSBN_Hotel,Russia,SSBN,Hotel,2,THREAT_WARNING,TW-RADAR-WARNING,Radar Warning,TW-RADAR-WARNING-RU,,Radar Warning,GAMEPLAY,GAMEPLAY,GAMEPLAY_POLICY,,SOCKET_EW_ANTENNA,1,
RU_SSBN_Hotel,Russia,SSBN,Hotel,2,THREAT_WARNING,TW-ELECTRONIC-WARNING,Electronic Threat Warning,TW-ELECTRONIC-WARNING-RU,,Electronic Threat Warning,GAMEPLAY,GAMEPLAY,GAMEPLAY_POLICY,,SOCKET_EW_ANTENNA,3,
RU_SSBN_Hotel,Russia,SSBN,Hotel,2,THREAT_WARNING,TW-ACTIVE-SONAR-WARNING,Active Sonar Warning,TW-ACTIVE-SONAR-WARNING-RU,,Active Sonar Warning,UNKNOWN,UNKNOWN,UNKNOWN_INSUFFICIENT_PUBLIC_DATA,,SOCKET_EW_ANTENNA,4,
RU_SSBN_Hotel,Russia,SSBN,Hotel,2,THREAT_WARNING,TW-TORPEDO-WARNING,Torpedo Warning,TW-TORPEDO-WARNING-RU,,Torpedo Warning,UNKNOWN,UNKNOWN,UNKNOWN_INSUFFICIENT_PUBLIC_DATA,GEN_TW_TORPEDO_WARNING_SENSOR,SOCKET_EW_ANTENNA,5,
RU_SSBN_Hotel,Russia,SSBN,Hotel,2,THREAT_WARNING,TW-ACOUSTIC-CLASSIFICATION,Acoustic Threat Classification,TW-ACOUSTIC-CLASSIFICATION-RU,,Acoustic Threat Classification,INCOMPATIBLE,INCOMPATIBLE,ERA_WINDOW_POLICY,,SOCKET_EW_ANTENNA,6,
RU_SSBN_Hotel,Russia,SSBN,Hotel,2,ACOUSTIC_COUNTERMEASURE,ACM-NOISE-MAKER,Noise Maker,ACM-NOISE-MAKER-RU,,Noise Maker,GAMEPLAY,GAMEPLAY,GAMEPLAY_POLICY,GEN_ACM_NOISE_MAKER,SOCKET_COUNTERMEASURE_01,1,
RU_SSBN_Hotel,Russia,SSBN,Hotel,2,ACOUSTIC_COUNTERMEASURE,ACM-ACOUSTIC-DECOY,Acoustic Decoy,ACM-ACOUSTIC-DECOY-RU,,Acoustic Decoy,GAMEPLAY,GAMEPLAY,GAMEPLAY_POLICY,US_ACM_TORPEDO_DECOY,SOCKET_COUNTERMEASURE_01,2,
RU_SSBN_Hotel,Russia,SSBN,Hotel,2,ACOUSTIC_COUNTERMEASURE,ACM-TORPEDO-DECOY,Torpedo Decoy,ACM-TORPEDO-DECOY-RU,MG-74 Korund-2 / MG-104 Brosok / MG-114 Berill,Torpedo Decoy,UNKNOWN,UNKNOWN,UNKNOWN_INSUFFICIENT_PUBLIC_DATA,US_ACM_TORPEDO_DECOY,SOCKET_COUNTERMEASURE_01,4,
RU_SSBN_Hotel,Russia,SSBN,Hotel,2,ACOUSTIC_COUNTERMEASURE,ACM-MOBILE-DECOY,Mobile Acoustic Decoy,ACM-MOBILE-DECOY-RU,MG-74 Korund-2,Mobile Acoustic Decoy,UNKNOWN,UNKNOWN,UNKNOWN_INSUFFICIENT_PUBLIC_DATA,US_ACM_MOBILE_DECOY,SOCKET_COUNTERMEASURE_01,5,
RU_SSBN_Hotel,Russia,SSBN,Hotel,2,ACOUSTIC_COUNTERMEASURE,ACM-ADVANCED,Advanced Acoustic Countermeasure,ACM-ADVANCED-RU,,Advanced Acoustic Countermeasure,INCOMPATIBLE,INCOMPATIBLE,ERA_WINDOW_POLICY,US_ACM_MOBILE_DECOY,SOCKET_COUNTERMEASURE_01,7,
RU_SSBN_Hotel,Russia,SSBN,Hotel,2,ACOUSTIC_COUNTERMEASURE,ACM-INTEGRATED,Integrated Acoustic Defense,ACM-INTEGRATED-RU,,Integrated Acoustic Defense,INCOMPATIBLE,INCOMPATIBLE,ERA_WINDOW_POLICY,US_ACM_MOBILE_DECOY,SOCKET_COUNTERMEASURE_01,8,
RU_SSBN_Hotel,Russia,SSBN,Hotel,2,DECOY,DEC-PASSIVE,Passive Decoy,DEC-PASSIVE-RU,,Passive Decoy,GAMEPLAY,GAMEPLAY,GAMEPLAY_POLICY,,SOCKET_COUNTERMEASURE_02,1,
RU_SSBN_Hotel,Russia,SSBN,Hotel,2,DECOY,DEC-ACTIVE,Active Decoy,DEC-ACTIVE-RU,,Active Decoy,GAMEPLAY,GAMEPLAY,GAMEPLAY_POLICY,US_ACM_TORPEDO_DECOY,SOCKET_COUNTERMEASURE_02,3,
RU_SSBN_Hotel,Russia,SSBN,Hotel,2,DECOY,DEC-ACOUSTIC,Acoustic Decoy,DEC-ACOUSTIC-RU,,Acoustic Decoy,GAMEPLAY,GAMEPLAY,GAMEPLAY_POLICY,US_ACM_TORPEDO_DECOY,SOCKET_COUNTERMEASURE_02,2,
RU_SSBN_Hotel,Russia,SSBN,Hotel,2,DECOY,DEC-TORPEDO,Torpedo Decoy,DEC-TORPEDO-RU,MG-104 Brosok / MG-114 Berill,Torpedo Decoy,UNKNOWN,UNKNOWN,UNKNOWN_INSUFFICIENT_PUBLIC_DATA,US_ACM_TORPEDO_DECOY,SOCKET_COUNTERMEASURE_02,4,
RU_SSBN_Hotel,Russia,SSBN,Hotel,2,DECOY,DEC-MOBILE,Mobile Decoy,DEC-MOBILE-RU,MG-74 Korund-2,Mobile Decoy,UNKNOWN,UNKNOWN,UNKNOWN_INSUFFICIENT_PUBLIC_DATA,US_ACM_MOBILE_DECOY,SOCKET_COUNTERMEASURE_02,5,
RU_SSBN_Hotel,Russia,SSBN,Hotel,2,DECOY,DEC-ADVANCED,Advanced Decoy,DEC-ADVANCED-RU,,Advanced Decoy,INCOMPATIBLE,INCOMPATIBLE,ERA_WINDOW_POLICY,US_ACM_MOBILE_DECOY,SOCKET_COUNTERMEASURE_02,7,
RU_SSBN_Hotel,Russia,SSBN,Hotel,2,NOISE_MAKER,NM-EARLY,Early Noise Maker,NM-EARLY-RU,,Early Noise Maker,GAMEPLAY,GAMEPLAY,GAMEPLAY_POLICY,GEN_ACM_NOISE_MAKER,SOCKET_COUNTERMEASURE_02,1,
RU_SSBN_Hotel,Russia,SSBN,Hotel,2,NOISE_MAKER,NM-IMPROVED,Improved Noise Maker,NM-IMPROVED-RU,,Improved Noise Maker,GAMEPLAY,GAMEPLAY,GAMEPLAY_POLICY,GEN_ACM_NOISE_MAKER,SOCKET_COUNTERMEASURE_02,3,
RU_SSBN_Hotel,Russia,SSBN,Hotel,2,NOISE_MAKER,NM-MODERN,Modern Noise Maker,NM-MODERN-RU,,Modern Noise Maker,INCOMPATIBLE,INCOMPATIBLE,ERA_WINDOW_POLICY,GEN_ACM_NOISE_MAKER,SOCKET_COUNTERMEASURE_02,6,
RU_SSBN_Hotel,Russia,SSBN,Hotel,2,NOISE_MAKER,NM-ADVANCED,Advanced Acoustic Countermeasure,NM-ADVANCED-RU,,Advanced Acoustic Countermeasure,INCOMPATIBLE,INCOMPATIBLE,ERA_WINDOW_POLICY,GEN_ACM_NOISE_MAKER,SOCKET_COUNTERMEASURE_02,8,
RU_SSBN_Hotel,Russia,SSBN,Hotel,2,TORPEDO_DEFENSE,TD-WARNING,Torpedo Warning,TD-WARNING-RU,,Torpedo Warning,UNKNOWN,UNKNOWN,UNKNOWN_INSUFFICIENT_PUBLIC_DATA,GEN_TW_TORPEDO_WARNING_SENSOR,SOCKET_DECOY_LAUNCHER_02,4,
RU_SSBN_Hotel,Russia,SSBN,Hotel,2,TORPEDO_DEFENSE,TD-COUNTERMEASURE,Countermeasure,TD-COUNTERMEASURE-RU,,Countermeasure,UNKNOWN,UNKNOWN,UNKNOWN_INSUFFICIENT_PUBLIC_DATA,US_ACM_TORPEDO_DECOY,SOCKET_DECOY_LAUNCHER_02,5,
RU_SSBN_Hotel,Russia,SSBN,Hotel,2,TORPEDO_DEFENSE,TD-ADVANCED,Advanced Countermeasure,TD-ADVANCED-RU,,Advanced Countermeasure,INCOMPATIBLE,INCOMPATIBLE,ERA_WINDOW_POLICY,US_ACM_MOBILE_DECOY,SOCKET_DECOY_LAUNCHER_02,7,
RU_SSBN_Hotel,Russia,SSBN,Hotel,2,TORPEDO_DEFENSE,TD-INTEGRATED,Integrated Torpedo Defense,TD-INTEGRATED-RU,,Integrated Torpedo Defense,INCOMPATIBLE,INCOMPATIBLE,ERA_WINDOW_POLICY,US_ACM_MOBILE_DECOY,SOCKET_DECOY_LAUNCHER_02,9,
RU_SSBN_Hotel,Russia,SSBN,Hotel,2,LAUNCHER,CML-EXTERNAL,External Launcher,CML-EXTERNAL-RU,REPS-324 Shlagbaum,External Launcher,GAMEPLAY,GAMEPLAY,GAMEPLAY_POLICY,US_CML_DECOY_LAUNCHER,SOCKET_DECOY_LAUNCHER_01,2,
RU_SSBN_Hotel,Russia,SSBN,Hotel,2,LAUNCHER,CML-TUBE,Countermeasure Tube,CML-TUBE-RU,,Countermeasure Tube,GAMEPLAY,GAMEPLAY,GAMEPLAY_POLICY,GEN_CML_TUBE,SOCKET_DECOY_LAUNCHER_01,3,
RU_SSBN_Hotel,Russia,SSBN,Hotel,2,LAUNCHER,CML-ACOUSTIC-DEVICE,Acoustic Device Launcher,CML-ACOUSTIC-DEVICE-RU,,Acoustic Device Launcher,UNKNOWN,UNKNOWN,UNKNOWN_INSUFFICIENT_PUBLIC_DATA,US_CML_DECOY_LAUNCHER,SOCKET_DECOY_LAUNCHER_01,4,
RU_SSBN_Hotel,Russia,SSBN,Hotel,2,LAUNCHER,CML-ADVANCED,Advanced Launcher,CML-ADVANCED-RU,,Advanced Launcher,INCOMPATIBLE,INCOMPATIBLE,ERA_WINDOW_POLICY,US_CML_DECOY_LAUNCHER,SOCKET_DECOY_LAUNCHER_01,7,
RU_SSBN_Hotel,Russia,SSBN,Hotel,2,LAUNCHER,CML-INTEGRATED,Integrated Launcher,CML-INTEGRATED-RU,,Integrated Launcher,INCOMPATIBLE,INCOMPATIBLE,ERA_WINDOW_POLICY,US_CML_DECOY_LAUNCHER,SOCKET_DECOY_LAUNCHER_01,8,
RU_SSBN_Hotel,Russia,SSBN,Hotel,2,DEFENSIVE_CONTROL,DC-CONSOLE,Defensive Control Console,DC-CONSOLE-RU,,Defensive Control Console,GAMEPLAY,GAMEPLAY,GAMEPLAY_POLICY,US_DCM_CONSOLE,,2,
RU_SSBN_Hotel,Russia,SSBN,Hotel,2,DEFENSIVE_CONTROL,DC-INTEGRATED-CONTROL,Integrated Defensive Control,DC-INTEGRATED-CONTROL-RU,,Integrated Defensive Control,INCOMPATIBLE,INCOMPATIBLE,ERA_WINDOW_POLICY,US_DCM_CONSOLE,,6,
RU_SSBN_Hotel,Russia,SSBN,Hotel,2,DEFENSIVE_CONTROL,DC-AUTOMATED,Automated Defensive Control,DC-AUTOMATED-RU,,Automated Defensive Control,INCOMPATIBLE,INCOMPATIBLE,ERA_WINDOW_POLICY,US_DCM_CONSOLE,,8,
RU_SSBN_Hotel,Russia,SSBN,Hotel,2,INTEGRATED_DEFENSE,IDS-CORE,Integrated Defensive System,IDS-CORE-RU,,Integrated Defensive System,INCOMPATIBLE,INCOMPATIBLE,ERA_WINDOW_POLICY,US_DCM_CONSOLE,,6,
RU_SSBN_Hotel,Russia,SSBN,Hotel,2,INTEGRATED_DEFENSE,IDS-ADVANCED,Next Generation Defensive System,IDS-ADVANCED-RU,,Next Generation Defensive System,INCOMPATIBLE,INCOMPATIBLE,ERA_WINDOW_POLICY,US_DCM_CONSOLE,,9,
RU_SSBN_Yankee,Russia,SSBN,Yankee,4,ESM,ESM-BASIC-DETECTION,Basic Signal Detection,ESM-BASIC-DETECTION-RU,,Basic Signal Detection,GAMEPLAY,GAMEPLAY,GAMEPLAY_POLICY,RU_EW_AKULA,SOCKET_EW_MAST,1,
RU_SSBN_Yankee,Russia,SSBN,Yankee,4,ESM,ESM-IMPROVED-DETECTION,Improved Detection,ESM-IMPROVED-DETECTION-RU,,Improved Detection,GAMEPLAY,GAMEPLAY,GAMEPLAY_POLICY,RU_EW_AKULA,SOCKET_EW_MAST,2,
RU_SSBN_Yankee,Russia,SSBN,Yankee,4,ESM,ESM-CLASSIFICATION,Signal Classification,ESM-CLASSIFICATION-RU,,Signal Classification,GAMEPLAY,GAMEPLAY,GAMEPLAY_POLICY,RU_EW_AKULA,SOCKET_EW_MAST,3,
RU_SSBN_Yankee,Russia,SSBN,Yankee,4,ESM,ESM-DIGITAL,Digital ESM,ESM-DIGITAL-RU,,Digital ESM,GAMEPLAY,GAMEPLAY,GAMEPLAY_POLICY,RU_EW_AKULA,SOCKET_EW_MAST,4,
RU_SSBN_Yankee,Russia,SSBN,Yankee,4,ESM,ESM-MULTIBAND,Multi-Band ESM,ESM-MULTIBAND-RU,,Multi-Band ESM,GAMEPLAY,GAMEPLAY,GAMEPLAY_POLICY,RU_EW_AKULA,SOCKET_EW_MAST,5,
RU_SSBN_Yankee,Russia,SSBN,Yankee,4,ESM,ESM-INTEGRATED,Integrated ESM,ESM-INTEGRATED-RU,,Integrated ESM,UNKNOWN,UNKNOWN,UNKNOWN_INSUFFICIENT_PUBLIC_DATA,RU_EW_AKULA,SOCKET_EW_MAST,6,
RU_SSBN_Yankee,Russia,SSBN,Yankee,4,ESM,ESM-ADVANCED-THREAT-WARNING,Advanced Threat Warning,ESM-ADVANCED-THREAT-WARNING-RU,,Advanced Threat Warning,UNKNOWN,UNKNOWN,UNKNOWN_INSUFFICIENT_PUBLIC_DATA,RU_EW_AKULA,SOCKET_EW_MAST,7,
RU_SSBN_Yankee,Russia,SSBN,Yankee,4,ESM,ESM-MULTISENSOR-FUSION,Multi-Sensor Fusion,ESM-MULTISENSOR-FUSION-RU,,Multi-Sensor Fusion,INCOMPATIBLE,INCOMPATIBLE,ERA_WINDOW_POLICY,RU_EW_AKULA,SOCKET_EW_MAST,8,
RU_SSBN_Yankee,Russia,SSBN,Yankee,4,ESM,ESM-ADVANCED-EW,Advanced Integrated EW,ESM-ADVANCED-EW-RU,,Advanced Integrated EW,INCOMPATIBLE,INCOMPATIBLE,ERA_WINDOW_POLICY,RU_EW_AKULA,SOCKET_EW_MAST,9,
RU_SSBN_Yankee,Russia,SSBN,Yankee,4,ESM,ESM-NEXTGEN,Next Generation Defensive Electronic System,ESM-NEXTGEN-RU,,Next Generation Defensive Electronic System,INCOMPATIBLE,INCOMPATIBLE,ERA_WINDOW_POLICY,RU_EW_AKULA,SOCKET_EW_MAST,10,
RU_SSBN_Yankee,Russia,SSBN,Yankee,4,THREAT_WARNING,TW-RADAR-WARNING,Radar Warning,TW-RADAR-WARNING-RU,,Radar Warning,GAMEPLAY,GAMEPLAY,GAMEPLAY_POLICY,,SOCKET_EW_ANTENNA,1,
RU_SSBN_Yankee,Russia,SSBN,Yankee,4,THREAT_WARNING,TW-ELECTRONIC-WARNING,Electronic Threat Warning,TW-ELECTRONIC-WARNING-RU,,Electronic Threat Warning,GAMEPLAY,GAMEPLAY,GAMEPLAY_POLICY,,SOCKET_EW_ANTENNA,3,
RU_SSBN_Yankee,Russia,SSBN,Yankee,4,THREAT_WARNING,TW-ACTIVE-SONAR-WARNING,Active Sonar Warning,TW-ACTIVE-SONAR-WARNING-RU,,Active Sonar Warning,GAMEPLAY,GAMEPLAY,GAMEPLAY_POLICY,,SOCKET_EW_ANTENNA,4,
RU_SSBN_Yankee,Russia,SSBN,Yankee,4,THREAT_WARNING,TW-TORPEDO-WARNING,Torpedo Warning,TW-TORPEDO-WARNING-RU,,Torpedo Warning,GAMEPLAY,GAMEPLAY,GAMEPLAY_POLICY,GEN_TW_TORPEDO_WARNING_SENSOR,SOCKET_EW_ANTENNA,5,
RU_SSBN_Yankee,Russia,SSBN,Yankee,4,THREAT_WARNING,TW-ACOUSTIC-CLASSIFICATION,Acoustic Threat Classification,TW-ACOUSTIC-CLASSIFICATION-RU,,Acoustic Threat Classification,UNKNOWN,UNKNOWN,UNKNOWN_INSUFFICIENT_PUBLIC_DATA,,SOCKET_EW_ANTENNA,6,
RU_SSBN_Yankee,Russia,SSBN,Yankee,4,ACOUSTIC_COUNTERMEASURE,ACM-NOISE-MAKER,Noise Maker,ACM-NOISE-MAKER-RU,,Noise Maker,GAMEPLAY,GAMEPLAY,GAMEPLAY_POLICY,GEN_ACM_NOISE_MAKER,SOCKET_COUNTERMEASURE_01,1,
RU_SSBN_Yankee,Russia,SSBN,Yankee,4,ACOUSTIC_COUNTERMEASURE,ACM-ACOUSTIC-DECOY,Acoustic Decoy,ACM-ACOUSTIC-DECOY-RU,,Acoustic Decoy,GAMEPLAY,GAMEPLAY,GAMEPLAY_POLICY,US_ACM_TORPEDO_DECOY,SOCKET_COUNTERMEASURE_01,2,
RU_SSBN_Yankee,Russia,SSBN,Yankee,4,ACOUSTIC_COUNTERMEASURE,ACM-TORPEDO-DECOY,Torpedo Decoy,ACM-TORPEDO-DECOY-RU,MG-74 Korund-2 / MG-104 Brosok / MG-114 Berill,Torpedo Decoy,GAMEPLAY,GAMEPLAY,GAMEPLAY_POLICY,US_ACM_TORPEDO_DECOY,SOCKET_COUNTERMEASURE_01,4,
RU_SSBN_Yankee,Russia,SSBN,Yankee,4,ACOUSTIC_COUNTERMEASURE,ACM-MOBILE-DECOY,Mobile Acoustic Decoy,ACM-MOBILE-DECOY-RU,MG-74 Korund-2,Mobile Acoustic Decoy,GAMEPLAY,GAMEPLAY,GAMEPLAY_POLICY,US_ACM_MOBILE_DECOY,SOCKET_COUNTERMEASURE_01,5,
RU_SSBN_Yankee,Russia,SSBN,Yankee,4,ACOUSTIC_COUNTERMEASURE,ACM-ADVANCED,Advanced Acoustic Countermeasure,ACM-ADVANCED-RU,,Advanced Acoustic Countermeasure,UNKNOWN,UNKNOWN,UNKNOWN_INSUFFICIENT_PUBLIC_DATA,US_ACM_MOBILE_DECOY,SOCKET_COUNTERMEASURE_01,7,
RU_SSBN_Yankee,Russia,SSBN,Yankee,4,ACOUSTIC_COUNTERMEASURE,ACM-INTEGRATED,Integrated Acoustic Defense,ACM-INTEGRATED-RU,,Integrated Acoustic Defense,INCOMPATIBLE,INCOMPATIBLE,ERA_WINDOW_POLICY,US_ACM_MOBILE_DECOY,SOCKET_COUNTERMEASURE_01,8,
RU_SSBN_Yankee,Russia,SSBN,Yankee,4,DECOY,DEC-PASSIVE,Passive Decoy,DEC-PASSIVE-RU,,Passive Decoy,GAMEPLAY,GAMEPLAY,GAMEPLAY_POLICY,,SOCKET_COUNTERMEASURE_02,1,
RU_SSBN_Yankee,Russia,SSBN,Yankee,4,DECOY,DEC-ACTIVE,Active Decoy,DEC-ACTIVE-RU,,Active Decoy,GAMEPLAY,GAMEPLAY,GAMEPLAY_POLICY,US_ACM_TORPEDO_DECOY,SOCKET_COUNTERMEASURE_02,3,
RU_SSBN_Yankee,Russia,SSBN,Yankee,4,DECOY,DEC-ACOUSTIC,Acoustic Decoy,DEC-ACOUSTIC-RU,,Acoustic Decoy,GAMEPLAY,GAMEPLAY,GAMEPLAY_POLICY,US_ACM_TORPEDO_DECOY,SOCKET_COUNTERMEASURE_02,2,
RU_SSBN_Yankee,Russia,SSBN,Yankee,4,DECOY,DEC-TORPEDO,Torpedo Decoy,DEC-TORPEDO-RU,MG-104 Brosok / MG-114 Berill,Torpedo Decoy,GAMEPLAY,GAMEPLAY,GAMEPLAY_POLICY,US_ACM_TORPEDO_DECOY,SOCKET_COUNTERMEASURE_02,4,
RU_SSBN_Yankee,Russia,SSBN,Yankee,4,DECOY,DEC-MOBILE,Mobile Decoy,DEC-MOBILE-RU,MG-74 Korund-2,Mobile Decoy,GAMEPLAY,GAMEPLAY,GAMEPLAY_POLICY,US_ACM_MOBILE_DECOY,SOCKET_COUNTERMEASURE_02,5,
RU_SSBN_Yankee,Russia,SSBN,Yankee,4,DECOY,DEC-ADVANCED,Advanced Decoy,DEC-ADVANCED-RU,,Advanced Decoy,UNKNOWN,UNKNOWN,UNKNOWN_INSUFFICIENT_PUBLIC_DATA,US_ACM_MOBILE_DECOY,SOCKET_COUNTERMEASURE_02,7,
RU_SSBN_Yankee,Russia,SSBN,Yankee,4,NOISE_MAKER,NM-EARLY,Early Noise Maker,NM-EARLY-RU,,Early Noise Maker,GAMEPLAY,GAMEPLAY,GAMEPLAY_POLICY,GEN_ACM_NOISE_MAKER,SOCKET_COUNTERMEASURE_02,1,
RU_SSBN_Yankee,Russia,SSBN,Yankee,4,NOISE_MAKER,NM-IMPROVED,Improved Noise Maker,NM-IMPROVED-RU,,Improved Noise Maker,GAMEPLAY,GAMEPLAY,GAMEPLAY_POLICY,GEN_ACM_NOISE_MAKER,SOCKET_COUNTERMEASURE_02,3,
RU_SSBN_Yankee,Russia,SSBN,Yankee,4,NOISE_MAKER,NM-MODERN,Modern Noise Maker,NM-MODERN-RU,,Modern Noise Maker,UNKNOWN,UNKNOWN,UNKNOWN_INSUFFICIENT_PUBLIC_DATA,GEN_ACM_NOISE_MAKER,SOCKET_COUNTERMEASURE_02,6,
RU_SSBN_Yankee,Russia,SSBN,Yankee,4,NOISE_MAKER,NM-ADVANCED,Advanced Acoustic Countermeasure,NM-ADVANCED-RU,,Advanced Acoustic Countermeasure,INCOMPATIBLE,INCOMPATIBLE,ERA_WINDOW_POLICY,GEN_ACM_NOISE_MAKER,SOCKET_COUNTERMEASURE_02,8,
RU_SSBN_Yankee,Russia,SSBN,Yankee,4,TORPEDO_DEFENSE,TD-WARNING,Torpedo Warning,TD-WARNING-RU,,Torpedo Warning,GAMEPLAY,GAMEPLAY,GAMEPLAY_POLICY,GEN_TW_TORPEDO_WARNING_SENSOR,SOCKET_DECOY_LAUNCHER_02,4,
RU_SSBN_Yankee,Russia,SSBN,Yankee,4,TORPEDO_DEFENSE,TD-COUNTERMEASURE,Countermeasure,TD-COUNTERMEASURE-RU,,Countermeasure,GAMEPLAY,GAMEPLAY,GAMEPLAY_POLICY,US_ACM_TORPEDO_DECOY,SOCKET_DECOY_LAUNCHER_02,5,
RU_SSBN_Yankee,Russia,SSBN,Yankee,4,TORPEDO_DEFENSE,TD-ADVANCED,Advanced Countermeasure,TD-ADVANCED-RU,,Advanced Countermeasure,UNKNOWN,UNKNOWN,UNKNOWN_INSUFFICIENT_PUBLIC_DATA,US_ACM_MOBILE_DECOY,SOCKET_DECOY_LAUNCHER_02,7,
RU_SSBN_Yankee,Russia,SSBN,Yankee,4,TORPEDO_DEFENSE,TD-INTEGRATED,Integrated Torpedo Defense,TD-INTEGRATED-RU,,Integrated Torpedo Defense,INCOMPATIBLE,INCOMPATIBLE,ERA_WINDOW_POLICY,US_ACM_MOBILE_DECOY,SOCKET_DECOY_LAUNCHER_02,9,
RU_SSBN_Yankee,Russia,SSBN,Yankee,4,LAUNCHER,CML-EXTERNAL,External Launcher,CML-EXTERNAL-RU,REPS-324 Shlagbaum,External Launcher,GAMEPLAY,GAMEPLAY,GAMEPLAY_POLICY,US_CML_DECOY_LAUNCHER,SOCKET_DECOY_LAUNCHER_01,2,
RU_SSBN_Yankee,Russia,SSBN,Yankee,4,LAUNCHER,CML-TUBE,Countermeasure Tube,CML-TUBE-RU,,Countermeasure Tube,GAMEPLAY,GAMEPLAY,GAMEPLAY_POLICY,GEN_CML_TUBE,SOCKET_DECOY_LAUNCHER_01,3,
RU_SSBN_Yankee,Russia,SSBN,Yankee,4,LAUNCHER,CML-ACOUSTIC-DEVICE,Acoustic Device Launcher,CML-ACOUSTIC-DEVICE-RU,,Acoustic Device Launcher,GAMEPLAY,GAMEPLAY,GAMEPLAY_POLICY,US_CML_DECOY_LAUNCHER,SOCKET_DECOY_LAUNCHER_01,4,
RU_SSBN_Yankee,Russia,SSBN,Yankee,4,LAUNCHER,CML-ADVANCED,Advanced Launcher,CML-ADVANCED-RU,,Advanced Launcher,UNKNOWN,UNKNOWN,UNKNOWN_INSUFFICIENT_PUBLIC_DATA,US_CML_DECOY_LAUNCHER,SOCKET_DECOY_LAUNCHER_01,7,
RU_SSBN_Yankee,Russia,SSBN,Yankee,4,LAUNCHER,CML-INTEGRATED,Integrated Launcher,CML-INTEGRATED-RU,,Integrated Launcher,INCOMPATIBLE,INCOMPATIBLE,ERA_WINDOW_POLICY,US_CML_DECOY_LAUNCHER,SOCKET_DECOY_LAUNCHER_01,8,
RU_SSBN_Yankee,Russia,SSBN,Yankee,4,DEFENSIVE_CONTROL,DC-CONSOLE,Defensive Control Console,DC-CONSOLE-RU,,Defensive Control Console,GAMEPLAY,GAMEPLAY,GAMEPLAY_POLICY,US_DCM_CONSOLE,,2,
RU_SSBN_Yankee,Russia,SSBN,Yankee,4,DEFENSIVE_CONTROL,DC-INTEGRATED-CONTROL,Integrated Defensive Control,DC-INTEGRATED-CONTROL-RU,,Integrated Defensive Control,UNKNOWN,UNKNOWN,UNKNOWN_INSUFFICIENT_PUBLIC_DATA,US_DCM_CONSOLE,,6,
RU_SSBN_Yankee,Russia,SSBN,Yankee,4,DEFENSIVE_CONTROL,DC-AUTOMATED,Automated Defensive Control,DC-AUTOMATED-RU,,Automated Defensive Control,INCOMPATIBLE,INCOMPATIBLE,ERA_WINDOW_POLICY,US_DCM_CONSOLE,,8,
RU_SSBN_Yankee,Russia,SSBN,Yankee,4,INTEGRATED_DEFENSE,IDS-CORE,Integrated Defensive System,IDS-CORE-RU,,Integrated Defensive System,UNKNOWN,UNKNOWN,UNKNOWN_INSUFFICIENT_PUBLIC_DATA,US_DCM_CONSOLE,,6,
RU_SSBN_Yankee,Russia,SSBN,Yankee,4,INTEGRATED_DEFENSE,IDS-ADVANCED,Next Generation Defensive System,IDS-ADVANCED-RU,,Next Generation Defensive System,INCOMPATIBLE,INCOMPATIBLE,ERA_WINDOW_POLICY,US_DCM_CONSOLE,,9,
RU_SSBN_DeltaI,Russia,SSBN,Delta I,5,ESM,ESM-BASIC-DETECTION,Basic Signal Detection,ESM-BASIC-DETECTION-RU,,Basic Signal Detection,GAMEPLAY,GAMEPLAY,GAMEPLAY_POLICY,RU_EW_AKULA,SOCKET_EW_MAST,1,
RU_SSBN_DeltaI,Russia,SSBN,Delta I,5,ESM,ESM-IMPROVED-DETECTION,Improved Detection,ESM-IMPROVED-DETECTION-RU,,Improved Detection,GAMEPLAY,GAMEPLAY,GAMEPLAY_POLICY,RU_EW_AKULA,SOCKET_EW_MAST,2,
RU_SSBN_DeltaI,Russia,SSBN,Delta I,5,ESM,ESM-CLASSIFICATION,Signal Classification,ESM-CLASSIFICATION-RU,,Signal Classification,GAMEPLAY,GAMEPLAY,GAMEPLAY_POLICY,RU_EW_AKULA,SOCKET_EW_MAST,3,
RU_SSBN_DeltaI,Russia,SSBN,Delta I,5,ESM,ESM-DIGITAL,Digital ESM,ESM-DIGITAL-RU,,Digital ESM,GAMEPLAY,GAMEPLAY,GAMEPLAY_POLICY,RU_EW_AKULA,SOCKET_EW_MAST,4,
RU_SSBN_DeltaI,Russia,SSBN,Delta I,5,ESM,ESM-MULTIBAND,Multi-Band ESM,ESM-MULTIBAND-RU,,Multi-Band ESM,GAMEPLAY,GAMEPLAY,GAMEPLAY_POLICY,RU_EW_AKULA,SOCKET_EW_MAST,5,
RU_SSBN_DeltaI,Russia,SSBN,Delta I,5,ESM,ESM-INTEGRATED,Integrated ESM,ESM-INTEGRATED-RU,,Integrated ESM,GAMEPLAY,GAMEPLAY,GAMEPLAY_POLICY,RU_EW_AKULA,SOCKET_EW_MAST,6,
RU_SSBN_DeltaI,Russia,SSBN,Delta I,5,ESM,ESM-ADVANCED-THREAT-WARNING,Advanced Threat Warning,ESM-ADVANCED-THREAT-WARNING-RU,,Advanced Threat Warning,UNKNOWN,UNKNOWN,UNKNOWN_INSUFFICIENT_PUBLIC_DATA,RU_EW_AKULA,SOCKET_EW_MAST,7,
RU_SSBN_DeltaI,Russia,SSBN,Delta I,5,ESM,ESM-MULTISENSOR-FUSION,Multi-Sensor Fusion,ESM-MULTISENSOR-FUSION-RU,,Multi-Sensor Fusion,UNKNOWN,UNKNOWN,UNKNOWN_INSUFFICIENT_PUBLIC_DATA,RU_EW_AKULA,SOCKET_EW_MAST,8,
RU_SSBN_DeltaI,Russia,SSBN,Delta I,5,ESM,ESM-ADVANCED-EW,Advanced Integrated EW,ESM-ADVANCED-EW-RU,,Advanced Integrated EW,INCOMPATIBLE,INCOMPATIBLE,ERA_WINDOW_POLICY,RU_EW_AKULA,SOCKET_EW_MAST,9,
RU_SSBN_DeltaI,Russia,SSBN,Delta I,5,ESM,ESM-NEXTGEN,Next Generation Defensive Electronic System,ESM-NEXTGEN-RU,,Next Generation Defensive Electronic System,INCOMPATIBLE,INCOMPATIBLE,ERA_WINDOW_POLICY,RU_EW_AKULA,SOCKET_EW_MAST,10,
RU_SSBN_DeltaI,Russia,SSBN,Delta I,5,THREAT_WARNING,TW-RADAR-WARNING,Radar Warning,TW-RADAR-WARNING-RU,,Radar Warning,GAMEPLAY,GAMEPLAY,GAMEPLAY_POLICY,,SOCKET_EW_ANTENNA,1,
RU_SSBN_DeltaI,Russia,SSBN,Delta I,5,THREAT_WARNING,TW-ELECTRONIC-WARNING,Electronic Threat Warning,TW-ELECTRONIC-WARNING-RU,,Electronic Threat Warning,GAMEPLAY,GAMEPLAY,GAMEPLAY_POLICY,,SOCKET_EW_ANTENNA,3,
RU_SSBN_DeltaI,Russia,SSBN,Delta I,5,THREAT_WARNING,TW-ACTIVE-SONAR-WARNING,Active Sonar Warning,TW-ACTIVE-SONAR-WARNING-RU,,Active Sonar Warning,GAMEPLAY,GAMEPLAY,GAMEPLAY_POLICY,,SOCKET_EW_ANTENNA,4,
RU_SSBN_DeltaI,Russia,SSBN,Delta I,5,THREAT_WARNING,TW-TORPEDO-WARNING,Torpedo Warning,TW-TORPEDO-WARNING-RU,,Torpedo Warning,GAMEPLAY,GAMEPLAY,GAMEPLAY_POLICY,GEN_TW_TORPEDO_WARNING_SENSOR,SOCKET_EW_ANTENNA,5,
RU_SSBN_DeltaI,Russia,SSBN,Delta I,5,THREAT_WARNING,TW-ACOUSTIC-CLASSIFICATION,Acoustic Threat Classification,TW-ACOUSTIC-CLASSIFICATION-RU,,Acoustic Threat Classification,GAMEPLAY,GAMEPLAY,GAMEPLAY_POLICY,,SOCKET_EW_ANTENNA,6,
RU_SSBN_DeltaI,Russia,SSBN,Delta I,5,ACOUSTIC_COUNTERMEASURE,ACM-NOISE-MAKER,Noise Maker,ACM-NOISE-MAKER-RU,,Noise Maker,GAMEPLAY,GAMEPLAY,GAMEPLAY_POLICY,GEN_ACM_NOISE_MAKER,SOCKET_COUNTERMEASURE_01,1,
RU_SSBN_DeltaI,Russia,SSBN,Delta I,5,ACOUSTIC_COUNTERMEASURE,ACM-ACOUSTIC-DECOY,Acoustic Decoy,ACM-ACOUSTIC-DECOY-RU,,Acoustic Decoy,GAMEPLAY,GAMEPLAY,GAMEPLAY_POLICY,US_ACM_TORPEDO_DECOY,SOCKET_COUNTERMEASURE_01,2,
RU_SSBN_DeltaI,Russia,SSBN,Delta I,5,ACOUSTIC_COUNTERMEASURE,ACM-TORPEDO-DECOY,Torpedo Decoy,ACM-TORPEDO-DECOY-RU,MG-74 Korund-2 / MG-104 Brosok / MG-114 Berill,Torpedo Decoy,GAMEPLAY,GAMEPLAY,GAMEPLAY_POLICY,US_ACM_TORPEDO_DECOY,SOCKET_COUNTERMEASURE_01,4,
RU_SSBN_DeltaI,Russia,SSBN,Delta I,5,ACOUSTIC_COUNTERMEASURE,ACM-MOBILE-DECOY,Mobile Acoustic Decoy,ACM-MOBILE-DECOY-RU,MG-74 Korund-2,Mobile Acoustic Decoy,GAMEPLAY,GAMEPLAY,GAMEPLAY_POLICY,US_ACM_MOBILE_DECOY,SOCKET_COUNTERMEASURE_01,5,
RU_SSBN_DeltaI,Russia,SSBN,Delta I,5,ACOUSTIC_COUNTERMEASURE,ACM-ADVANCED,Advanced Acoustic Countermeasure,ACM-ADVANCED-RU,,Advanced Acoustic Countermeasure,UNKNOWN,UNKNOWN,UNKNOWN_INSUFFICIENT_PUBLIC_DATA,US_ACM_MOBILE_DECOY,SOCKET_COUNTERMEASURE_01,7,
RU_SSBN_DeltaI,Russia,SSBN,Delta I,5,ACOUSTIC_COUNTERMEASURE,ACM-INTEGRATED,Integrated Acoustic Defense,ACM-INTEGRATED-RU,,Integrated Acoustic Defense,UNKNOWN,UNKNOWN,UNKNOWN_INSUFFICIENT_PUBLIC_DATA,US_ACM_MOBILE_DECOY,SOCKET_COUNTERMEASURE_01,8,
RU_SSBN_DeltaI,Russia,SSBN,Delta I,5,DECOY,DEC-PASSIVE,Passive Decoy,DEC-PASSIVE-RU,,Passive Decoy,GAMEPLAY,GAMEPLAY,GAMEPLAY_POLICY,,SOCKET_COUNTERMEASURE_02,1,
RU_SSBN_DeltaI,Russia,SSBN,Delta I,5,DECOY,DEC-ACTIVE,Active Decoy,DEC-ACTIVE-RU,,Active Decoy,GAMEPLAY,GAMEPLAY,GAMEPLAY_POLICY,US_ACM_TORPEDO_DECOY,SOCKET_COUNTERMEASURE_02,3,
RU_SSBN_DeltaI,Russia,SSBN,Delta I,5,DECOY,DEC-ACOUSTIC,Acoustic Decoy,DEC-ACOUSTIC-RU,,Acoustic Decoy,GAMEPLAY,GAMEPLAY,GAMEPLAY_POLICY,US_ACM_TORPEDO_DECOY,SOCKET_COUNTERMEASURE_02,2,
RU_SSBN_DeltaI,Russia,SSBN,Delta I,5,DECOY,DEC-TORPEDO,Torpedo Decoy,DEC-TORPEDO-RU,MG-104 Brosok / MG-114 Berill,Torpedo Decoy,GAMEPLAY,GAMEPLAY,GAMEPLAY_POLICY,US_ACM_TORPEDO_DECOY,SOCKET_COUNTERMEASURE_02,4,
RU_SSBN_DeltaI,Russia,SSBN,Delta I,5,DECOY,DEC-MOBILE,Mobile Decoy,DEC-MOBILE-RU,MG-74 Korund-2,Mobile Decoy,GAMEPLAY,GAMEPLAY,GAMEPLAY_POLICY,US_ACM_MOBILE_DECOY,SOCKET_COUNTERMEASURE_02,5,
RU_SSBN_DeltaI,Russia,SSBN,Delta I,5,DECOY,DEC-ADVANCED,Advanced Decoy,DEC-ADVANCED-RU,,Advanced Decoy,UNKNOWN,UNKNOWN,UNKNOWN_INSUFFICIENT_PUBLIC_DATA,US_ACM_MOBILE_DECOY,SOCKET_COUNTERMEASURE_02,7,
RU_SSBN_DeltaI,Russia,SSBN,Delta I,5,NOISE_MAKER,NM-EARLY,Early Noise Maker,NM-EARLY-RU,,Early Noise Maker,GAMEPLAY,GAMEPLAY,GAMEPLAY_POLICY,GEN_ACM_NOISE_MAKER,SOCKET_COUNTERMEASURE_02,1,
RU_SSBN_DeltaI,Russia,SSBN,Delta I,5,NOISE_MAKER,NM-IMPROVED,Improved Noise Maker,NM-IMPROVED-RU,,Improved Noise Maker,GAMEPLAY,GAMEPLAY,GAMEPLAY_POLICY,GEN_ACM_NOISE_MAKER,SOCKET_COUNTERMEASURE_02,3,
RU_SSBN_DeltaI,Russia,SSBN,Delta I,5,NOISE_MAKER,NM-MODERN,Modern Noise Maker,NM-MODERN-RU,,Modern Noise Maker,GAMEPLAY,GAMEPLAY,GAMEPLAY_POLICY,GEN_ACM_NOISE_MAKER,SOCKET_COUNTERMEASURE_02,6,
RU_SSBN_DeltaI,Russia,SSBN,Delta I,5,NOISE_MAKER,NM-ADVANCED,Advanced Acoustic Countermeasure,NM-ADVANCED-RU,,Advanced Acoustic Countermeasure,UNKNOWN,UNKNOWN,UNKNOWN_INSUFFICIENT_PUBLIC_DATA,GEN_ACM_NOISE_MAKER,SOCKET_COUNTERMEASURE_02,8,
RU_SSBN_DeltaI,Russia,SSBN,Delta I,5,TORPEDO_DEFENSE,TD-WARNING,Torpedo Warning,TD-WARNING-RU,,Torpedo Warning,GAMEPLAY,GAMEPLAY,GAMEPLAY_POLICY,GEN_TW_TORPEDO_WARNING_SENSOR,SOCKET_DECOY_LAUNCHER_02,4,
RU_SSBN_DeltaI,Russia,SSBN,Delta I,5,TORPEDO_DEFENSE,TD-COUNTERMEASURE,Countermeasure,TD-COUNTERMEASURE-RU,,Countermeasure,GAMEPLAY,GAMEPLAY,GAMEPLAY_POLICY,US_ACM_TORPEDO_DECOY,SOCKET_DECOY_LAUNCHER_02,5,
RU_SSBN_DeltaI,Russia,SSBN,Delta I,5,TORPEDO_DEFENSE,TD-ADVANCED,Advanced Countermeasure,TD-ADVANCED-RU,,Advanced Countermeasure,UNKNOWN,UNKNOWN,UNKNOWN_INSUFFICIENT_PUBLIC_DATA,US_ACM_MOBILE_DECOY,SOCKET_DECOY_LAUNCHER_02,7,
RU_SSBN_DeltaI,Russia,SSBN,Delta I,5,TORPEDO_DEFENSE,TD-INTEGRATED,Integrated Torpedo Defense,TD-INTEGRATED-RU,,Integrated Torpedo Defense,INCOMPATIBLE,INCOMPATIBLE,ERA_WINDOW_POLICY,US_ACM_MOBILE_DECOY,SOCKET_DECOY_LAUNCHER_02,9,
RU_SSBN_DeltaI,Russia,SSBN,Delta I,5,LAUNCHER,CML-EXTERNAL,External Launcher,CML-EXTERNAL-RU,REPS-324 Shlagbaum,External Launcher,GAMEPLAY,GAMEPLAY,GAMEPLAY_POLICY,US_CML_DECOY_LAUNCHER,SOCKET_DECOY_LAUNCHER_01,2,
RU_SSBN_DeltaI,Russia,SSBN,Delta I,5,LAUNCHER,CML-TUBE,Countermeasure Tube,CML-TUBE-RU,,Countermeasure Tube,GAMEPLAY,GAMEPLAY,GAMEPLAY_POLICY,GEN_CML_TUBE,SOCKET_DECOY_LAUNCHER_01,3,
RU_SSBN_DeltaI,Russia,SSBN,Delta I,5,LAUNCHER,CML-ACOUSTIC-DEVICE,Acoustic Device Launcher,CML-ACOUSTIC-DEVICE-RU,,Acoustic Device Launcher,GAMEPLAY,GAMEPLAY,GAMEPLAY_POLICY,US_CML_DECOY_LAUNCHER,SOCKET_DECOY_LAUNCHER_01,4,
RU_SSBN_DeltaI,Russia,SSBN,Delta I,5,LAUNCHER,CML-ADVANCED,Advanced Launcher,CML-ADVANCED-RU,,Advanced Launcher,UNKNOWN,UNKNOWN,UNKNOWN_INSUFFICIENT_PUBLIC_DATA,US_CML_DECOY_LAUNCHER,SOCKET_DECOY_LAUNCHER_01,7,
RU_SSBN_DeltaI,Russia,SSBN,Delta I,5,LAUNCHER,CML-INTEGRATED,Integrated Launcher,CML-INTEGRATED-RU,,Integrated Launcher,UNKNOWN,UNKNOWN,UNKNOWN_INSUFFICIENT_PUBLIC_DATA,US_CML_DECOY_LAUNCHER,SOCKET_DECOY_LAUNCHER_01,8,
RU_SSBN_DeltaI,Russia,SSBN,Delta I,5,DEFENSIVE_CONTROL,DC-CONSOLE,Defensive Control Console,DC-CONSOLE-RU,,Defensive Control Console,GAMEPLAY,GAMEPLAY,GAMEPLAY_POLICY,US_DCM_CONSOLE,,2,
RU_SSBN_DeltaI,Russia,SSBN,Delta I,5,DEFENSIVE_CONTROL,DC-INTEGRATED-CONTROL,Integrated Defensive Control,DC-INTEGRATED-CONTROL-RU,,Integrated Defensive Control,GAMEPLAY,GAMEPLAY,GAMEPLAY_POLICY,US_DCM_CONSOLE,,6,
RU_SSBN_DeltaI,Russia,SSBN,Delta I,5,DEFENSIVE_CONTROL,DC-AUTOMATED,Automated Defensive Control,DC-AUTOMATED-RU,,Automated Defensive Control,UNKNOWN,UNKNOWN,UNKNOWN_INSUFFICIENT_PUBLIC_DATA,US_DCM_CONSOLE,,8,
RU_SSBN_DeltaI,Russia,SSBN,Delta I,5,INTEGRATED_DEFENSE,IDS-CORE,Integrated Defensive System,IDS-CORE-RU,,Integrated Defensive System,GAMEPLAY,GAMEPLAY,GAMEPLAY_POLICY,US_DCM_CONSOLE,,6,
RU_SSBN_DeltaI,Russia,SSBN,Delta I,5,INTEGRATED_DEFENSE,IDS-ADVANCED,Next Generation Defensive System,IDS-ADVANCED-RU,,Next Generation Defensive System,INCOMPATIBLE,INCOMPATIBLE,ERA_WINDOW_POLICY,US_DCM_CONSOLE,,9,
RU_SSBN_DeltaII,Russia,SSBN,Delta II,5,ESM,ESM-BASIC-DETECTION,Basic Signal Detection,ESM-BASIC-DETECTION-RU,,Basic Signal Detection,GAMEPLAY,GAMEPLAY,GAMEPLAY_POLICY,RU_EW_AKULA,SOCKET_EW_MAST,1,
RU_SSBN_DeltaII,Russia,SSBN,Delta II,5,ESM,ESM-IMPROVED-DETECTION,Improved Detection,ESM-IMPROVED-DETECTION-RU,,Improved Detection,GAMEPLAY,GAMEPLAY,GAMEPLAY_POLICY,RU_EW_AKULA,SOCKET_EW_MAST,2,
RU_SSBN_DeltaII,Russia,SSBN,Delta II,5,ESM,ESM-CLASSIFICATION,Signal Classification,ESM-CLASSIFICATION-RU,,Signal Classification,GAMEPLAY,GAMEPLAY,GAMEPLAY_POLICY,RU_EW_AKULA,SOCKET_EW_MAST,3,
RU_SSBN_DeltaII,Russia,SSBN,Delta II,5,ESM,ESM-DIGITAL,Digital ESM,ESM-DIGITAL-RU,,Digital ESM,GAMEPLAY,GAMEPLAY,GAMEPLAY_POLICY,RU_EW_AKULA,SOCKET_EW_MAST,4,
RU_SSBN_DeltaII,Russia,SSBN,Delta II,5,ESM,ESM-MULTIBAND,Multi-Band ESM,ESM-MULTIBAND-RU,,Multi-Band ESM,GAMEPLAY,GAMEPLAY,GAMEPLAY_POLICY,RU_EW_AKULA,SOCKET_EW_MAST,5,
RU_SSBN_DeltaII,Russia,SSBN,Delta II,5,ESM,ESM-INTEGRATED,Integrated ESM,ESM-INTEGRATED-RU,,Integrated ESM,GAMEPLAY,GAMEPLAY,GAMEPLAY_POLICY,RU_EW_AKULA,SOCKET_EW_MAST,6,
RU_SSBN_DeltaII,Russia,SSBN,Delta II,5,ESM,ESM-ADVANCED-THREAT-WARNING,Advanced Threat Warning,ESM-ADVANCED-THREAT-WARNING-RU,,Advanced Threat Warning,UNKNOWN,UNKNOWN,UNKNOWN_INSUFFICIENT_PUBLIC_DATA,RU_EW_AKULA,SOCKET_EW_MAST,7,
RU_SSBN_DeltaII,Russia,SSBN,Delta II,5,ESM,ESM-MULTISENSOR-FUSION,Multi-Sensor Fusion,ESM-MULTISENSOR-FUSION-RU,,Multi-Sensor Fusion,UNKNOWN,UNKNOWN,UNKNOWN_INSUFFICIENT_PUBLIC_DATA,RU_EW_AKULA,SOCKET_EW_MAST,8,
RU_SSBN_DeltaII,Russia,SSBN,Delta II,5,ESM,ESM-ADVANCED-EW,Advanced Integrated EW,ESM-ADVANCED-EW-RU,,Advanced Integrated EW,INCOMPATIBLE,INCOMPATIBLE,ERA_WINDOW_POLICY,RU_EW_AKULA,SOCKET_EW_MAST,9,
RU_SSBN_DeltaII,Russia,SSBN,Delta II,5,ESM,ESM-NEXTGEN,Next Generation Defensive Electronic System,ESM-NEXTGEN-RU,,Next Generation Defensive Electronic System,INCOMPATIBLE,INCOMPATIBLE,ERA_WINDOW_POLICY,RU_EW_AKULA,SOCKET_EW_MAST,10,
RU_SSBN_DeltaII,Russia,SSBN,Delta II,5,THREAT_WARNING,TW-RADAR-WARNING,Radar Warning,TW-RADAR-WARNING-RU,,Radar Warning,GAMEPLAY,GAMEPLAY,GAMEPLAY_POLICY,,SOCKET_EW_ANTENNA,1,
RU_SSBN_DeltaII,Russia,SSBN,Delta II,5,THREAT_WARNING,TW-ELECTRONIC-WARNING,Electronic Threat Warning,TW-ELECTRONIC-WARNING-RU,,Electronic Threat Warning,GAMEPLAY,GAMEPLAY,GAMEPLAY_POLICY,,SOCKET_EW_ANTENNA,3,
RU_SSBN_DeltaII,Russia,SSBN,Delta II,5,THREAT_WARNING,TW-ACTIVE-SONAR-WARNING,Active Sonar Warning,TW-ACTIVE-SONAR-WARNING-RU,,Active Sonar Warning,GAMEPLAY,GAMEPLAY,GAMEPLAY_POLICY,,SOCKET_EW_ANTENNA,4,
RU_SSBN_DeltaII,Russia,SSBN,Delta II,5,THREAT_WARNING,TW-TORPEDO-WARNING,Torpedo Warning,TW-TORPEDO-WARNING-RU,,Torpedo Warning,GAMEPLAY,GAMEPLAY,GAMEPLAY_POLICY,GEN_TW_TORPEDO_WARNING_SENSOR,SOCKET_EW_ANTENNA,5,
RU_SSBN_DeltaII,Russia,SSBN,Delta II,5,THREAT_WARNING,TW-ACOUSTIC-CLASSIFICATION,Acoustic Threat Classification,TW-ACOUSTIC-CLASSIFICATION-RU,,Acoustic Threat Classification,GAMEPLAY,GAMEPLAY,GAMEPLAY_POLICY,,SOCKET_EW_ANTENNA,6,
RU_SSBN_DeltaII,Russia,SSBN,Delta II,5,ACOUSTIC_COUNTERMEASURE,ACM-NOISE-MAKER,Noise Maker,ACM-NOISE-MAKER-RU,,Noise Maker,GAMEPLAY,GAMEPLAY,GAMEPLAY_POLICY,GEN_ACM_NOISE_MAKER,SOCKET_COUNTERMEASURE_01,1,
RU_SSBN_DeltaII,Russia,SSBN,Delta II,5,ACOUSTIC_COUNTERMEASURE,ACM-ACOUSTIC-DECOY,Acoustic Decoy,ACM-ACOUSTIC-DECOY-RU,,Acoustic Decoy,GAMEPLAY,GAMEPLAY,GAMEPLAY_POLICY,US_ACM_TORPEDO_DECOY,SOCKET_COUNTERMEASURE_01,2,
RU_SSBN_DeltaII,Russia,SSBN,Delta II,5,ACOUSTIC_COUNTERMEASURE,ACM-TORPEDO-DECOY,Torpedo Decoy,ACM-TORPEDO-DECOY-RU,MG-74 Korund-2 / MG-104 Brosok / MG-114 Berill,Torpedo Decoy,GAMEPLAY,GAMEPLAY,GAMEPLAY_POLICY,US_ACM_TORPEDO_DECOY,SOCKET_COUNTERMEASURE_01,4,
RU_SSBN_DeltaII,Russia,SSBN,Delta II,5,ACOUSTIC_COUNTERMEASURE,ACM-MOBILE-DECOY,Mobile Acoustic Decoy,ACM-MOBILE-DECOY-RU,MG-74 Korund-2,Mobile Acoustic Decoy,GAMEPLAY,GAMEPLAY,GAMEPLAY_POLICY,US_ACM_MOBILE_DECOY,SOCKET_COUNTERMEASURE_01,5,
RU_SSBN_DeltaII,Russia,SSBN,Delta II,5,ACOUSTIC_COUNTERMEASURE,ACM-ADVANCED,Advanced Acoustic Countermeasure,ACM-ADVANCED-RU,,Advanced Acoustic Countermeasure,UNKNOWN,UNKNOWN,UNKNOWN_INSUFFICIENT_PUBLIC_DATA,US_ACM_MOBILE_DECOY,SOCKET_COUNTERMEASURE_01,7,
RU_SSBN_DeltaII,Russia,SSBN,Delta II,5,ACOUSTIC_COUNTERMEASURE,ACM-INTEGRATED,Integrated Acoustic Defense,ACM-INTEGRATED-RU,,Integrated Acoustic Defense,UNKNOWN,UNKNOWN,UNKNOWN_INSUFFICIENT_PUBLIC_DATA,US_ACM_MOBILE_DECOY,SOCKET_COUNTERMEASURE_01,8,
RU_SSBN_DeltaII,Russia,SSBN,Delta II,5,DECOY,DEC-PASSIVE,Passive Decoy,DEC-PASSIVE-RU,,Passive Decoy,GAMEPLAY,GAMEPLAY,GAMEPLAY_POLICY,,SOCKET_COUNTERMEASURE_02,1,
RU_SSBN_DeltaII,Russia,SSBN,Delta II,5,DECOY,DEC-ACTIVE,Active Decoy,DEC-ACTIVE-RU,,Active Decoy,GAMEPLAY,GAMEPLAY,GAMEPLAY_POLICY,US_ACM_TORPEDO_DECOY,SOCKET_COUNTERMEASURE_02,3,
RU_SSBN_DeltaII,Russia,SSBN,Delta II,5,DECOY,DEC-ACOUSTIC,Acoustic Decoy,DEC-ACOUSTIC-RU,,Acoustic Decoy,GAMEPLAY,GAMEPLAY,GAMEPLAY_POLICY,US_ACM_TORPEDO_DECOY,SOCKET_COUNTERMEASURE_02,2,
RU_SSBN_DeltaII,Russia,SSBN,Delta II,5,DECOY,DEC-TORPEDO,Torpedo Decoy,DEC-TORPEDO-RU,MG-104 Brosok / MG-114 Berill,Torpedo Decoy,GAMEPLAY,GAMEPLAY,GAMEPLAY_POLICY,US_ACM_TORPEDO_DECOY,SOCKET_COUNTERMEASURE_02,4,
RU_SSBN_DeltaII,Russia,SSBN,Delta II,5,DECOY,DEC-MOBILE,Mobile Decoy,DEC-MOBILE-RU,MG-74 Korund-2,Mobile Decoy,GAMEPLAY,GAMEPLAY,GAMEPLAY_POLICY,US_ACM_MOBILE_DECOY,SOCKET_COUNTERMEASURE_02,5,
RU_SSBN_DeltaII,Russia,SSBN,Delta II,5,DECOY,DEC-ADVANCED,Advanced Decoy,DEC-ADVANCED-RU,,Advanced Decoy,UNKNOWN,UNKNOWN,UNKNOWN_INSUFFICIENT_PUBLIC_DATA,US_ACM_MOBILE_DECOY,SOCKET_COUNTERMEASURE_02,7,
RU_SSBN_DeltaII,Russia,SSBN,Delta II,5,NOISE_MAKER,NM-EARLY,Early Noise Maker,NM-EARLY-RU,,Early Noise Maker,GAMEPLAY,GAMEPLAY,GAMEPLAY_POLICY,GEN_ACM_NOISE_MAKER,SOCKET_COUNTERMEASURE_02,1,
RU_SSBN_DeltaII,Russia,SSBN,Delta II,5,NOISE_MAKER,NM-IMPROVED,Improved Noise Maker,NM-IMPROVED-RU,,Improved Noise Maker,GAMEPLAY,GAMEPLAY,GAMEPLAY_POLICY,GEN_ACM_NOISE_MAKER,SOCKET_COUNTERMEASURE_02,3,
RU_SSBN_DeltaII,Russia,SSBN,Delta II,5,NOISE_MAKER,NM-MODERN,Modern Noise Maker,NM-MODERN-RU,,Modern Noise Maker,GAMEPLAY,GAMEPLAY,GAMEPLAY_POLICY,GEN_ACM_NOISE_MAKER,SOCKET_COUNTERMEASURE_02,6,
RU_SSBN_DeltaII,Russia,SSBN,Delta II,5,NOISE_MAKER,NM-ADVANCED,Advanced Acoustic Countermeasure,NM-ADVANCED-RU,,Advanced Acoustic Countermeasure,UNKNOWN,UNKNOWN,UNKNOWN_INSUFFICIENT_PUBLIC_DATA,GEN_ACM_NOISE_MAKER,SOCKET_COUNTERMEASURE_02,8,
RU_SSBN_DeltaII,Russia,SSBN,Delta II,5,TORPEDO_DEFENSE,TD-WARNING,Torpedo Warning,TD-WARNING-RU,,Torpedo Warning,GAMEPLAY,GAMEPLAY,GAMEPLAY_POLICY,GEN_TW_TORPEDO_WARNING_SENSOR,SOCKET_DECOY_LAUNCHER_02,4,
RU_SSBN_DeltaII,Russia,SSBN,Delta II,5,TORPEDO_DEFENSE,TD-COUNTERMEASURE,Countermeasure,TD-COUNTERMEASURE-RU,,Countermeasure,GAMEPLAY,GAMEPLAY,GAMEPLAY_POLICY,US_ACM_TORPEDO_DECOY,SOCKET_DECOY_LAUNCHER_02,5,
RU_SSBN_DeltaII,Russia,SSBN,Delta II,5,TORPEDO_DEFENSE,TD-ADVANCED,Advanced Countermeasure,TD-ADVANCED-RU,,Advanced Countermeasure,UNKNOWN,UNKNOWN,UNKNOWN_INSUFFICIENT_PUBLIC_DATA,US_ACM_MOBILE_DECOY,SOCKET_DECOY_LAUNCHER_02,7,
RU_SSBN_DeltaII,Russia,SSBN,Delta II,5,TORPEDO_DEFENSE,TD-INTEGRATED,Integrated Torpedo Defense,TD-INTEGRATED-RU,,Integrated Torpedo Defense,INCOMPATIBLE,INCOMPATIBLE,ERA_WINDOW_POLICY,US_ACM_MOBILE_DECOY,SOCKET_DECOY_LAUNCHER_02,9,
RU_SSBN_DeltaII,Russia,SSBN,Delta II,5,LAUNCHER,CML-EXTERNAL,External Launcher,CML-EXTERNAL-RU,REPS-324 Shlagbaum,External Launcher,GAMEPLAY,GAMEPLAY,GAMEPLAY_POLICY,US_CML_DECOY_LAUNCHER,SOCKET_DECOY_LAUNCHER_01,2,
RU_SSBN_DeltaII,Russia,SSBN,Delta II,5,LAUNCHER,CML-TUBE,Countermeasure Tube,CML-TUBE-RU,,Countermeasure Tube,GAMEPLAY,GAMEPLAY,GAMEPLAY_POLICY,GEN_CML_TUBE,SOCKET_DECOY_LAUNCHER_01,3,
RU_SSBN_DeltaII,Russia,SSBN,Delta II,5,LAUNCHER,CML-ACOUSTIC-DEVICE,Acoustic Device Launcher,CML-ACOUSTIC-DEVICE-RU,,Acoustic Device Launcher,GAMEPLAY,GAMEPLAY,GAMEPLAY_POLICY,US_CML_DECOY_LAUNCHER,SOCKET_DECOY_LAUNCHER_01,4,
RU_SSBN_DeltaII,Russia,SSBN,Delta II,5,LAUNCHER,CML-ADVANCED,Advanced Launcher,CML-ADVANCED-RU,,Advanced Launcher,UNKNOWN,UNKNOWN,UNKNOWN_INSUFFICIENT_PUBLIC_DATA,US_CML_DECOY_LAUNCHER,SOCKET_DECOY_LAUNCHER_01,7,
RU_SSBN_DeltaII,Russia,SSBN,Delta II,5,LAUNCHER,CML-INTEGRATED,Integrated Launcher,CML-INTEGRATED-RU,,Integrated Launcher,UNKNOWN,UNKNOWN,UNKNOWN_INSUFFICIENT_PUBLIC_DATA,US_CML_DECOY_LAUNCHER,SOCKET_DECOY_LAUNCHER_01,8,
RU_SSBN_DeltaII,Russia,SSBN,Delta II,5,DEFENSIVE_CONTROL,DC-CONSOLE,Defensive Control Console,DC-CONSOLE-RU,,Defensive Control Console,GAMEPLAY,GAMEPLAY,GAMEPLAY_POLICY,US_DCM_CONSOLE,,2,
RU_SSBN_DeltaII,Russia,SSBN,Delta II,5,DEFENSIVE_CONTROL,DC-INTEGRATED-CONTROL,Integrated Defensive Control,DC-INTEGRATED-CONTROL-RU,,Integrated Defensive Control,GAMEPLAY,GAMEPLAY,GAMEPLAY_POLICY,US_DCM_CONSOLE,,6,
RU_SSBN_DeltaII,Russia,SSBN,Delta II,5,DEFENSIVE_CONTROL,DC-AUTOMATED,Automated Defensive Control,DC-AUTOMATED-RU,,Automated Defensive Control,UNKNOWN,UNKNOWN,UNKNOWN_INSUFFICIENT_PUBLIC_DATA,US_DCM_CONSOLE,,8,
RU_SSBN_DeltaII,Russia,SSBN,Delta II,5,INTEGRATED_DEFENSE,IDS-CORE,Integrated Defensive System,IDS-CORE-RU,,Integrated Defensive System,GAMEPLAY,GAMEPLAY,GAMEPLAY_POLICY,US_DCM_CONSOLE,,6,
RU_SSBN_DeltaII,Russia,SSBN,Delta II,5,INTEGRATED_DEFENSE,IDS-ADVANCED,Next Generation Defensive System,IDS-ADVANCED-RU,,Next Generation Defensive System,INCOMPATIBLE,INCOMPATIBLE,ERA_WINDOW_POLICY,US_DCM_CONSOLE,,9,
RU_SSBN_DeltaIII,Russia,SSBN,Delta III,6,ESM,ESM-BASIC-DETECTION,Basic Signal Detection,ESM-BASIC-DETECTION-RU,,Basic Signal Detection,GAMEPLAY,GAMEPLAY,GAMEPLAY_POLICY,RU_EW_AKULA,SOCKET_EW_MAST,1,
RU_SSBN_DeltaIII,Russia,SSBN,Delta III,6,ESM,ESM-IMPROVED-DETECTION,Improved Detection,ESM-IMPROVED-DETECTION-RU,,Improved Detection,GAMEPLAY,GAMEPLAY,GAMEPLAY_POLICY,RU_EW_AKULA,SOCKET_EW_MAST,2,
RU_SSBN_DeltaIII,Russia,SSBN,Delta III,6,ESM,ESM-CLASSIFICATION,Signal Classification,ESM-CLASSIFICATION-RU,,Signal Classification,GAMEPLAY,GAMEPLAY,GAMEPLAY_POLICY,RU_EW_AKULA,SOCKET_EW_MAST,3,
RU_SSBN_DeltaIII,Russia,SSBN,Delta III,6,ESM,ESM-DIGITAL,Digital ESM,ESM-DIGITAL-RU,,Digital ESM,GAMEPLAY,GAMEPLAY,GAMEPLAY_POLICY,RU_EW_AKULA,SOCKET_EW_MAST,4,
RU_SSBN_DeltaIII,Russia,SSBN,Delta III,6,ESM,ESM-MULTIBAND,Multi-Band ESM,ESM-MULTIBAND-RU,,Multi-Band ESM,GAMEPLAY,GAMEPLAY,GAMEPLAY_POLICY,RU_EW_AKULA,SOCKET_EW_MAST,5,
RU_SSBN_DeltaIII,Russia,SSBN,Delta III,6,ESM,ESM-INTEGRATED,Integrated ESM,ESM-INTEGRATED-RU,,Integrated ESM,GAMEPLAY,GAMEPLAY,GAMEPLAY_POLICY,RU_EW_AKULA,SOCKET_EW_MAST,6,
RU_SSBN_DeltaIII,Russia,SSBN,Delta III,6,ESM,ESM-ADVANCED-THREAT-WARNING,Advanced Threat Warning,ESM-ADVANCED-THREAT-WARNING-RU,,Advanced Threat Warning,GAMEPLAY,GAMEPLAY,GAMEPLAY_POLICY,RU_EW_AKULA,SOCKET_EW_MAST,7,
RU_SSBN_DeltaIII,Russia,SSBN,Delta III,6,ESM,ESM-MULTISENSOR-FUSION,Multi-Sensor Fusion,ESM-MULTISENSOR-FUSION-RU,,Multi-Sensor Fusion,UNKNOWN,UNKNOWN,UNKNOWN_INSUFFICIENT_PUBLIC_DATA,RU_EW_AKULA,SOCKET_EW_MAST,8,
RU_SSBN_DeltaIII,Russia,SSBN,Delta III,6,ESM,ESM-ADVANCED-EW,Advanced Integrated EW,ESM-ADVANCED-EW-RU,,Advanced Integrated EW,UNKNOWN,UNKNOWN,UNKNOWN_INSUFFICIENT_PUBLIC_DATA,RU_EW_AKULA,SOCKET_EW_MAST,9,
RU_SSBN_DeltaIII,Russia,SSBN,Delta III,6,ESM,ESM-NEXTGEN,Next Generation Defensive Electronic System,ESM-NEXTGEN-RU,,Next Generation Defensive Electronic System,INCOMPATIBLE,INCOMPATIBLE,ERA_WINDOW_POLICY,RU_EW_AKULA,SOCKET_EW_MAST,10,
RU_SSBN_DeltaIII,Russia,SSBN,Delta III,6,THREAT_WARNING,TW-RADAR-WARNING,Radar Warning,TW-RADAR-WARNING-RU,,Radar Warning,GAMEPLAY,GAMEPLAY,GAMEPLAY_POLICY,,SOCKET_EW_ANTENNA,1,
RU_SSBN_DeltaIII,Russia,SSBN,Delta III,6,THREAT_WARNING,TW-ELECTRONIC-WARNING,Electronic Threat Warning,TW-ELECTRONIC-WARNING-RU,,Electronic Threat Warning,GAMEPLAY,GAMEPLAY,GAMEPLAY_POLICY,,SOCKET_EW_ANTENNA,3,
RU_SSBN_DeltaIII,Russia,SSBN,Delta III,6,THREAT_WARNING,TW-ACTIVE-SONAR-WARNING,Active Sonar Warning,TW-ACTIVE-SONAR-WARNING-RU,,Active Sonar Warning,GAMEPLAY,GAMEPLAY,GAMEPLAY_POLICY,,SOCKET_EW_ANTENNA,4,
RU_SSBN_DeltaIII,Russia,SSBN,Delta III,6,THREAT_WARNING,TW-TORPEDO-WARNING,Torpedo Warning,TW-TORPEDO-WARNING-RU,,Torpedo Warning,GAMEPLAY,GAMEPLAY,GAMEPLAY_POLICY,GEN_TW_TORPEDO_WARNING_SENSOR,SOCKET_EW_ANTENNA,5,
RU_SSBN_DeltaIII,Russia,SSBN,Delta III,6,THREAT_WARNING,TW-ACOUSTIC-CLASSIFICATION,Acoustic Threat Classification,TW-ACOUSTIC-CLASSIFICATION-RU,,Acoustic Threat Classification,GAMEPLAY,GAMEPLAY,GAMEPLAY_POLICY,,SOCKET_EW_ANTENNA,6,
RU_SSBN_DeltaIII,Russia,SSBN,Delta III,6,ACOUSTIC_COUNTERMEASURE,ACM-NOISE-MAKER,Noise Maker,ACM-NOISE-MAKER-RU,,Noise Maker,GAMEPLAY,GAMEPLAY,GAMEPLAY_POLICY,GEN_ACM_NOISE_MAKER,SOCKET_COUNTERMEASURE_01,1,
RU_SSBN_DeltaIII,Russia,SSBN,Delta III,6,ACOUSTIC_COUNTERMEASURE,ACM-ACOUSTIC-DECOY,Acoustic Decoy,ACM-ACOUSTIC-DECOY-RU,,Acoustic Decoy,GAMEPLAY,GAMEPLAY,GAMEPLAY_POLICY,US_ACM_TORPEDO_DECOY,SOCKET_COUNTERMEASURE_01,2,
RU_SSBN_DeltaIII,Russia,SSBN,Delta III,6,ACOUSTIC_COUNTERMEASURE,ACM-TORPEDO-DECOY,Torpedo Decoy,ACM-TORPEDO-DECOY-RU,MG-74 Korund-2 / MG-104 Brosok / MG-114 Berill,Torpedo Decoy,GAMEPLAY,GAMEPLAY,GAMEPLAY_POLICY,US_ACM_TORPEDO_DECOY,SOCKET_COUNTERMEASURE_01,4,
RU_SSBN_DeltaIII,Russia,SSBN,Delta III,6,ACOUSTIC_COUNTERMEASURE,ACM-MOBILE-DECOY,Mobile Acoustic Decoy,ACM-MOBILE-DECOY-RU,MG-74 Korund-2,Mobile Acoustic Decoy,GAMEPLAY,GAMEPLAY,GAMEPLAY_POLICY,US_ACM_MOBILE_DECOY,SOCKET_COUNTERMEASURE_01,5,
RU_SSBN_DeltaIII,Russia,SSBN,Delta III,6,ACOUSTIC_COUNTERMEASURE,ACM-ADVANCED,Advanced Acoustic Countermeasure,ACM-ADVANCED-RU,,Advanced Acoustic Countermeasure,GAMEPLAY,GAMEPLAY,GAMEPLAY_POLICY,US_ACM_MOBILE_DECOY,SOCKET_COUNTERMEASURE_01,7,
RU_SSBN_DeltaIII,Russia,SSBN,Delta III,6,ACOUSTIC_COUNTERMEASURE,ACM-INTEGRATED,Integrated Acoustic Defense,ACM-INTEGRATED-RU,,Integrated Acoustic Defense,UNKNOWN,UNKNOWN,UNKNOWN_INSUFFICIENT_PUBLIC_DATA,US_ACM_MOBILE_DECOY,SOCKET_COUNTERMEASURE_01,8,
RU_SSBN_DeltaIII,Russia,SSBN,Delta III,6,DECOY,DEC-PASSIVE,Passive Decoy,DEC-PASSIVE-RU,,Passive Decoy,GAMEPLAY,GAMEPLAY,GAMEPLAY_POLICY,,SOCKET_COUNTERMEASURE_02,1,
RU_SSBN_DeltaIII,Russia,SSBN,Delta III,6,DECOY,DEC-ACTIVE,Active Decoy,DEC-ACTIVE-RU,,Active Decoy,GAMEPLAY,GAMEPLAY,GAMEPLAY_POLICY,US_ACM_TORPEDO_DECOY,SOCKET_COUNTERMEASURE_02,3,
RU_SSBN_DeltaIII,Russia,SSBN,Delta III,6,DECOY,DEC-ACOUSTIC,Acoustic Decoy,DEC-ACOUSTIC-RU,,Acoustic Decoy,GAMEPLAY,GAMEPLAY,GAMEPLAY_POLICY,US_ACM_TORPEDO_DECOY,SOCKET_COUNTERMEASURE_02,2,
RU_SSBN_DeltaIII,Russia,SSBN,Delta III,6,DECOY,DEC-TORPEDO,Torpedo Decoy,DEC-TORPEDO-RU,MG-104 Brosok / MG-114 Berill,Torpedo Decoy,GAMEPLAY,GAMEPLAY,GAMEPLAY_POLICY,US_ACM_TORPEDO_DECOY,SOCKET_COUNTERMEASURE_02,4,
RU_SSBN_DeltaIII,Russia,SSBN,Delta III,6,DECOY,DEC-MOBILE,Mobile Decoy,DEC-MOBILE-RU,MG-74 Korund-2,Mobile Decoy,GAMEPLAY,GAMEPLAY,GAMEPLAY_POLICY,US_ACM_MOBILE_DECOY,SOCKET_COUNTERMEASURE_02,5,
RU_SSBN_DeltaIII,Russia,SSBN,Delta III,6,DECOY,DEC-ADVANCED,Advanced Decoy,DEC-ADVANCED-RU,,Advanced Decoy,GAMEPLAY,GAMEPLAY,GAMEPLAY_POLICY,US_ACM_MOBILE_DECOY,SOCKET_COUNTERMEASURE_02,7,
RU_SSBN_DeltaIII,Russia,SSBN,Delta III,6,NOISE_MAKER,NM-EARLY,Early Noise Maker,NM-EARLY-RU,,Early Noise Maker,GAMEPLAY,GAMEPLAY,GAMEPLAY_POLICY,GEN_ACM_NOISE_MAKER,SOCKET_COUNTERMEASURE_02,1,
RU_SSBN_DeltaIII,Russia,SSBN,Delta III,6,NOISE_MAKER,NM-IMPROVED,Improved Noise Maker,NM-IMPROVED-RU,,Improved Noise Maker,GAMEPLAY,GAMEPLAY,GAMEPLAY_POLICY,GEN_ACM_NOISE_MAKER,SOCKET_COUNTERMEASURE_02,3,
RU_SSBN_DeltaIII,Russia,SSBN,Delta III,6,NOISE_MAKER,NM-MODERN,Modern Noise Maker,NM-MODERN-RU,,Modern Noise Maker,GAMEPLAY,GAMEPLAY,GAMEPLAY_POLICY,GEN_ACM_NOISE_MAKER,SOCKET_COUNTERMEASURE_02,6,
RU_SSBN_DeltaIII,Russia,SSBN,Delta III,6,NOISE_MAKER,NM-ADVANCED,Advanced Acoustic Countermeasure,NM-ADVANCED-RU,,Advanced Acoustic Countermeasure,UNKNOWN,UNKNOWN,UNKNOWN_INSUFFICIENT_PUBLIC_DATA,GEN_ACM_NOISE_MAKER,SOCKET_COUNTERMEASURE_02,8,
RU_SSBN_DeltaIII,Russia,SSBN,Delta III,6,TORPEDO_DEFENSE,TD-WARNING,Torpedo Warning,TD-WARNING-RU,,Torpedo Warning,GAMEPLAY,GAMEPLAY,GAMEPLAY_POLICY,GEN_TW_TORPEDO_WARNING_SENSOR,SOCKET_DECOY_LAUNCHER_02,4,
RU_SSBN_DeltaIII,Russia,SSBN,Delta III,6,TORPEDO_DEFENSE,TD-COUNTERMEASURE,Countermeasure,TD-COUNTERMEASURE-RU,,Countermeasure,GAMEPLAY,GAMEPLAY,GAMEPLAY_POLICY,US_ACM_TORPEDO_DECOY,SOCKET_DECOY_LAUNCHER_02,5,
RU_SSBN_DeltaIII,Russia,SSBN,Delta III,6,TORPEDO_DEFENSE,TD-ADVANCED,Advanced Countermeasure,TD-ADVANCED-RU,,Advanced Countermeasure,GAMEPLAY,GAMEPLAY,GAMEPLAY_POLICY,US_ACM_MOBILE_DECOY,SOCKET_DECOY_LAUNCHER_02,7,
RU_SSBN_DeltaIII,Russia,SSBN,Delta III,6,TORPEDO_DEFENSE,TD-INTEGRATED,Integrated Torpedo Defense,TD-INTEGRATED-RU,,Integrated Torpedo Defense,UNKNOWN,UNKNOWN,UNKNOWN_INSUFFICIENT_PUBLIC_DATA,US_ACM_MOBILE_DECOY,SOCKET_DECOY_LAUNCHER_02,9,
RU_SSBN_DeltaIII,Russia,SSBN,Delta III,6,LAUNCHER,CML-EXTERNAL,External Launcher,CML-EXTERNAL-RU,REPS-324 Shlagbaum,External Launcher,GAMEPLAY,GAMEPLAY,GAMEPLAY_POLICY,US_CML_DECOY_LAUNCHER,SOCKET_DECOY_LAUNCHER_01,2,
RU_SSBN_DeltaIII,Russia,SSBN,Delta III,6,LAUNCHER,CML-TUBE,Countermeasure Tube,CML-TUBE-RU,,Countermeasure Tube,GAMEPLAY,GAMEPLAY,GAMEPLAY_POLICY,GEN_CML_TUBE,SOCKET_DECOY_LAUNCHER_01,3,
RU_SSBN_DeltaIII,Russia,SSBN,Delta III,6,LAUNCHER,CML-ACOUSTIC-DEVICE,Acoustic Device Launcher,CML-ACOUSTIC-DEVICE-RU,,Acoustic Device Launcher,GAMEPLAY,GAMEPLAY,GAMEPLAY_POLICY,US_CML_DECOY_LAUNCHER,SOCKET_DECOY_LAUNCHER_01,4,
RU_SSBN_DeltaIII,Russia,SSBN,Delta III,6,LAUNCHER,CML-ADVANCED,Advanced Launcher,CML-ADVANCED-RU,,Advanced Launcher,GAMEPLAY,GAMEPLAY,GAMEPLAY_POLICY,US_CML_DECOY_LAUNCHER,SOCKET_DECOY_LAUNCHER_01,7,
RU_SSBN_DeltaIII,Russia,SSBN,Delta III,6,LAUNCHER,CML-INTEGRATED,Integrated Launcher,CML-INTEGRATED-RU,,Integrated Launcher,UNKNOWN,UNKNOWN,UNKNOWN_INSUFFICIENT_PUBLIC_DATA,US_CML_DECOY_LAUNCHER,SOCKET_DECOY_LAUNCHER_01,8,
RU_SSBN_DeltaIII,Russia,SSBN,Delta III,6,DEFENSIVE_CONTROL,DC-CONSOLE,Defensive Control Console,DC-CONSOLE-RU,,Defensive Control Console,GAMEPLAY,GAMEPLAY,GAMEPLAY_POLICY,US_DCM_CONSOLE,,2,
RU_SSBN_DeltaIII,Russia,SSBN,Delta III,6,DEFENSIVE_CONTROL,DC-INTEGRATED-CONTROL,Integrated Defensive Control,DC-INTEGRATED-CONTROL-RU,,Integrated Defensive Control,GAMEPLAY,GAMEPLAY,GAMEPLAY_POLICY,US_DCM_CONSOLE,,6,
RU_SSBN_DeltaIII,Russia,SSBN,Delta III,6,DEFENSIVE_CONTROL,DC-AUTOMATED,Automated Defensive Control,DC-AUTOMATED-RU,,Automated Defensive Control,UNKNOWN,UNKNOWN,UNKNOWN_INSUFFICIENT_PUBLIC_DATA,US_DCM_CONSOLE,,8,
RU_SSBN_DeltaIII,Russia,SSBN,Delta III,6,INTEGRATED_DEFENSE,IDS-CORE,Integrated Defensive System,IDS-CORE-RU,,Integrated Defensive System,GAMEPLAY,GAMEPLAY,GAMEPLAY_POLICY,US_DCM_CONSOLE,,6,
RU_SSBN_DeltaIII,Russia,SSBN,Delta III,6,INTEGRATED_DEFENSE,IDS-ADVANCED,Next Generation Defensive System,IDS-ADVANCED-RU,,Next Generation Defensive System,UNKNOWN,UNKNOWN,UNKNOWN_INSUFFICIENT_PUBLIC_DATA,US_DCM_CONSOLE,,9,
RU_SSBN_DeltaIV,Russia,SSBN,Delta IV,7,ESM,ESM-BASIC-DETECTION,Basic Signal Detection,ESM-BASIC-DETECTION-RU,,Basic Signal Detection,GAMEPLAY,GAMEPLAY,GAMEPLAY_POLICY,RU_EW_AKULA,SOCKET_EW_MAST,1,
RU_SSBN_DeltaIV,Russia,SSBN,Delta IV,7,ESM,ESM-IMPROVED-DETECTION,Improved Detection,ESM-IMPROVED-DETECTION-RU,,Improved Detection,GAMEPLAY,GAMEPLAY,GAMEPLAY_POLICY,RU_EW_AKULA,SOCKET_EW_MAST,2,
RU_SSBN_DeltaIV,Russia,SSBN,Delta IV,7,ESM,ESM-CLASSIFICATION,Signal Classification,ESM-CLASSIFICATION-RU,,Signal Classification,GAMEPLAY,GAMEPLAY,GAMEPLAY_POLICY,RU_EW_AKULA,SOCKET_EW_MAST,3,
RU_SSBN_DeltaIV,Russia,SSBN,Delta IV,7,ESM,ESM-DIGITAL,Digital ESM,ESM-DIGITAL-RU,,Digital ESM,GAMEPLAY,GAMEPLAY,GAMEPLAY_POLICY,RU_EW_AKULA,SOCKET_EW_MAST,4,
RU_SSBN_DeltaIV,Russia,SSBN,Delta IV,7,ESM,ESM-MULTIBAND,Multi-Band ESM,ESM-MULTIBAND-RU,,Multi-Band ESM,GAMEPLAY,GAMEPLAY,GAMEPLAY_POLICY,RU_EW_AKULA,SOCKET_EW_MAST,5,
RU_SSBN_DeltaIV,Russia,SSBN,Delta IV,7,ESM,ESM-INTEGRATED,Integrated ESM,ESM-INTEGRATED-RU,,Integrated ESM,GAMEPLAY,GAMEPLAY,GAMEPLAY_POLICY,RU_EW_AKULA,SOCKET_EW_MAST,6,
RU_SSBN_DeltaIV,Russia,SSBN,Delta IV,7,ESM,ESM-ADVANCED-THREAT-WARNING,Advanced Threat Warning,ESM-ADVANCED-THREAT-WARNING-RU,,Advanced Threat Warning,GAMEPLAY,GAMEPLAY,GAMEPLAY_POLICY,RU_EW_AKULA,SOCKET_EW_MAST,7,
RU_SSBN_DeltaIV,Russia,SSBN,Delta IV,7,ESM,ESM-MULTISENSOR-FUSION,Multi-Sensor Fusion,ESM-MULTISENSOR-FUSION-RU,,Multi-Sensor Fusion,GAMEPLAY,GAMEPLAY,GAMEPLAY_POLICY,RU_EW_AKULA,SOCKET_EW_MAST,8,
RU_SSBN_DeltaIV,Russia,SSBN,Delta IV,7,ESM,ESM-ADVANCED-EW,Advanced Integrated EW,ESM-ADVANCED-EW-RU,,Advanced Integrated EW,UNKNOWN,UNKNOWN,UNKNOWN_INSUFFICIENT_PUBLIC_DATA,RU_EW_AKULA,SOCKET_EW_MAST,9,
RU_SSBN_DeltaIV,Russia,SSBN,Delta IV,7,ESM,ESM-NEXTGEN,Next Generation Defensive Electronic System,ESM-NEXTGEN-RU,,Next Generation Defensive Electronic System,UNKNOWN,UNKNOWN,UNKNOWN_INSUFFICIENT_PUBLIC_DATA,RU_EW_AKULA,SOCKET_EW_MAST,10,
RU_SSBN_DeltaIV,Russia,SSBN,Delta IV,7,THREAT_WARNING,TW-RADAR-WARNING,Radar Warning,TW-RADAR-WARNING-RU,,Radar Warning,GAMEPLAY,GAMEPLAY,GAMEPLAY_POLICY,,SOCKET_EW_ANTENNA,1,
RU_SSBN_DeltaIV,Russia,SSBN,Delta IV,7,THREAT_WARNING,TW-ELECTRONIC-WARNING,Electronic Threat Warning,TW-ELECTRONIC-WARNING-RU,,Electronic Threat Warning,GAMEPLAY,GAMEPLAY,GAMEPLAY_POLICY,,SOCKET_EW_ANTENNA,3,
RU_SSBN_DeltaIV,Russia,SSBN,Delta IV,7,THREAT_WARNING,TW-ACTIVE-SONAR-WARNING,Active Sonar Warning,TW-ACTIVE-SONAR-WARNING-RU,,Active Sonar Warning,GAMEPLAY,GAMEPLAY,GAMEPLAY_POLICY,,SOCKET_EW_ANTENNA,4,
RU_SSBN_DeltaIV,Russia,SSBN,Delta IV,7,THREAT_WARNING,TW-TORPEDO-WARNING,Torpedo Warning,TW-TORPEDO-WARNING-RU,,Torpedo Warning,GAMEPLAY,GAMEPLAY,GAMEPLAY_POLICY,GEN_TW_TORPEDO_WARNING_SENSOR,SOCKET_EW_ANTENNA,5,
RU_SSBN_DeltaIV,Russia,SSBN,Delta IV,7,THREAT_WARNING,TW-ACOUSTIC-CLASSIFICATION,Acoustic Threat Classification,TW-ACOUSTIC-CLASSIFICATION-RU,,Acoustic Threat Classification,GAMEPLAY,GAMEPLAY,GAMEPLAY_POLICY,,SOCKET_EW_ANTENNA,6,
RU_SSBN_DeltaIV,Russia,SSBN,Delta IV,7,ACOUSTIC_COUNTERMEASURE,ACM-NOISE-MAKER,Noise Maker,ACM-NOISE-MAKER-RU,,Noise Maker,GAMEPLAY,GAMEPLAY,GAMEPLAY_POLICY,GEN_ACM_NOISE_MAKER,SOCKET_COUNTERMEASURE_01,1,
RU_SSBN_DeltaIV,Russia,SSBN,Delta IV,7,ACOUSTIC_COUNTERMEASURE,ACM-ACOUSTIC-DECOY,Acoustic Decoy,ACM-ACOUSTIC-DECOY-RU,,Acoustic Decoy,GAMEPLAY,GAMEPLAY,GAMEPLAY_POLICY,US_ACM_TORPEDO_DECOY,SOCKET_COUNTERMEASURE_01,2,
RU_SSBN_DeltaIV,Russia,SSBN,Delta IV,7,ACOUSTIC_COUNTERMEASURE,ACM-TORPEDO-DECOY,Torpedo Decoy,ACM-TORPEDO-DECOY-RU,MG-74 Korund-2 / MG-104 Brosok / MG-114 Berill,Torpedo Decoy,GAMEPLAY,GAMEPLAY,GAMEPLAY_POLICY,US_ACM_TORPEDO_DECOY,SOCKET_COUNTERMEASURE_01,4,
RU_SSBN_DeltaIV,Russia,SSBN,Delta IV,7,ACOUSTIC_COUNTERMEASURE,ACM-MOBILE-DECOY,Mobile Acoustic Decoy,ACM-MOBILE-DECOY-RU,MG-74 Korund-2,Mobile Acoustic Decoy,GAMEPLAY,GAMEPLAY,GAMEPLAY_POLICY,US_ACM_MOBILE_DECOY,SOCKET_COUNTERMEASURE_01,5,
RU_SSBN_DeltaIV,Russia,SSBN,Delta IV,7,ACOUSTIC_COUNTERMEASURE,ACM-ADVANCED,Advanced Acoustic Countermeasure,ACM-ADVANCED-RU,,Advanced Acoustic Countermeasure,GAMEPLAY,GAMEPLAY,GAMEPLAY_POLICY,US_ACM_MOBILE_DECOY,SOCKET_COUNTERMEASURE_01,7,
RU_SSBN_DeltaIV,Russia,SSBN,Delta IV,7,ACOUSTIC_COUNTERMEASURE,ACM-INTEGRATED,Integrated Acoustic Defense,ACM-INTEGRATED-RU,,Integrated Acoustic Defense,GAMEPLAY,GAMEPLAY,GAMEPLAY_POLICY,US_ACM_MOBILE_DECOY,SOCKET_COUNTERMEASURE_01,8,
RU_SSBN_DeltaIV,Russia,SSBN,Delta IV,7,DECOY,DEC-PASSIVE,Passive Decoy,DEC-PASSIVE-RU,,Passive Decoy,GAMEPLAY,GAMEPLAY,GAMEPLAY_POLICY,,SOCKET_COUNTERMEASURE_02,1,
RU_SSBN_DeltaIV,Russia,SSBN,Delta IV,7,DECOY,DEC-ACTIVE,Active Decoy,DEC-ACTIVE-RU,,Active Decoy,GAMEPLAY,GAMEPLAY,GAMEPLAY_POLICY,US_ACM_TORPEDO_DECOY,SOCKET_COUNTERMEASURE_02,3,
RU_SSBN_DeltaIV,Russia,SSBN,Delta IV,7,DECOY,DEC-ACOUSTIC,Acoustic Decoy,DEC-ACOUSTIC-RU,,Acoustic Decoy,GAMEPLAY,GAMEPLAY,GAMEPLAY_POLICY,US_ACM_TORPEDO_DECOY,SOCKET_COUNTERMEASURE_02,2,
RU_SSBN_DeltaIV,Russia,SSBN,Delta IV,7,DECOY,DEC-TORPEDO,Torpedo Decoy,DEC-TORPEDO-RU,MG-104 Brosok / MG-114 Berill,Torpedo Decoy,GAMEPLAY,GAMEPLAY,GAMEPLAY_POLICY,US_ACM_TORPEDO_DECOY,SOCKET_COUNTERMEASURE_02,4,
RU_SSBN_DeltaIV,Russia,SSBN,Delta IV,7,DECOY,DEC-MOBILE,Mobile Decoy,DEC-MOBILE-RU,MG-74 Korund-2,MG-74 Korund-2,PROBABLE,PROBABLE,https://en.wikipedia.org/wiki/Sonar_decoy,US_ACM_MOBILE_DECOY,SOCKET_COUNTERMEASURE_02,5,百科条目在列举 MG-74 使用时提到 Delta IV 级以 533 mm 鱼雷发射管投放；该条目的引用来源为 russianships.info 的 Project 667BDRM 页面。
RU_SSBN_DeltaIV,Russia,SSBN,Delta IV,7,DECOY,DEC-ADVANCED,Advanced Decoy,DEC-ADVANCED-RU,,Advanced Decoy,GAMEPLAY,GAMEPLAY,GAMEPLAY_POLICY,US_ACM_MOBILE_DECOY,SOCKET_COUNTERMEASURE_02,7,
RU_SSBN_DeltaIV,Russia,SSBN,Delta IV,7,NOISE_MAKER,NM-EARLY,Early Noise Maker,NM-EARLY-RU,,Early Noise Maker,GAMEPLAY,GAMEPLAY,GAMEPLAY_POLICY,GEN_ACM_NOISE_MAKER,SOCKET_COUNTERMEASURE_02,1,
RU_SSBN_DeltaIV,Russia,SSBN,Delta IV,7,NOISE_MAKER,NM-IMPROVED,Improved Noise Maker,NM-IMPROVED-RU,,Improved Noise Maker,GAMEPLAY,GAMEPLAY,GAMEPLAY_POLICY,GEN_ACM_NOISE_MAKER,SOCKET_COUNTERMEASURE_02,3,
RU_SSBN_DeltaIV,Russia,SSBN,Delta IV,7,NOISE_MAKER,NM-MODERN,Modern Noise Maker,NM-MODERN-RU,,Modern Noise Maker,GAMEPLAY,GAMEPLAY,GAMEPLAY_POLICY,GEN_ACM_NOISE_MAKER,SOCKET_COUNTERMEASURE_02,6,
RU_SSBN_DeltaIV,Russia,SSBN,Delta IV,7,NOISE_MAKER,NM-ADVANCED,Advanced Acoustic Countermeasure,NM-ADVANCED-RU,,Advanced Acoustic Countermeasure,GAMEPLAY,GAMEPLAY,GAMEPLAY_POLICY,GEN_ACM_NOISE_MAKER,SOCKET_COUNTERMEASURE_02,8,
RU_SSBN_DeltaIV,Russia,SSBN,Delta IV,7,TORPEDO_DEFENSE,TD-WARNING,Torpedo Warning,TD-WARNING-RU,,Torpedo Warning,GAMEPLAY,GAMEPLAY,GAMEPLAY_POLICY,GEN_TW_TORPEDO_WARNING_SENSOR,SOCKET_DECOY_LAUNCHER_02,4,
RU_SSBN_DeltaIV,Russia,SSBN,Delta IV,7,TORPEDO_DEFENSE,TD-COUNTERMEASURE,Countermeasure,TD-COUNTERMEASURE-RU,,Countermeasure,GAMEPLAY,GAMEPLAY,GAMEPLAY_POLICY,US_ACM_TORPEDO_DECOY,SOCKET_DECOY_LAUNCHER_02,5,
RU_SSBN_DeltaIV,Russia,SSBN,Delta IV,7,TORPEDO_DEFENSE,TD-ADVANCED,Advanced Countermeasure,TD-ADVANCED-RU,,Advanced Countermeasure,GAMEPLAY,GAMEPLAY,GAMEPLAY_POLICY,US_ACM_MOBILE_DECOY,SOCKET_DECOY_LAUNCHER_02,7,
RU_SSBN_DeltaIV,Russia,SSBN,Delta IV,7,TORPEDO_DEFENSE,TD-INTEGRATED,Integrated Torpedo Defense,TD-INTEGRATED-RU,,Integrated Torpedo Defense,UNKNOWN,UNKNOWN,UNKNOWN_INSUFFICIENT_PUBLIC_DATA,US_ACM_MOBILE_DECOY,SOCKET_DECOY_LAUNCHER_02,9,
RU_SSBN_DeltaIV,Russia,SSBN,Delta IV,7,LAUNCHER,CML-EXTERNAL,External Launcher,CML-EXTERNAL-RU,REPS-324 Shlagbaum,External Launcher,GAMEPLAY,GAMEPLAY,GAMEPLAY_POLICY,US_CML_DECOY_LAUNCHER,SOCKET_DECOY_LAUNCHER_01,2,
RU_SSBN_DeltaIV,Russia,SSBN,Delta IV,7,LAUNCHER,CML-TUBE,Countermeasure Tube,CML-TUBE-RU,,Countermeasure Tube,GAMEPLAY,GAMEPLAY,GAMEPLAY_POLICY,GEN_CML_TUBE,SOCKET_DECOY_LAUNCHER_01,3,
RU_SSBN_DeltaIV,Russia,SSBN,Delta IV,7,LAUNCHER,CML-ACOUSTIC-DEVICE,Acoustic Device Launcher,CML-ACOUSTIC-DEVICE-RU,,Acoustic Device Launcher,GAMEPLAY,GAMEPLAY,GAMEPLAY_POLICY,US_CML_DECOY_LAUNCHER,SOCKET_DECOY_LAUNCHER_01,4,
RU_SSBN_DeltaIV,Russia,SSBN,Delta IV,7,LAUNCHER,CML-ADVANCED,Advanced Launcher,CML-ADVANCED-RU,,Advanced Launcher,GAMEPLAY,GAMEPLAY,GAMEPLAY_POLICY,US_CML_DECOY_LAUNCHER,SOCKET_DECOY_LAUNCHER_01,7,
RU_SSBN_DeltaIV,Russia,SSBN,Delta IV,7,LAUNCHER,CML-INTEGRATED,Integrated Launcher,CML-INTEGRATED-RU,,Integrated Launcher,GAMEPLAY,GAMEPLAY,GAMEPLAY_POLICY,US_CML_DECOY_LAUNCHER,SOCKET_DECOY_LAUNCHER_01,8,
RU_SSBN_DeltaIV,Russia,SSBN,Delta IV,7,DEFENSIVE_CONTROL,DC-CONSOLE,Defensive Control Console,DC-CONSOLE-RU,,Defensive Control Console,GAMEPLAY,GAMEPLAY,GAMEPLAY_POLICY,US_DCM_CONSOLE,,2,
RU_SSBN_DeltaIV,Russia,SSBN,Delta IV,7,DEFENSIVE_CONTROL,DC-INTEGRATED-CONTROL,Integrated Defensive Control,DC-INTEGRATED-CONTROL-RU,,Integrated Defensive Control,GAMEPLAY,GAMEPLAY,GAMEPLAY_POLICY,US_DCM_CONSOLE,,6,
RU_SSBN_DeltaIV,Russia,SSBN,Delta IV,7,DEFENSIVE_CONTROL,DC-AUTOMATED,Automated Defensive Control,DC-AUTOMATED-RU,,Automated Defensive Control,GAMEPLAY,GAMEPLAY,GAMEPLAY_POLICY,US_DCM_CONSOLE,,8,
RU_SSBN_DeltaIV,Russia,SSBN,Delta IV,7,INTEGRATED_DEFENSE,IDS-CORE,Integrated Defensive System,IDS-CORE-RU,,Integrated Defensive System,GAMEPLAY,GAMEPLAY,GAMEPLAY_POLICY,US_DCM_CONSOLE,,6,
RU_SSBN_DeltaIV,Russia,SSBN,Delta IV,7,INTEGRATED_DEFENSE,IDS-ADVANCED,Next Generation Defensive System,IDS-ADVANCED-RU,,Next Generation Defensive System,UNKNOWN,UNKNOWN,UNKNOWN_INSUFFICIENT_PUBLIC_DATA,US_DCM_CONSOLE,,9,
RU_SSBN_Typhoon,Russia,SSBN,Typhoon,8,ESM,ESM-BASIC-DETECTION,Basic Signal Detection,ESM-BASIC-DETECTION-RU,,Basic Signal Detection,GAMEPLAY,GAMEPLAY,GAMEPLAY_POLICY,RU_EW_AKULA,SOCKET_EW_MAST,1,
RU_SSBN_Typhoon,Russia,SSBN,Typhoon,8,ESM,ESM-IMPROVED-DETECTION,Improved Detection,ESM-IMPROVED-DETECTION-RU,,Improved Detection,GAMEPLAY,GAMEPLAY,GAMEPLAY_POLICY,RU_EW_AKULA,SOCKET_EW_MAST,2,
RU_SSBN_Typhoon,Russia,SSBN,Typhoon,8,ESM,ESM-CLASSIFICATION,Signal Classification,ESM-CLASSIFICATION-RU,,Signal Classification,GAMEPLAY,GAMEPLAY,GAMEPLAY_POLICY,RU_EW_AKULA,SOCKET_EW_MAST,3,
RU_SSBN_Typhoon,Russia,SSBN,Typhoon,8,ESM,ESM-DIGITAL,Digital ESM,ESM-DIGITAL-RU,,Digital ESM,GAMEPLAY,GAMEPLAY,GAMEPLAY_POLICY,RU_EW_AKULA,SOCKET_EW_MAST,4,
RU_SSBN_Typhoon,Russia,SSBN,Typhoon,8,ESM,ESM-MULTIBAND,Multi-Band ESM,ESM-MULTIBAND-RU,,Multi-Band ESM,GAMEPLAY,GAMEPLAY,GAMEPLAY_POLICY,RU_EW_AKULA,SOCKET_EW_MAST,5,
RU_SSBN_Typhoon,Russia,SSBN,Typhoon,8,ESM,ESM-INTEGRATED,Integrated ESM,ESM-INTEGRATED-RU,,Integrated ESM,GAMEPLAY,GAMEPLAY,GAMEPLAY_POLICY,RU_EW_AKULA,SOCKET_EW_MAST,6,
RU_SSBN_Typhoon,Russia,SSBN,Typhoon,8,ESM,ESM-ADVANCED-THREAT-WARNING,Advanced Threat Warning,ESM-ADVANCED-THREAT-WARNING-RU,,Advanced Threat Warning,GAMEPLAY,GAMEPLAY,GAMEPLAY_POLICY,RU_EW_AKULA,SOCKET_EW_MAST,7,
RU_SSBN_Typhoon,Russia,SSBN,Typhoon,8,ESM,ESM-MULTISENSOR-FUSION,Multi-Sensor Fusion,ESM-MULTISENSOR-FUSION-RU,,Multi-Sensor Fusion,GAMEPLAY,GAMEPLAY,GAMEPLAY_POLICY,RU_EW_AKULA,SOCKET_EW_MAST,8,
RU_SSBN_Typhoon,Russia,SSBN,Typhoon,8,ESM,ESM-ADVANCED-EW,Advanced Integrated EW,ESM-ADVANCED-EW-RU,,Advanced Integrated EW,GAMEPLAY,GAMEPLAY,GAMEPLAY_POLICY,RU_EW_AKULA,SOCKET_EW_MAST,9,
RU_SSBN_Typhoon,Russia,SSBN,Typhoon,8,ESM,ESM-NEXTGEN,Next Generation Defensive Electronic System,ESM-NEXTGEN-RU,,Next Generation Defensive Electronic System,UNKNOWN,UNKNOWN,UNKNOWN_INSUFFICIENT_PUBLIC_DATA,RU_EW_AKULA,SOCKET_EW_MAST,10,
RU_SSBN_Typhoon,Russia,SSBN,Typhoon,8,THREAT_WARNING,TW-RADAR-WARNING,Radar Warning,TW-RADAR-WARNING-RU,,Radar Warning,GAMEPLAY,GAMEPLAY,GAMEPLAY_POLICY,,SOCKET_EW_ANTENNA,1,
RU_SSBN_Typhoon,Russia,SSBN,Typhoon,8,THREAT_WARNING,TW-ELECTRONIC-WARNING,Electronic Threat Warning,TW-ELECTRONIC-WARNING-RU,,Electronic Threat Warning,GAMEPLAY,GAMEPLAY,GAMEPLAY_POLICY,,SOCKET_EW_ANTENNA,3,
RU_SSBN_Typhoon,Russia,SSBN,Typhoon,8,THREAT_WARNING,TW-ACTIVE-SONAR-WARNING,Active Sonar Warning,TW-ACTIVE-SONAR-WARNING-RU,,Active Sonar Warning,GAMEPLAY,GAMEPLAY,GAMEPLAY_POLICY,,SOCKET_EW_ANTENNA,4,
RU_SSBN_Typhoon,Russia,SSBN,Typhoon,8,THREAT_WARNING,TW-TORPEDO-WARNING,Torpedo Warning,TW-TORPEDO-WARNING-RU,,Torpedo Warning,GAMEPLAY,GAMEPLAY,GAMEPLAY_POLICY,GEN_TW_TORPEDO_WARNING_SENSOR,SOCKET_EW_ANTENNA,5,
RU_SSBN_Typhoon,Russia,SSBN,Typhoon,8,THREAT_WARNING,TW-ACOUSTIC-CLASSIFICATION,Acoustic Threat Classification,TW-ACOUSTIC-CLASSIFICATION-RU,,Acoustic Threat Classification,GAMEPLAY,GAMEPLAY,GAMEPLAY_POLICY,,SOCKET_EW_ANTENNA,6,
RU_SSBN_Typhoon,Russia,SSBN,Typhoon,8,ACOUSTIC_COUNTERMEASURE,ACM-NOISE-MAKER,Noise Maker,ACM-NOISE-MAKER-RU,,Noise Maker,GAMEPLAY,GAMEPLAY,GAMEPLAY_POLICY,GEN_ACM_NOISE_MAKER,SOCKET_COUNTERMEASURE_01,1,
RU_SSBN_Typhoon,Russia,SSBN,Typhoon,8,ACOUSTIC_COUNTERMEASURE,ACM-ACOUSTIC-DECOY,Acoustic Decoy,ACM-ACOUSTIC-DECOY-RU,,Acoustic Decoy,GAMEPLAY,GAMEPLAY,GAMEPLAY_POLICY,US_ACM_TORPEDO_DECOY,SOCKET_COUNTERMEASURE_01,2,
RU_SSBN_Typhoon,Russia,SSBN,Typhoon,8,ACOUSTIC_COUNTERMEASURE,ACM-TORPEDO-DECOY,Torpedo Decoy,ACM-TORPEDO-DECOY-RU,MG-74 Korund-2 / MG-104 Brosok / MG-114 Berill,Torpedo Decoy,GAMEPLAY,GAMEPLAY,GAMEPLAY_POLICY,US_ACM_TORPEDO_DECOY,SOCKET_COUNTERMEASURE_01,4,
RU_SSBN_Typhoon,Russia,SSBN,Typhoon,8,ACOUSTIC_COUNTERMEASURE,ACM-MOBILE-DECOY,Mobile Acoustic Decoy,ACM-MOBILE-DECOY-RU,MG-74 Korund-2,Mobile Acoustic Decoy,GAMEPLAY,GAMEPLAY,GAMEPLAY_POLICY,US_ACM_MOBILE_DECOY,SOCKET_COUNTERMEASURE_01,5,
RU_SSBN_Typhoon,Russia,SSBN,Typhoon,8,ACOUSTIC_COUNTERMEASURE,ACM-ADVANCED,Advanced Acoustic Countermeasure,ACM-ADVANCED-RU,,Advanced Acoustic Countermeasure,GAMEPLAY,GAMEPLAY,GAMEPLAY_POLICY,US_ACM_MOBILE_DECOY,SOCKET_COUNTERMEASURE_01,7,
RU_SSBN_Typhoon,Russia,SSBN,Typhoon,8,ACOUSTIC_COUNTERMEASURE,ACM-INTEGRATED,Integrated Acoustic Defense,ACM-INTEGRATED-RU,,Integrated Acoustic Defense,GAMEPLAY,GAMEPLAY,GAMEPLAY_POLICY,US_ACM_MOBILE_DECOY,SOCKET_COUNTERMEASURE_01,8,
RU_SSBN_Typhoon,Russia,SSBN,Typhoon,8,DECOY,DEC-PASSIVE,Passive Decoy,DEC-PASSIVE-RU,,Passive Decoy,GAMEPLAY,GAMEPLAY,GAMEPLAY_POLICY,,SOCKET_COUNTERMEASURE_02,1,
RU_SSBN_Typhoon,Russia,SSBN,Typhoon,8,DECOY,DEC-ACTIVE,Active Decoy,DEC-ACTIVE-RU,,Active Decoy,GAMEPLAY,GAMEPLAY,GAMEPLAY_POLICY,US_ACM_TORPEDO_DECOY,SOCKET_COUNTERMEASURE_02,3,
RU_SSBN_Typhoon,Russia,SSBN,Typhoon,8,DECOY,DEC-ACOUSTIC,Acoustic Decoy,DEC-ACOUSTIC-RU,,Acoustic Decoy,GAMEPLAY,GAMEPLAY,GAMEPLAY_POLICY,US_ACM_TORPEDO_DECOY,SOCKET_COUNTERMEASURE_02,2,
RU_SSBN_Typhoon,Russia,SSBN,Typhoon,8,DECOY,DEC-TORPEDO,Torpedo Decoy,DEC-TORPEDO-RU,MG-104 Brosok / MG-114 Berill,Torpedo Decoy,GAMEPLAY,GAMEPLAY,GAMEPLAY_POLICY,US_ACM_TORPEDO_DECOY,SOCKET_COUNTERMEASURE_02,4,
RU_SSBN_Typhoon,Russia,SSBN,Typhoon,8,DECOY,DEC-MOBILE,Mobile Decoy,DEC-MOBILE-RU,MG-74 Korund-2,Mobile Decoy,GAMEPLAY,GAMEPLAY,GAMEPLAY_POLICY,US_ACM_MOBILE_DECOY,SOCKET_COUNTERMEASURE_02,5,
RU_SSBN_Typhoon,Russia,SSBN,Typhoon,8,DECOY,DEC-ADVANCED,Advanced Decoy,DEC-ADVANCED-RU,,Advanced Decoy,GAMEPLAY,GAMEPLAY,GAMEPLAY_POLICY,US_ACM_MOBILE_DECOY,SOCKET_COUNTERMEASURE_02,7,
RU_SSBN_Typhoon,Russia,SSBN,Typhoon,8,NOISE_MAKER,NM-EARLY,Early Noise Maker,NM-EARLY-RU,,Early Noise Maker,GAMEPLAY,GAMEPLAY,GAMEPLAY_POLICY,GEN_ACM_NOISE_MAKER,SOCKET_COUNTERMEASURE_02,1,
RU_SSBN_Typhoon,Russia,SSBN,Typhoon,8,NOISE_MAKER,NM-IMPROVED,Improved Noise Maker,NM-IMPROVED-RU,,Improved Noise Maker,GAMEPLAY,GAMEPLAY,GAMEPLAY_POLICY,GEN_ACM_NOISE_MAKER,SOCKET_COUNTERMEASURE_02,3,
RU_SSBN_Typhoon,Russia,SSBN,Typhoon,8,NOISE_MAKER,NM-MODERN,Modern Noise Maker,NM-MODERN-RU,,Modern Noise Maker,GAMEPLAY,GAMEPLAY,GAMEPLAY_POLICY,GEN_ACM_NOISE_MAKER,SOCKET_COUNTERMEASURE_02,6,
RU_SSBN_Typhoon,Russia,SSBN,Typhoon,8,NOISE_MAKER,NM-ADVANCED,Advanced Acoustic Countermeasure,NM-ADVANCED-RU,,Advanced Acoustic Countermeasure,GAMEPLAY,GAMEPLAY,GAMEPLAY_POLICY,GEN_ACM_NOISE_MAKER,SOCKET_COUNTERMEASURE_02,8,
RU_SSBN_Typhoon,Russia,SSBN,Typhoon,8,TORPEDO_DEFENSE,TD-WARNING,Torpedo Warning,TD-WARNING-RU,,Torpedo Warning,GAMEPLAY,GAMEPLAY,GAMEPLAY_POLICY,GEN_TW_TORPEDO_WARNING_SENSOR,SOCKET_DECOY_LAUNCHER_02,4,
RU_SSBN_Typhoon,Russia,SSBN,Typhoon,8,TORPEDO_DEFENSE,TD-COUNTERMEASURE,Countermeasure,TD-COUNTERMEASURE-RU,,Countermeasure,GAMEPLAY,GAMEPLAY,GAMEPLAY_POLICY,US_ACM_TORPEDO_DECOY,SOCKET_DECOY_LAUNCHER_02,5,
RU_SSBN_Typhoon,Russia,SSBN,Typhoon,8,TORPEDO_DEFENSE,TD-ADVANCED,Advanced Countermeasure,TD-ADVANCED-RU,,Advanced Countermeasure,GAMEPLAY,GAMEPLAY,GAMEPLAY_POLICY,US_ACM_MOBILE_DECOY,SOCKET_DECOY_LAUNCHER_02,7,
RU_SSBN_Typhoon,Russia,SSBN,Typhoon,8,TORPEDO_DEFENSE,TD-INTEGRATED,Integrated Torpedo Defense,TD-INTEGRATED-RU,,Integrated Torpedo Defense,GAMEPLAY,GAMEPLAY,GAMEPLAY_POLICY,US_ACM_MOBILE_DECOY,SOCKET_DECOY_LAUNCHER_02,9,
RU_SSBN_Typhoon,Russia,SSBN,Typhoon,8,LAUNCHER,CML-EXTERNAL,External Launcher,CML-EXTERNAL-RU,REPS-324 Shlagbaum,External Launcher,GAMEPLAY,GAMEPLAY,GAMEPLAY_POLICY,US_CML_DECOY_LAUNCHER,SOCKET_DECOY_LAUNCHER_01,2,
RU_SSBN_Typhoon,Russia,SSBN,Typhoon,8,LAUNCHER,CML-TUBE,Countermeasure Tube,CML-TUBE-RU,,Countermeasure Tube,GAMEPLAY,GAMEPLAY,GAMEPLAY_POLICY,GEN_CML_TUBE,SOCKET_DECOY_LAUNCHER_01,3,
RU_SSBN_Typhoon,Russia,SSBN,Typhoon,8,LAUNCHER,CML-ACOUSTIC-DEVICE,Acoustic Device Launcher,CML-ACOUSTIC-DEVICE-RU,,Acoustic Device Launcher,GAMEPLAY,GAMEPLAY,GAMEPLAY_POLICY,US_CML_DECOY_LAUNCHER,SOCKET_DECOY_LAUNCHER_01,4,
RU_SSBN_Typhoon,Russia,SSBN,Typhoon,8,LAUNCHER,CML-ADVANCED,Advanced Launcher,CML-ADVANCED-RU,,Advanced Launcher,GAMEPLAY,GAMEPLAY,GAMEPLAY_POLICY,US_CML_DECOY_LAUNCHER,SOCKET_DECOY_LAUNCHER_01,7,
RU_SSBN_Typhoon,Russia,SSBN,Typhoon,8,LAUNCHER,CML-INTEGRATED,Integrated Launcher,CML-INTEGRATED-RU,,Integrated Launcher,GAMEPLAY,GAMEPLAY,GAMEPLAY_POLICY,US_CML_DECOY_LAUNCHER,SOCKET_DECOY_LAUNCHER_01,8,
RU_SSBN_Typhoon,Russia,SSBN,Typhoon,8,DEFENSIVE_CONTROL,DC-CONSOLE,Defensive Control Console,DC-CONSOLE-RU,,Defensive Control Console,GAMEPLAY,GAMEPLAY,GAMEPLAY_POLICY,US_DCM_CONSOLE,,2,
RU_SSBN_Typhoon,Russia,SSBN,Typhoon,8,DEFENSIVE_CONTROL,DC-INTEGRATED-CONTROL,Integrated Defensive Control,DC-INTEGRATED-CONTROL-RU,,Integrated Defensive Control,GAMEPLAY,GAMEPLAY,GAMEPLAY_POLICY,US_DCM_CONSOLE,,6,
RU_SSBN_Typhoon,Russia,SSBN,Typhoon,8,DEFENSIVE_CONTROL,DC-AUTOMATED,Automated Defensive Control,DC-AUTOMATED-RU,,Automated Defensive Control,GAMEPLAY,GAMEPLAY,GAMEPLAY_POLICY,US_DCM_CONSOLE,,8,
RU_SSBN_Typhoon,Russia,SSBN,Typhoon,8,INTEGRATED_DEFENSE,IDS-CORE,Integrated Defensive System,IDS-CORE-RU,,Integrated Defensive System,GAMEPLAY,GAMEPLAY,GAMEPLAY_POLICY,US_DCM_CONSOLE,,6,
RU_SSBN_Typhoon,Russia,SSBN,Typhoon,8,INTEGRATED_DEFENSE,IDS-ADVANCED,Next Generation Defensive System,IDS-ADVANCED-RU,,Next Generation Defensive System,GAMEPLAY,GAMEPLAY,GAMEPLAY_POLICY,US_DCM_CONSOLE,,9,
RU_SSBN_Borei,Russia,SSBN,Borei,9,ESM,ESM-BASIC-DETECTION,Basic Signal Detection,ESM-BASIC-DETECTION-RU,,Basic Signal Detection,GAMEPLAY,GAMEPLAY,GAMEPLAY_POLICY,RU_EW_AKULA,SOCKET_EW_MAST,1,
RU_SSBN_Borei,Russia,SSBN,Borei,9,ESM,ESM-IMPROVED-DETECTION,Improved Detection,ESM-IMPROVED-DETECTION-RU,,Improved Detection,GAMEPLAY,GAMEPLAY,GAMEPLAY_POLICY,RU_EW_AKULA,SOCKET_EW_MAST,2,
RU_SSBN_Borei,Russia,SSBN,Borei,9,ESM,ESM-CLASSIFICATION,Signal Classification,ESM-CLASSIFICATION-RU,,Signal Classification,GAMEPLAY,GAMEPLAY,GAMEPLAY_POLICY,RU_EW_AKULA,SOCKET_EW_MAST,3,
RU_SSBN_Borei,Russia,SSBN,Borei,9,ESM,ESM-DIGITAL,Digital ESM,ESM-DIGITAL-RU,,Digital ESM,GAMEPLAY,GAMEPLAY,GAMEPLAY_POLICY,RU_EW_AKULA,SOCKET_EW_MAST,4,
RU_SSBN_Borei,Russia,SSBN,Borei,9,ESM,ESM-MULTIBAND,Multi-Band ESM,ESM-MULTIBAND-RU,,Multi-Band ESM,GAMEPLAY,GAMEPLAY,GAMEPLAY_POLICY,RU_EW_AKULA,SOCKET_EW_MAST,5,
RU_SSBN_Borei,Russia,SSBN,Borei,9,ESM,ESM-INTEGRATED,Integrated ESM,ESM-INTEGRATED-RU,,Integrated ESM,GAMEPLAY,GAMEPLAY,GAMEPLAY_POLICY,RU_EW_AKULA,SOCKET_EW_MAST,6,
RU_SSBN_Borei,Russia,SSBN,Borei,9,ESM,ESM-ADVANCED-THREAT-WARNING,Advanced Threat Warning,ESM-ADVANCED-THREAT-WARNING-RU,,Advanced Threat Warning,GAMEPLAY,GAMEPLAY,GAMEPLAY_POLICY,RU_EW_AKULA,SOCKET_EW_MAST,7,
RU_SSBN_Borei,Russia,SSBN,Borei,9,ESM,ESM-MULTISENSOR-FUSION,Multi-Sensor Fusion,ESM-MULTISENSOR-FUSION-RU,,Multi-Sensor Fusion,GAMEPLAY,GAMEPLAY,GAMEPLAY_POLICY,RU_EW_AKULA,SOCKET_EW_MAST,8,
RU_SSBN_Borei,Russia,SSBN,Borei,9,ESM,ESM-ADVANCED-EW,Advanced Integrated EW,ESM-ADVANCED-EW-RU,,Advanced Integrated EW,GAMEPLAY,GAMEPLAY,GAMEPLAY_POLICY,RU_EW_AKULA,SOCKET_EW_MAST,9,
RU_SSBN_Borei,Russia,SSBN,Borei,9,ESM,ESM-NEXTGEN,Next Generation Defensive Electronic System,ESM-NEXTGEN-RU,,Next Generation Defensive Electronic System,GAMEPLAY,GAMEPLAY,GAMEPLAY_POLICY,RU_EW_AKULA,SOCKET_EW_MAST,10,
RU_SSBN_Borei,Russia,SSBN,Borei,9,THREAT_WARNING,TW-RADAR-WARNING,Radar Warning,TW-RADAR-WARNING-RU,,Radar Warning,GAMEPLAY,GAMEPLAY,GAMEPLAY_POLICY,,SOCKET_EW_ANTENNA,1,
RU_SSBN_Borei,Russia,SSBN,Borei,9,THREAT_WARNING,TW-ELECTRONIC-WARNING,Electronic Threat Warning,TW-ELECTRONIC-WARNING-RU,,Electronic Threat Warning,GAMEPLAY,GAMEPLAY,GAMEPLAY_POLICY,,SOCKET_EW_ANTENNA,3,
RU_SSBN_Borei,Russia,SSBN,Borei,9,THREAT_WARNING,TW-ACTIVE-SONAR-WARNING,Active Sonar Warning,TW-ACTIVE-SONAR-WARNING-RU,,Active Sonar Warning,GAMEPLAY,GAMEPLAY,GAMEPLAY_POLICY,,SOCKET_EW_ANTENNA,4,
RU_SSBN_Borei,Russia,SSBN,Borei,9,THREAT_WARNING,TW-TORPEDO-WARNING,Torpedo Warning,TW-TORPEDO-WARNING-RU,,Torpedo Warning,GAMEPLAY,GAMEPLAY,GAMEPLAY_POLICY,GEN_TW_TORPEDO_WARNING_SENSOR,SOCKET_EW_ANTENNA,5,
RU_SSBN_Borei,Russia,SSBN,Borei,9,THREAT_WARNING,TW-ACOUSTIC-CLASSIFICATION,Acoustic Threat Classification,TW-ACOUSTIC-CLASSIFICATION-RU,,Acoustic Threat Classification,GAMEPLAY,GAMEPLAY,GAMEPLAY_POLICY,,SOCKET_EW_ANTENNA,6,
RU_SSBN_Borei,Russia,SSBN,Borei,9,ACOUSTIC_COUNTERMEASURE,ACM-NOISE-MAKER,Noise Maker,ACM-NOISE-MAKER-RU,,Noise Maker,GAMEPLAY,GAMEPLAY,GAMEPLAY_POLICY,GEN_ACM_NOISE_MAKER,SOCKET_COUNTERMEASURE_01,1,
RU_SSBN_Borei,Russia,SSBN,Borei,9,ACOUSTIC_COUNTERMEASURE,ACM-ACOUSTIC-DECOY,Acoustic Decoy,ACM-ACOUSTIC-DECOY-RU,,Acoustic Decoy,GAMEPLAY,GAMEPLAY,GAMEPLAY_POLICY,US_ACM_TORPEDO_DECOY,SOCKET_COUNTERMEASURE_01,2,
RU_SSBN_Borei,Russia,SSBN,Borei,9,ACOUSTIC_COUNTERMEASURE,ACM-TORPEDO-DECOY,Torpedo Decoy,ACM-TORPEDO-DECOY-RU,MG-74 Korund-2 / MG-104 Brosok / MG-114 Berill,Torpedo Decoy,GAMEPLAY,GAMEPLAY,GAMEPLAY_POLICY,US_ACM_TORPEDO_DECOY,SOCKET_COUNTERMEASURE_01,4,
RU_SSBN_Borei,Russia,SSBN,Borei,9,ACOUSTIC_COUNTERMEASURE,ACM-MOBILE-DECOY,Mobile Acoustic Decoy,ACM-MOBILE-DECOY-RU,MG-74 Korund-2,Mobile Acoustic Decoy,GAMEPLAY,GAMEPLAY,GAMEPLAY_POLICY,US_ACM_MOBILE_DECOY,SOCKET_COUNTERMEASURE_01,5,
RU_SSBN_Borei,Russia,SSBN,Borei,9,ACOUSTIC_COUNTERMEASURE,ACM-ADVANCED,Advanced Acoustic Countermeasure,ACM-ADVANCED-RU,,Advanced Acoustic Countermeasure,GAMEPLAY,GAMEPLAY,GAMEPLAY_POLICY,US_ACM_MOBILE_DECOY,SOCKET_COUNTERMEASURE_01,7,
RU_SSBN_Borei,Russia,SSBN,Borei,9,ACOUSTIC_COUNTERMEASURE,ACM-INTEGRATED,Integrated Acoustic Defense,ACM-INTEGRATED-RU,,Integrated Acoustic Defense,GAMEPLAY,GAMEPLAY,GAMEPLAY_POLICY,US_ACM_MOBILE_DECOY,SOCKET_COUNTERMEASURE_01,8,
RU_SSBN_Borei,Russia,SSBN,Borei,9,DECOY,DEC-PASSIVE,Passive Decoy,DEC-PASSIVE-RU,,Passive Decoy,GAMEPLAY,GAMEPLAY,GAMEPLAY_POLICY,,SOCKET_COUNTERMEASURE_02,1,
RU_SSBN_Borei,Russia,SSBN,Borei,9,DECOY,DEC-ACTIVE,Active Decoy,DEC-ACTIVE-RU,,Active Decoy,GAMEPLAY,GAMEPLAY,GAMEPLAY_POLICY,US_ACM_TORPEDO_DECOY,SOCKET_COUNTERMEASURE_02,3,
RU_SSBN_Borei,Russia,SSBN,Borei,9,DECOY,DEC-ACOUSTIC,Acoustic Decoy,DEC-ACOUSTIC-RU,,Acoustic Decoy,GAMEPLAY,GAMEPLAY,GAMEPLAY_POLICY,US_ACM_TORPEDO_DECOY,SOCKET_COUNTERMEASURE_02,2,
RU_SSBN_Borei,Russia,SSBN,Borei,9,DECOY,DEC-TORPEDO,Torpedo Decoy,DEC-TORPEDO-RU,MG-104 Brosok / MG-114 Berill,Torpedo Decoy,GAMEPLAY,GAMEPLAY,GAMEPLAY_POLICY,US_ACM_TORPEDO_DECOY,SOCKET_COUNTERMEASURE_02,4,
RU_SSBN_Borei,Russia,SSBN,Borei,9,DECOY,DEC-MOBILE,Mobile Decoy,DEC-MOBILE-RU,MG-74 Korund-2,Mobile Decoy,GAMEPLAY,GAMEPLAY,GAMEPLAY_POLICY,US_ACM_MOBILE_DECOY,SOCKET_COUNTERMEASURE_02,5,
RU_SSBN_Borei,Russia,SSBN,Borei,9,DECOY,DEC-ADVANCED,Advanced Decoy,DEC-ADVANCED-RU,,Advanced Decoy,GAMEPLAY,GAMEPLAY,GAMEPLAY_POLICY,US_ACM_MOBILE_DECOY,SOCKET_COUNTERMEASURE_02,7,
RU_SSBN_Borei,Russia,SSBN,Borei,9,NOISE_MAKER,NM-EARLY,Early Noise Maker,NM-EARLY-RU,,Early Noise Maker,GAMEPLAY,GAMEPLAY,GAMEPLAY_POLICY,GEN_ACM_NOISE_MAKER,SOCKET_COUNTERMEASURE_02,1,
RU_SSBN_Borei,Russia,SSBN,Borei,9,NOISE_MAKER,NM-IMPROVED,Improved Noise Maker,NM-IMPROVED-RU,,Improved Noise Maker,GAMEPLAY,GAMEPLAY,GAMEPLAY_POLICY,GEN_ACM_NOISE_MAKER,SOCKET_COUNTERMEASURE_02,3,
RU_SSBN_Borei,Russia,SSBN,Borei,9,NOISE_MAKER,NM-MODERN,Modern Noise Maker,NM-MODERN-RU,,Modern Noise Maker,GAMEPLAY,GAMEPLAY,GAMEPLAY_POLICY,GEN_ACM_NOISE_MAKER,SOCKET_COUNTERMEASURE_02,6,
RU_SSBN_Borei,Russia,SSBN,Borei,9,NOISE_MAKER,NM-ADVANCED,Advanced Acoustic Countermeasure,NM-ADVANCED-RU,,Advanced Acoustic Countermeasure,GAMEPLAY,GAMEPLAY,GAMEPLAY_POLICY,GEN_ACM_NOISE_MAKER,SOCKET_COUNTERMEASURE_02,8,
RU_SSBN_Borei,Russia,SSBN,Borei,9,TORPEDO_DEFENSE,TD-WARNING,Torpedo Warning,TD-WARNING-RU,,Torpedo Warning,GAMEPLAY,GAMEPLAY,GAMEPLAY_POLICY,GEN_TW_TORPEDO_WARNING_SENSOR,SOCKET_DECOY_LAUNCHER_02,4,
RU_SSBN_Borei,Russia,SSBN,Borei,9,TORPEDO_DEFENSE,TD-COUNTERMEASURE,Countermeasure,TD-COUNTERMEASURE-RU,,Countermeasure,GAMEPLAY,GAMEPLAY,GAMEPLAY_POLICY,US_ACM_TORPEDO_DECOY,SOCKET_DECOY_LAUNCHER_02,5,
RU_SSBN_Borei,Russia,SSBN,Borei,9,TORPEDO_DEFENSE,TD-ADVANCED,Advanced Countermeasure,TD-ADVANCED-RU,,Advanced Countermeasure,GAMEPLAY,GAMEPLAY,GAMEPLAY_POLICY,US_ACM_MOBILE_DECOY,SOCKET_DECOY_LAUNCHER_02,7,
RU_SSBN_Borei,Russia,SSBN,Borei,9,TORPEDO_DEFENSE,TD-INTEGRATED,Integrated Torpedo Defense,TD-INTEGRATED-RU,,Integrated Torpedo Defense,GAMEPLAY,GAMEPLAY,GAMEPLAY_POLICY,US_ACM_MOBILE_DECOY,SOCKET_DECOY_LAUNCHER_02,9,
RU_SSBN_Borei,Russia,SSBN,Borei,9,LAUNCHER,CML-EXTERNAL,External Launcher,CML-EXTERNAL-RU,REPS-324 Shlagbaum,External Launcher,GAMEPLAY,GAMEPLAY,GAMEPLAY_POLICY,US_CML_DECOY_LAUNCHER,SOCKET_DECOY_LAUNCHER_01,2,
RU_SSBN_Borei,Russia,SSBN,Borei,9,LAUNCHER,CML-TUBE,Countermeasure Tube,CML-TUBE-RU,,Countermeasure Tube,GAMEPLAY,GAMEPLAY,GAMEPLAY_POLICY,GEN_CML_TUBE,SOCKET_DECOY_LAUNCHER_01,3,
RU_SSBN_Borei,Russia,SSBN,Borei,9,LAUNCHER,CML-ACOUSTIC-DEVICE,Acoustic Device Launcher,CML-ACOUSTIC-DEVICE-RU,,Acoustic Device Launcher,GAMEPLAY,GAMEPLAY,GAMEPLAY_POLICY,US_CML_DECOY_LAUNCHER,SOCKET_DECOY_LAUNCHER_01,4,
RU_SSBN_Borei,Russia,SSBN,Borei,9,LAUNCHER,CML-ADVANCED,Advanced Launcher,CML-ADVANCED-RU,,Advanced Launcher,GAMEPLAY,GAMEPLAY,GAMEPLAY_POLICY,US_CML_DECOY_LAUNCHER,SOCKET_DECOY_LAUNCHER_01,7,
RU_SSBN_Borei,Russia,SSBN,Borei,9,LAUNCHER,CML-INTEGRATED,Integrated Launcher,CML-INTEGRATED-RU,,Integrated Launcher,GAMEPLAY,GAMEPLAY,GAMEPLAY_POLICY,US_CML_DECOY_LAUNCHER,SOCKET_DECOY_LAUNCHER_01,8,
RU_SSBN_Borei,Russia,SSBN,Borei,9,DEFENSIVE_CONTROL,DC-CONSOLE,Defensive Control Console,DC-CONSOLE-RU,,Defensive Control Console,GAMEPLAY,GAMEPLAY,GAMEPLAY_POLICY,US_DCM_CONSOLE,,2,
RU_SSBN_Borei,Russia,SSBN,Borei,9,DEFENSIVE_CONTROL,DC-INTEGRATED-CONTROL,Integrated Defensive Control,DC-INTEGRATED-CONTROL-RU,,Integrated Defensive Control,GAMEPLAY,GAMEPLAY,GAMEPLAY_POLICY,US_DCM_CONSOLE,,6,
RU_SSBN_Borei,Russia,SSBN,Borei,9,DEFENSIVE_CONTROL,DC-AUTOMATED,Automated Defensive Control,DC-AUTOMATED-RU,,Automated Defensive Control,GAMEPLAY,GAMEPLAY,GAMEPLAY_POLICY,US_DCM_CONSOLE,,8,
RU_SSBN_Borei,Russia,SSBN,Borei,9,INTEGRATED_DEFENSE,IDS-CORE,Integrated Defensive System,IDS-CORE-RU,,Integrated Defensive System,GAMEPLAY,GAMEPLAY,GAMEPLAY_POLICY,US_DCM_CONSOLE,,6,
RU_SSBN_Borei,Russia,SSBN,Borei,9,INTEGRATED_DEFENSE,IDS-ADVANCED,Next Generation Defensive System,IDS-ADVANCED-RU,,Next Generation Defensive System,GAMEPLAY,GAMEPLAY,GAMEPLAY_POLICY,US_DCM_CONSOLE,,9,
RU_SSBN_BoreiA,Russia,SSBN,Borei-A,10,ESM,ESM-BASIC-DETECTION,Basic Signal Detection,ESM-BASIC-DETECTION-RU,,Basic Signal Detection,GAMEPLAY,GAMEPLAY,GAMEPLAY_POLICY,RU_EW_AKULA,SOCKET_EW_MAST,1,
RU_SSBN_BoreiA,Russia,SSBN,Borei-A,10,ESM,ESM-IMPROVED-DETECTION,Improved Detection,ESM-IMPROVED-DETECTION-RU,,Improved Detection,GAMEPLAY,GAMEPLAY,GAMEPLAY_POLICY,RU_EW_AKULA,SOCKET_EW_MAST,2,
RU_SSBN_BoreiA,Russia,SSBN,Borei-A,10,ESM,ESM-CLASSIFICATION,Signal Classification,ESM-CLASSIFICATION-RU,,Signal Classification,GAMEPLAY,GAMEPLAY,GAMEPLAY_POLICY,RU_EW_AKULA,SOCKET_EW_MAST,3,
RU_SSBN_BoreiA,Russia,SSBN,Borei-A,10,ESM,ESM-DIGITAL,Digital ESM,ESM-DIGITAL-RU,,Digital ESM,GAMEPLAY,GAMEPLAY,GAMEPLAY_POLICY,RU_EW_AKULA,SOCKET_EW_MAST,4,
RU_SSBN_BoreiA,Russia,SSBN,Borei-A,10,ESM,ESM-MULTIBAND,Multi-Band ESM,ESM-MULTIBAND-RU,,Multi-Band ESM,GAMEPLAY,GAMEPLAY,GAMEPLAY_POLICY,RU_EW_AKULA,SOCKET_EW_MAST,5,
RU_SSBN_BoreiA,Russia,SSBN,Borei-A,10,ESM,ESM-INTEGRATED,Integrated ESM,ESM-INTEGRATED-RU,,Integrated ESM,GAMEPLAY,GAMEPLAY,GAMEPLAY_POLICY,RU_EW_AKULA,SOCKET_EW_MAST,6,
RU_SSBN_BoreiA,Russia,SSBN,Borei-A,10,ESM,ESM-ADVANCED-THREAT-WARNING,Advanced Threat Warning,ESM-ADVANCED-THREAT-WARNING-RU,,Advanced Threat Warning,GAMEPLAY,GAMEPLAY,GAMEPLAY_POLICY,RU_EW_AKULA,SOCKET_EW_MAST,7,
RU_SSBN_BoreiA,Russia,SSBN,Borei-A,10,ESM,ESM-MULTISENSOR-FUSION,Multi-Sensor Fusion,ESM-MULTISENSOR-FUSION-RU,,Multi-Sensor Fusion,GAMEPLAY,GAMEPLAY,GAMEPLAY_POLICY,RU_EW_AKULA,SOCKET_EW_MAST,8,
RU_SSBN_BoreiA,Russia,SSBN,Borei-A,10,ESM,ESM-ADVANCED-EW,Advanced Integrated EW,ESM-ADVANCED-EW-RU,,Advanced Integrated EW,GAMEPLAY,GAMEPLAY,GAMEPLAY_POLICY,RU_EW_AKULA,SOCKET_EW_MAST,9,
RU_SSBN_BoreiA,Russia,SSBN,Borei-A,10,ESM,ESM-NEXTGEN,Next Generation Defensive Electronic System,ESM-NEXTGEN-RU,,Next Generation Defensive Electronic System,GAMEPLAY,GAMEPLAY,GAMEPLAY_POLICY,RU_EW_AKULA,SOCKET_EW_MAST,10,
RU_SSBN_BoreiA,Russia,SSBN,Borei-A,10,THREAT_WARNING,TW-RADAR-WARNING,Radar Warning,TW-RADAR-WARNING-RU,,Radar Warning,GAMEPLAY,GAMEPLAY,GAMEPLAY_POLICY,,SOCKET_EW_ANTENNA,1,
RU_SSBN_BoreiA,Russia,SSBN,Borei-A,10,THREAT_WARNING,TW-ELECTRONIC-WARNING,Electronic Threat Warning,TW-ELECTRONIC-WARNING-RU,,Electronic Threat Warning,GAMEPLAY,GAMEPLAY,GAMEPLAY_POLICY,,SOCKET_EW_ANTENNA,3,
RU_SSBN_BoreiA,Russia,SSBN,Borei-A,10,THREAT_WARNING,TW-ACTIVE-SONAR-WARNING,Active Sonar Warning,TW-ACTIVE-SONAR-WARNING-RU,,Active Sonar Warning,GAMEPLAY,GAMEPLAY,GAMEPLAY_POLICY,,SOCKET_EW_ANTENNA,4,
RU_SSBN_BoreiA,Russia,SSBN,Borei-A,10,THREAT_WARNING,TW-TORPEDO-WARNING,Torpedo Warning,TW-TORPEDO-WARNING-RU,,Torpedo Warning,GAMEPLAY,GAMEPLAY,GAMEPLAY_POLICY,GEN_TW_TORPEDO_WARNING_SENSOR,SOCKET_EW_ANTENNA,5,
RU_SSBN_BoreiA,Russia,SSBN,Borei-A,10,THREAT_WARNING,TW-ACOUSTIC-CLASSIFICATION,Acoustic Threat Classification,TW-ACOUSTIC-CLASSIFICATION-RU,,Acoustic Threat Classification,GAMEPLAY,GAMEPLAY,GAMEPLAY_POLICY,,SOCKET_EW_ANTENNA,6,
RU_SSBN_BoreiA,Russia,SSBN,Borei-A,10,ACOUSTIC_COUNTERMEASURE,ACM-NOISE-MAKER,Noise Maker,ACM-NOISE-MAKER-RU,,Noise Maker,GAMEPLAY,GAMEPLAY,GAMEPLAY_POLICY,GEN_ACM_NOISE_MAKER,SOCKET_COUNTERMEASURE_01,1,
RU_SSBN_BoreiA,Russia,SSBN,Borei-A,10,ACOUSTIC_COUNTERMEASURE,ACM-ACOUSTIC-DECOY,Acoustic Decoy,ACM-ACOUSTIC-DECOY-RU,,Acoustic Decoy,GAMEPLAY,GAMEPLAY,GAMEPLAY_POLICY,US_ACM_TORPEDO_DECOY,SOCKET_COUNTERMEASURE_01,2,
RU_SSBN_BoreiA,Russia,SSBN,Borei-A,10,ACOUSTIC_COUNTERMEASURE,ACM-TORPEDO-DECOY,Torpedo Decoy,ACM-TORPEDO-DECOY-RU,MG-74 Korund-2 / MG-104 Brosok / MG-114 Berill,Torpedo Decoy,GAMEPLAY,GAMEPLAY,GAMEPLAY_POLICY,US_ACM_TORPEDO_DECOY,SOCKET_COUNTERMEASURE_01,4,
RU_SSBN_BoreiA,Russia,SSBN,Borei-A,10,ACOUSTIC_COUNTERMEASURE,ACM-MOBILE-DECOY,Mobile Acoustic Decoy,ACM-MOBILE-DECOY-RU,MG-74 Korund-2,Mobile Acoustic Decoy,GAMEPLAY,GAMEPLAY,GAMEPLAY_POLICY,US_ACM_MOBILE_DECOY,SOCKET_COUNTERMEASURE_01,5,
RU_SSBN_BoreiA,Russia,SSBN,Borei-A,10,ACOUSTIC_COUNTERMEASURE,ACM-ADVANCED,Advanced Acoustic Countermeasure,ACM-ADVANCED-RU,,Advanced Acoustic Countermeasure,GAMEPLAY,GAMEPLAY,GAMEPLAY_POLICY,US_ACM_MOBILE_DECOY,SOCKET_COUNTERMEASURE_01,7,
RU_SSBN_BoreiA,Russia,SSBN,Borei-A,10,ACOUSTIC_COUNTERMEASURE,ACM-INTEGRATED,Integrated Acoustic Defense,ACM-INTEGRATED-RU,,Integrated Acoustic Defense,GAMEPLAY,GAMEPLAY,GAMEPLAY_POLICY,US_ACM_MOBILE_DECOY,SOCKET_COUNTERMEASURE_01,8,
RU_SSBN_BoreiA,Russia,SSBN,Borei-A,10,DECOY,DEC-PASSIVE,Passive Decoy,DEC-PASSIVE-RU,,Passive Decoy,GAMEPLAY,GAMEPLAY,GAMEPLAY_POLICY,,SOCKET_COUNTERMEASURE_02,1,
RU_SSBN_BoreiA,Russia,SSBN,Borei-A,10,DECOY,DEC-ACTIVE,Active Decoy,DEC-ACTIVE-RU,,Active Decoy,GAMEPLAY,GAMEPLAY,GAMEPLAY_POLICY,US_ACM_TORPEDO_DECOY,SOCKET_COUNTERMEASURE_02,3,
RU_SSBN_BoreiA,Russia,SSBN,Borei-A,10,DECOY,DEC-ACOUSTIC,Acoustic Decoy,DEC-ACOUSTIC-RU,,Acoustic Decoy,GAMEPLAY,GAMEPLAY,GAMEPLAY_POLICY,US_ACM_TORPEDO_DECOY,SOCKET_COUNTERMEASURE_02,2,
RU_SSBN_BoreiA,Russia,SSBN,Borei-A,10,DECOY,DEC-TORPEDO,Torpedo Decoy,DEC-TORPEDO-RU,MG-104 Brosok / MG-114 Berill,Torpedo Decoy,GAMEPLAY,GAMEPLAY,GAMEPLAY_POLICY,US_ACM_TORPEDO_DECOY,SOCKET_COUNTERMEASURE_02,4,
RU_SSBN_BoreiA,Russia,SSBN,Borei-A,10,DECOY,DEC-MOBILE,Mobile Decoy,DEC-MOBILE-RU,MG-74 Korund-2,Mobile Decoy,GAMEPLAY,GAMEPLAY,GAMEPLAY_POLICY,US_ACM_MOBILE_DECOY,SOCKET_COUNTERMEASURE_02,5,
RU_SSBN_BoreiA,Russia,SSBN,Borei-A,10,DECOY,DEC-ADVANCED,Advanced Decoy,DEC-ADVANCED-RU,,Advanced Decoy,GAMEPLAY,GAMEPLAY,GAMEPLAY_POLICY,US_ACM_MOBILE_DECOY,SOCKET_COUNTERMEASURE_02,7,
RU_SSBN_BoreiA,Russia,SSBN,Borei-A,10,NOISE_MAKER,NM-EARLY,Early Noise Maker,NM-EARLY-RU,,Early Noise Maker,GAMEPLAY,GAMEPLAY,GAMEPLAY_POLICY,GEN_ACM_NOISE_MAKER,SOCKET_COUNTERMEASURE_02,1,
RU_SSBN_BoreiA,Russia,SSBN,Borei-A,10,NOISE_MAKER,NM-IMPROVED,Improved Noise Maker,NM-IMPROVED-RU,,Improved Noise Maker,GAMEPLAY,GAMEPLAY,GAMEPLAY_POLICY,GEN_ACM_NOISE_MAKER,SOCKET_COUNTERMEASURE_02,3,
RU_SSBN_BoreiA,Russia,SSBN,Borei-A,10,NOISE_MAKER,NM-MODERN,Modern Noise Maker,NM-MODERN-RU,,Modern Noise Maker,GAMEPLAY,GAMEPLAY,GAMEPLAY_POLICY,GEN_ACM_NOISE_MAKER,SOCKET_COUNTERMEASURE_02,6,
RU_SSBN_BoreiA,Russia,SSBN,Borei-A,10,NOISE_MAKER,NM-ADVANCED,Advanced Acoustic Countermeasure,NM-ADVANCED-RU,,Advanced Acoustic Countermeasure,GAMEPLAY,GAMEPLAY,GAMEPLAY_POLICY,GEN_ACM_NOISE_MAKER,SOCKET_COUNTERMEASURE_02,8,
RU_SSBN_BoreiA,Russia,SSBN,Borei-A,10,TORPEDO_DEFENSE,TD-WARNING,Torpedo Warning,TD-WARNING-RU,,Torpedo Warning,GAMEPLAY,GAMEPLAY,GAMEPLAY_POLICY,GEN_TW_TORPEDO_WARNING_SENSOR,SOCKET_DECOY_LAUNCHER_02,4,
RU_SSBN_BoreiA,Russia,SSBN,Borei-A,10,TORPEDO_DEFENSE,TD-COUNTERMEASURE,Countermeasure,TD-COUNTERMEASURE-RU,,Countermeasure,GAMEPLAY,GAMEPLAY,GAMEPLAY_POLICY,US_ACM_TORPEDO_DECOY,SOCKET_DECOY_LAUNCHER_02,5,
RU_SSBN_BoreiA,Russia,SSBN,Borei-A,10,TORPEDO_DEFENSE,TD-ADVANCED,Advanced Countermeasure,TD-ADVANCED-RU,,Advanced Countermeasure,GAMEPLAY,GAMEPLAY,GAMEPLAY_POLICY,US_ACM_MOBILE_DECOY,SOCKET_DECOY_LAUNCHER_02,7,
RU_SSBN_BoreiA,Russia,SSBN,Borei-A,10,TORPEDO_DEFENSE,TD-INTEGRATED,Integrated Torpedo Defense,TD-INTEGRATED-RU,,Integrated Torpedo Defense,GAMEPLAY,GAMEPLAY,GAMEPLAY_POLICY,US_ACM_MOBILE_DECOY,SOCKET_DECOY_LAUNCHER_02,9,
RU_SSBN_BoreiA,Russia,SSBN,Borei-A,10,LAUNCHER,CML-EXTERNAL,External Launcher,CML-EXTERNAL-RU,REPS-324 Shlagbaum,External Launcher,GAMEPLAY,GAMEPLAY,GAMEPLAY_POLICY,US_CML_DECOY_LAUNCHER,SOCKET_DECOY_LAUNCHER_01,2,
RU_SSBN_BoreiA,Russia,SSBN,Borei-A,10,LAUNCHER,CML-TUBE,Countermeasure Tube,CML-TUBE-RU,,Countermeasure Tube,GAMEPLAY,GAMEPLAY,GAMEPLAY_POLICY,GEN_CML_TUBE,SOCKET_DECOY_LAUNCHER_01,3,
RU_SSBN_BoreiA,Russia,SSBN,Borei-A,10,LAUNCHER,CML-ACOUSTIC-DEVICE,Acoustic Device Launcher,CML-ACOUSTIC-DEVICE-RU,,Acoustic Device Launcher,GAMEPLAY,GAMEPLAY,GAMEPLAY_POLICY,US_CML_DECOY_LAUNCHER,SOCKET_DECOY_LAUNCHER_01,4,
RU_SSBN_BoreiA,Russia,SSBN,Borei-A,10,LAUNCHER,CML-ADVANCED,Advanced Launcher,CML-ADVANCED-RU,,Advanced Launcher,GAMEPLAY,GAMEPLAY,GAMEPLAY_POLICY,US_CML_DECOY_LAUNCHER,SOCKET_DECOY_LAUNCHER_01,7,
RU_SSBN_BoreiA,Russia,SSBN,Borei-A,10,LAUNCHER,CML-INTEGRATED,Integrated Launcher,CML-INTEGRATED-RU,,Integrated Launcher,GAMEPLAY,GAMEPLAY,GAMEPLAY_POLICY,US_CML_DECOY_LAUNCHER,SOCKET_DECOY_LAUNCHER_01,8,
RU_SSBN_BoreiA,Russia,SSBN,Borei-A,10,DEFENSIVE_CONTROL,DC-CONSOLE,Defensive Control Console,DC-CONSOLE-RU,,Defensive Control Console,GAMEPLAY,GAMEPLAY,GAMEPLAY_POLICY,US_DCM_CONSOLE,,2,
RU_SSBN_BoreiA,Russia,SSBN,Borei-A,10,DEFENSIVE_CONTROL,DC-INTEGRATED-CONTROL,Integrated Defensive Control,DC-INTEGRATED-CONTROL-RU,,Integrated Defensive Control,GAMEPLAY,GAMEPLAY,GAMEPLAY_POLICY,US_DCM_CONSOLE,,6,
RU_SSBN_BoreiA,Russia,SSBN,Borei-A,10,DEFENSIVE_CONTROL,DC-AUTOMATED,Automated Defensive Control,DC-AUTOMATED-RU,,Automated Defensive Control,GAMEPLAY,GAMEPLAY,GAMEPLAY_POLICY,US_DCM_CONSOLE,,8,
RU_SSBN_BoreiA,Russia,SSBN,Borei-A,10,INTEGRATED_DEFENSE,IDS-CORE,Integrated Defensive System,IDS-CORE-RU,,Integrated Defensive System,GAMEPLAY,GAMEPLAY,GAMEPLAY_POLICY,US_DCM_CONSOLE,,6,
RU_SSBN_BoreiA,Russia,SSBN,Borei-A,10,INTEGRATED_DEFENSE,IDS-ADVANCED,Next Generation Defensive System,IDS-ADVANCED-RU,,Next Generation Defensive System,GAMEPLAY,GAMEPLAY,GAMEPLAY_POLICY,US_DCM_CONSOLE,,9,
UK_SSN_Dreadnought,UK,SSN,Dreadnought,2,ESM,ESM-BASIC-DETECTION,Basic Signal Detection,ESM-BASIC-DETECTION-UK,,Basic Signal Detection,GAMEPLAY,GAMEPLAY,GAMEPLAY_POLICY,UK_EW_ASTUTE,SOCKET_EW_MAST,1,
UK_SSN_Dreadnought,UK,SSN,Dreadnought,2,ESM,ESM-IMPROVED-DETECTION,Improved Detection,ESM-IMPROVED-DETECTION-UK,,Improved Detection,GAMEPLAY,GAMEPLAY,GAMEPLAY_POLICY,UK_EW_ASTUTE,SOCKET_EW_MAST,2,
UK_SSN_Dreadnought,UK,SSN,Dreadnought,2,ESM,ESM-CLASSIFICATION,Signal Classification,ESM-CLASSIFICATION-UK,,Signal Classification,GAMEPLAY,GAMEPLAY,GAMEPLAY_POLICY,UK_EW_ASTUTE,SOCKET_EW_MAST,3,
UK_SSN_Dreadnought,UK,SSN,Dreadnought,2,ESM,ESM-DIGITAL,Digital ESM,ESM-DIGITAL-UK,,Digital ESM,UNKNOWN,UNKNOWN,UNKNOWN_INSUFFICIENT_PUBLIC_DATA,UK_EW_ASTUTE,SOCKET_EW_MAST,4,
UK_SSN_Dreadnought,UK,SSN,Dreadnought,2,ESM,ESM-MULTIBAND,Multi-Band ESM,ESM-MULTIBAND-UK,,Multi-Band ESM,UNKNOWN,UNKNOWN,UNKNOWN_INSUFFICIENT_PUBLIC_DATA,UK_EW_ASTUTE,SOCKET_EW_MAST,5,
UK_SSN_Dreadnought,UK,SSN,Dreadnought,2,ESM,ESM-INTEGRATED,Integrated ESM,ESM-INTEGRATED-UK,,Integrated ESM,INCOMPATIBLE,INCOMPATIBLE,ERA_WINDOW_POLICY,UK_EW_ASTUTE,SOCKET_EW_MAST,6,
UK_SSN_Dreadnought,UK,SSN,Dreadnought,2,ESM,ESM-ADVANCED-THREAT-WARNING,Advanced Threat Warning,ESM-ADVANCED-THREAT-WARNING-UK,,Advanced Threat Warning,INCOMPATIBLE,INCOMPATIBLE,ERA_WINDOW_POLICY,UK_EW_ASTUTE,SOCKET_EW_MAST,7,
UK_SSN_Dreadnought,UK,SSN,Dreadnought,2,ESM,ESM-MULTISENSOR-FUSION,Multi-Sensor Fusion,ESM-MULTISENSOR-FUSION-UK,,Multi-Sensor Fusion,INCOMPATIBLE,INCOMPATIBLE,ERA_WINDOW_POLICY,UK_EW_ASTUTE,SOCKET_EW_MAST,8,
UK_SSN_Dreadnought,UK,SSN,Dreadnought,2,ESM,ESM-ADVANCED-EW,Advanced Integrated EW,ESM-ADVANCED-EW-UK,,Advanced Integrated EW,INCOMPATIBLE,INCOMPATIBLE,ERA_WINDOW_POLICY,UK_EW_ASTUTE,SOCKET_EW_MAST,9,
UK_SSN_Dreadnought,UK,SSN,Dreadnought,2,ESM,ESM-NEXTGEN,Next Generation Defensive Electronic System,ESM-NEXTGEN-UK,,Next Generation Defensive Electronic System,INCOMPATIBLE,INCOMPATIBLE,ERA_WINDOW_POLICY,UK_EW_ASTUTE,SOCKET_EW_MAST,10,
UK_SSN_Dreadnought,UK,SSN,Dreadnought,2,THREAT_WARNING,TW-RADAR-WARNING,Radar Warning,TW-RADAR-WARNING-UK,,Radar Warning,GAMEPLAY,GAMEPLAY,GAMEPLAY_POLICY,,SOCKET_EW_ANTENNA,1,
UK_SSN_Dreadnought,UK,SSN,Dreadnought,2,THREAT_WARNING,TW-ELECTRONIC-WARNING,Electronic Threat Warning,TW-ELECTRONIC-WARNING-UK,,Electronic Threat Warning,GAMEPLAY,GAMEPLAY,GAMEPLAY_POLICY,,SOCKET_EW_ANTENNA,3,
UK_SSN_Dreadnought,UK,SSN,Dreadnought,2,THREAT_WARNING,TW-ACTIVE-SONAR-WARNING,Active Sonar Warning,TW-ACTIVE-SONAR-WARNING-UK,,Active Sonar Warning,UNKNOWN,UNKNOWN,UNKNOWN_INSUFFICIENT_PUBLIC_DATA,,SOCKET_EW_ANTENNA,4,
UK_SSN_Dreadnought,UK,SSN,Dreadnought,2,THREAT_WARNING,TW-TORPEDO-WARNING,Torpedo Warning,TW-TORPEDO-WARNING-UK,,Torpedo Warning,UNKNOWN,UNKNOWN,UNKNOWN_INSUFFICIENT_PUBLIC_DATA,GEN_TW_TORPEDO_WARNING_SENSOR,SOCKET_EW_ANTENNA,5,
UK_SSN_Dreadnought,UK,SSN,Dreadnought,2,THREAT_WARNING,TW-ACOUSTIC-CLASSIFICATION,Acoustic Threat Classification,TW-ACOUSTIC-CLASSIFICATION-UK,,Acoustic Threat Classification,INCOMPATIBLE,INCOMPATIBLE,ERA_WINDOW_POLICY,,SOCKET_EW_ANTENNA,6,
UK_SSN_Dreadnought,UK,SSN,Dreadnought,2,ACOUSTIC_COUNTERMEASURE,ACM-NOISE-MAKER,Noise Maker,ACM-NOISE-MAKER-UK,,Noise Maker,GAMEPLAY,GAMEPLAY,GAMEPLAY_POLICY,GEN_ACM_NOISE_MAKER,SOCKET_COUNTERMEASURE_01,1,
UK_SSN_Dreadnought,UK,SSN,Dreadnought,2,ACOUSTIC_COUNTERMEASURE,ACM-ACOUSTIC-DECOY,Acoustic Decoy,ACM-ACOUSTIC-DECOY-UK,,Acoustic Decoy,GAMEPLAY,GAMEPLAY,GAMEPLAY_POLICY,US_ACM_TORPEDO_DECOY,SOCKET_COUNTERMEASURE_01,2,
UK_SSN_Dreadnought,UK,SSN,Dreadnought,2,ACOUSTIC_COUNTERMEASURE,ACM-TORPEDO-DECOY,Torpedo Decoy,ACM-TORPEDO-DECOY-UK,,Torpedo Decoy,UNKNOWN,UNKNOWN,UNKNOWN_INSUFFICIENT_PUBLIC_DATA,US_ACM_TORPEDO_DECOY,SOCKET_COUNTERMEASURE_01,4,
UK_SSN_Dreadnought,UK,SSN,Dreadnought,2,ACOUSTIC_COUNTERMEASURE,ACM-MOBILE-DECOY,Mobile Acoustic Decoy,ACM-MOBILE-DECOY-UK,,Mobile Acoustic Decoy,UNKNOWN,UNKNOWN,UNKNOWN_INSUFFICIENT_PUBLIC_DATA,US_ACM_MOBILE_DECOY,SOCKET_COUNTERMEASURE_01,5,
UK_SSN_Dreadnought,UK,SSN,Dreadnought,2,ACOUSTIC_COUNTERMEASURE,ACM-ADVANCED,Advanced Acoustic Countermeasure,ACM-ADVANCED-UK,,Advanced Acoustic Countermeasure,INCOMPATIBLE,INCOMPATIBLE,ERA_WINDOW_POLICY,US_ACM_MOBILE_DECOY,SOCKET_COUNTERMEASURE_01,7,
UK_SSN_Dreadnought,UK,SSN,Dreadnought,2,ACOUSTIC_COUNTERMEASURE,ACM-INTEGRATED,Integrated Acoustic Defense,ACM-INTEGRATED-UK,,Integrated Acoustic Defense,INCOMPATIBLE,INCOMPATIBLE,ERA_WINDOW_POLICY,US_ACM_MOBILE_DECOY,SOCKET_COUNTERMEASURE_01,8,
UK_SSN_Dreadnought,UK,SSN,Dreadnought,2,DECOY,DEC-PASSIVE,Passive Decoy,DEC-PASSIVE-UK,,Passive Decoy,GAMEPLAY,GAMEPLAY,GAMEPLAY_POLICY,,SOCKET_COUNTERMEASURE_02,1,
UK_SSN_Dreadnought,UK,SSN,Dreadnought,2,DECOY,DEC-ACTIVE,Active Decoy,DEC-ACTIVE-UK,,Active Decoy,GAMEPLAY,GAMEPLAY,GAMEPLAY_POLICY,US_ACM_TORPEDO_DECOY,SOCKET_COUNTERMEASURE_02,3,
UK_SSN_Dreadnought,UK,SSN,Dreadnought,2,DECOY,DEC-ACOUSTIC,Acoustic Decoy,DEC-ACOUSTIC-UK,,Acoustic Decoy,GAMEPLAY,GAMEPLAY,GAMEPLAY_POLICY,US_ACM_TORPEDO_DECOY,SOCKET_COUNTERMEASURE_02,2,
UK_SSN_Dreadnought,UK,SSN,Dreadnought,2,DECOY,DEC-TORPEDO,Torpedo Decoy,DEC-TORPEDO-UK,,Torpedo Decoy,UNKNOWN,UNKNOWN,UNKNOWN_INSUFFICIENT_PUBLIC_DATA,US_ACM_TORPEDO_DECOY,SOCKET_COUNTERMEASURE_02,4,
UK_SSN_Dreadnought,UK,SSN,Dreadnought,2,DECOY,DEC-MOBILE,Mobile Decoy,DEC-MOBILE-UK,,Mobile Decoy,UNKNOWN,UNKNOWN,UNKNOWN_INSUFFICIENT_PUBLIC_DATA,US_ACM_MOBILE_DECOY,SOCKET_COUNTERMEASURE_02,5,
UK_SSN_Dreadnought,UK,SSN,Dreadnought,2,DECOY,DEC-ADVANCED,Advanced Decoy,DEC-ADVANCED-UK,,Advanced Decoy,INCOMPATIBLE,INCOMPATIBLE,ERA_WINDOW_POLICY,US_ACM_MOBILE_DECOY,SOCKET_COUNTERMEASURE_02,7,
UK_SSN_Dreadnought,UK,SSN,Dreadnought,2,NOISE_MAKER,NM-EARLY,Early Noise Maker,NM-EARLY-UK,,Early Noise Maker,GAMEPLAY,GAMEPLAY,GAMEPLAY_POLICY,GEN_ACM_NOISE_MAKER,SOCKET_COUNTERMEASURE_02,1,
UK_SSN_Dreadnought,UK,SSN,Dreadnought,2,NOISE_MAKER,NM-IMPROVED,Improved Noise Maker,NM-IMPROVED-UK,,Improved Noise Maker,GAMEPLAY,GAMEPLAY,GAMEPLAY_POLICY,GEN_ACM_NOISE_MAKER,SOCKET_COUNTERMEASURE_02,3,
UK_SSN_Dreadnought,UK,SSN,Dreadnought,2,NOISE_MAKER,NM-MODERN,Modern Noise Maker,NM-MODERN-UK,,Modern Noise Maker,INCOMPATIBLE,INCOMPATIBLE,ERA_WINDOW_POLICY,GEN_ACM_NOISE_MAKER,SOCKET_COUNTERMEASURE_02,6,
UK_SSN_Dreadnought,UK,SSN,Dreadnought,2,NOISE_MAKER,NM-ADVANCED,Advanced Acoustic Countermeasure,NM-ADVANCED-UK,,Advanced Acoustic Countermeasure,INCOMPATIBLE,INCOMPATIBLE,ERA_WINDOW_POLICY,GEN_ACM_NOISE_MAKER,SOCKET_COUNTERMEASURE_02,8,
UK_SSN_Dreadnought,UK,SSN,Dreadnought,2,TORPEDO_DEFENSE,TD-WARNING,Torpedo Warning,TD-WARNING-UK,,Torpedo Warning,UNKNOWN,UNKNOWN,UNKNOWN_INSUFFICIENT_PUBLIC_DATA,GEN_TW_TORPEDO_WARNING_SENSOR,SOCKET_DECOY_LAUNCHER_02,4,
UK_SSN_Dreadnought,UK,SSN,Dreadnought,2,TORPEDO_DEFENSE,TD-COUNTERMEASURE,Countermeasure,TD-COUNTERMEASURE-UK,,Countermeasure,UNKNOWN,UNKNOWN,UNKNOWN_INSUFFICIENT_PUBLIC_DATA,US_ACM_TORPEDO_DECOY,SOCKET_DECOY_LAUNCHER_02,5,
UK_SSN_Dreadnought,UK,SSN,Dreadnought,2,TORPEDO_DEFENSE,TD-ADVANCED,Advanced Countermeasure,TD-ADVANCED-UK,,Advanced Countermeasure,INCOMPATIBLE,INCOMPATIBLE,ERA_WINDOW_POLICY,US_ACM_MOBILE_DECOY,SOCKET_DECOY_LAUNCHER_02,7,
UK_SSN_Dreadnought,UK,SSN,Dreadnought,2,TORPEDO_DEFENSE,TD-INTEGRATED,Integrated Torpedo Defense,TD-INTEGRATED-UK,,Integrated Torpedo Defense,INCOMPATIBLE,INCOMPATIBLE,ERA_WINDOW_POLICY,US_ACM_MOBILE_DECOY,SOCKET_DECOY_LAUNCHER_02,9,
UK_SSN_Dreadnought,UK,SSN,Dreadnought,2,LAUNCHER,CML-EXTERNAL,External Launcher,CML-EXTERNAL-UK,,External Launcher,GAMEPLAY,GAMEPLAY,GAMEPLAY_POLICY,US_CML_DECOY_LAUNCHER,SOCKET_DECOY_LAUNCHER_01,2,
UK_SSN_Dreadnought,UK,SSN,Dreadnought,2,LAUNCHER,CML-TUBE,Countermeasure Tube,CML-TUBE-UK,,Countermeasure Tube,GAMEPLAY,GAMEPLAY,GAMEPLAY_POLICY,GEN_CML_TUBE,SOCKET_DECOY_LAUNCHER_01,3,
UK_SSN_Dreadnought,UK,SSN,Dreadnought,2,LAUNCHER,CML-ACOUSTIC-DEVICE,Acoustic Device Launcher,CML-ACOUSTIC-DEVICE-UK,,Acoustic Device Launcher,UNKNOWN,UNKNOWN,UNKNOWN_INSUFFICIENT_PUBLIC_DATA,US_CML_DECOY_LAUNCHER,SOCKET_DECOY_LAUNCHER_01,4,
UK_SSN_Dreadnought,UK,SSN,Dreadnought,2,LAUNCHER,CML-ADVANCED,Advanced Launcher,CML-ADVANCED-UK,,Advanced Launcher,INCOMPATIBLE,INCOMPATIBLE,ERA_WINDOW_POLICY,US_CML_DECOY_LAUNCHER,SOCKET_DECOY_LAUNCHER_01,7,
UK_SSN_Dreadnought,UK,SSN,Dreadnought,2,LAUNCHER,CML-INTEGRATED,Integrated Launcher,CML-INTEGRATED-UK,,Integrated Launcher,INCOMPATIBLE,INCOMPATIBLE,ERA_WINDOW_POLICY,US_CML_DECOY_LAUNCHER,SOCKET_DECOY_LAUNCHER_01,8,
UK_SSN_Dreadnought,UK,SSN,Dreadnought,2,DEFENSIVE_CONTROL,DC-CONSOLE,Defensive Control Console,DC-CONSOLE-UK,,Defensive Control Console,GAMEPLAY,GAMEPLAY,GAMEPLAY_POLICY,US_DCM_CONSOLE,,2,
UK_SSN_Dreadnought,UK,SSN,Dreadnought,2,DEFENSIVE_CONTROL,DC-INTEGRATED-CONTROL,Integrated Defensive Control,DC-INTEGRATED-CONTROL-UK,,Integrated Defensive Control,INCOMPATIBLE,INCOMPATIBLE,ERA_WINDOW_POLICY,US_DCM_CONSOLE,,6,
UK_SSN_Dreadnought,UK,SSN,Dreadnought,2,DEFENSIVE_CONTROL,DC-AUTOMATED,Automated Defensive Control,DC-AUTOMATED-UK,,Automated Defensive Control,INCOMPATIBLE,INCOMPATIBLE,ERA_WINDOW_POLICY,US_DCM_CONSOLE,,8,
UK_SSN_Dreadnought,UK,SSN,Dreadnought,2,INTEGRATED_DEFENSE,IDS-CORE,Integrated Defensive System,IDS-CORE-UK,,Integrated Defensive System,INCOMPATIBLE,INCOMPATIBLE,ERA_WINDOW_POLICY,US_DCM_CONSOLE,,6,
UK_SSN_Dreadnought,UK,SSN,Dreadnought,2,INTEGRATED_DEFENSE,IDS-ADVANCED,Next Generation Defensive System,IDS-ADVANCED-UK,,Next Generation Defensive System,INCOMPATIBLE,INCOMPATIBLE,ERA_WINDOW_POLICY,US_DCM_CONSOLE,,9,
UK_SSN_Valiant,UK,SSN,Valiant,3,ESM,ESM-BASIC-DETECTION,Basic Signal Detection,ESM-BASIC-DETECTION-UK,,Basic Signal Detection,GAMEPLAY,GAMEPLAY,GAMEPLAY_POLICY,UK_EW_ASTUTE,SOCKET_EW_MAST,1,
UK_SSN_Valiant,UK,SSN,Valiant,3,ESM,ESM-IMPROVED-DETECTION,Improved Detection,ESM-IMPROVED-DETECTION-UK,,Improved Detection,GAMEPLAY,GAMEPLAY,GAMEPLAY_POLICY,UK_EW_ASTUTE,SOCKET_EW_MAST,2,
UK_SSN_Valiant,UK,SSN,Valiant,3,ESM,ESM-CLASSIFICATION,Signal Classification,ESM-CLASSIFICATION-UK,,Signal Classification,GAMEPLAY,GAMEPLAY,GAMEPLAY_POLICY,UK_EW_ASTUTE,SOCKET_EW_MAST,3,
UK_SSN_Valiant,UK,SSN,Valiant,3,ESM,ESM-DIGITAL,Digital ESM,ESM-DIGITAL-UK,,Digital ESM,GAMEPLAY,GAMEPLAY,GAMEPLAY_POLICY,UK_EW_ASTUTE,SOCKET_EW_MAST,4,
UK_SSN_Valiant,UK,SSN,Valiant,3,ESM,ESM-MULTIBAND,Multi-Band ESM,ESM-MULTIBAND-UK,,Multi-Band ESM,UNKNOWN,UNKNOWN,UNKNOWN_INSUFFICIENT_PUBLIC_DATA,UK_EW_ASTUTE,SOCKET_EW_MAST,5,
UK_SSN_Valiant,UK,SSN,Valiant,3,ESM,ESM-INTEGRATED,Integrated ESM,ESM-INTEGRATED-UK,,Integrated ESM,UNKNOWN,UNKNOWN,UNKNOWN_INSUFFICIENT_PUBLIC_DATA,UK_EW_ASTUTE,SOCKET_EW_MAST,6,
UK_SSN_Valiant,UK,SSN,Valiant,3,ESM,ESM-ADVANCED-THREAT-WARNING,Advanced Threat Warning,ESM-ADVANCED-THREAT-WARNING-UK,,Advanced Threat Warning,INCOMPATIBLE,INCOMPATIBLE,ERA_WINDOW_POLICY,UK_EW_ASTUTE,SOCKET_EW_MAST,7,
UK_SSN_Valiant,UK,SSN,Valiant,3,ESM,ESM-MULTISENSOR-FUSION,Multi-Sensor Fusion,ESM-MULTISENSOR-FUSION-UK,,Multi-Sensor Fusion,INCOMPATIBLE,INCOMPATIBLE,ERA_WINDOW_POLICY,UK_EW_ASTUTE,SOCKET_EW_MAST,8,
UK_SSN_Valiant,UK,SSN,Valiant,3,ESM,ESM-ADVANCED-EW,Advanced Integrated EW,ESM-ADVANCED-EW-UK,,Advanced Integrated EW,INCOMPATIBLE,INCOMPATIBLE,ERA_WINDOW_POLICY,UK_EW_ASTUTE,SOCKET_EW_MAST,9,
UK_SSN_Valiant,UK,SSN,Valiant,3,ESM,ESM-NEXTGEN,Next Generation Defensive Electronic System,ESM-NEXTGEN-UK,,Next Generation Defensive Electronic System,INCOMPATIBLE,INCOMPATIBLE,ERA_WINDOW_POLICY,UK_EW_ASTUTE,SOCKET_EW_MAST,10,
UK_SSN_Valiant,UK,SSN,Valiant,3,THREAT_WARNING,TW-RADAR-WARNING,Radar Warning,TW-RADAR-WARNING-UK,,Radar Warning,GAMEPLAY,GAMEPLAY,GAMEPLAY_POLICY,,SOCKET_EW_ANTENNA,1,
UK_SSN_Valiant,UK,SSN,Valiant,3,THREAT_WARNING,TW-ELECTRONIC-WARNING,Electronic Threat Warning,TW-ELECTRONIC-WARNING-UK,,Electronic Threat Warning,GAMEPLAY,GAMEPLAY,GAMEPLAY_POLICY,,SOCKET_EW_ANTENNA,3,
UK_SSN_Valiant,UK,SSN,Valiant,3,THREAT_WARNING,TW-ACTIVE-SONAR-WARNING,Active Sonar Warning,TW-ACTIVE-SONAR-WARNING-UK,,Active Sonar Warning,GAMEPLAY,GAMEPLAY,GAMEPLAY_POLICY,,SOCKET_EW_ANTENNA,4,
UK_SSN_Valiant,UK,SSN,Valiant,3,THREAT_WARNING,TW-TORPEDO-WARNING,Torpedo Warning,TW-TORPEDO-WARNING-UK,,Torpedo Warning,UNKNOWN,UNKNOWN,UNKNOWN_INSUFFICIENT_PUBLIC_DATA,GEN_TW_TORPEDO_WARNING_SENSOR,SOCKET_EW_ANTENNA,5,
UK_SSN_Valiant,UK,SSN,Valiant,3,THREAT_WARNING,TW-ACOUSTIC-CLASSIFICATION,Acoustic Threat Classification,TW-ACOUSTIC-CLASSIFICATION-UK,,Acoustic Threat Classification,UNKNOWN,UNKNOWN,UNKNOWN_INSUFFICIENT_PUBLIC_DATA,,SOCKET_EW_ANTENNA,6,
UK_SSN_Valiant,UK,SSN,Valiant,3,ACOUSTIC_COUNTERMEASURE,ACM-NOISE-MAKER,Noise Maker,ACM-NOISE-MAKER-UK,,Noise Maker,GAMEPLAY,GAMEPLAY,GAMEPLAY_POLICY,GEN_ACM_NOISE_MAKER,SOCKET_COUNTERMEASURE_01,1,
UK_SSN_Valiant,UK,SSN,Valiant,3,ACOUSTIC_COUNTERMEASURE,ACM-ACOUSTIC-DECOY,Acoustic Decoy,ACM-ACOUSTIC-DECOY-UK,,Acoustic Decoy,GAMEPLAY,GAMEPLAY,GAMEPLAY_POLICY,US_ACM_TORPEDO_DECOY,SOCKET_COUNTERMEASURE_01,2,
UK_SSN_Valiant,UK,SSN,Valiant,3,ACOUSTIC_COUNTERMEASURE,ACM-TORPEDO-DECOY,Torpedo Decoy,ACM-TORPEDO-DECOY-UK,,Torpedo Decoy,GAMEPLAY,GAMEPLAY,GAMEPLAY_POLICY,US_ACM_TORPEDO_DECOY,SOCKET_COUNTERMEASURE_01,4,
UK_SSN_Valiant,UK,SSN,Valiant,3,ACOUSTIC_COUNTERMEASURE,ACM-MOBILE-DECOY,Mobile Acoustic Decoy,ACM-MOBILE-DECOY-UK,,Mobile Acoustic Decoy,UNKNOWN,UNKNOWN,UNKNOWN_INSUFFICIENT_PUBLIC_DATA,US_ACM_MOBILE_DECOY,SOCKET_COUNTERMEASURE_01,5,
UK_SSN_Valiant,UK,SSN,Valiant,3,ACOUSTIC_COUNTERMEASURE,ACM-ADVANCED,Advanced Acoustic Countermeasure,ACM-ADVANCED-UK,,Advanced Acoustic Countermeasure,INCOMPATIBLE,INCOMPATIBLE,ERA_WINDOW_POLICY,US_ACM_MOBILE_DECOY,SOCKET_COUNTERMEASURE_01,7,
UK_SSN_Valiant,UK,SSN,Valiant,3,ACOUSTIC_COUNTERMEASURE,ACM-INTEGRATED,Integrated Acoustic Defense,ACM-INTEGRATED-UK,,Integrated Acoustic Defense,INCOMPATIBLE,INCOMPATIBLE,ERA_WINDOW_POLICY,US_ACM_MOBILE_DECOY,SOCKET_COUNTERMEASURE_01,8,
UK_SSN_Valiant,UK,SSN,Valiant,3,DECOY,DEC-PASSIVE,Passive Decoy,DEC-PASSIVE-UK,,Passive Decoy,GAMEPLAY,GAMEPLAY,GAMEPLAY_POLICY,,SOCKET_COUNTERMEASURE_02,1,
UK_SSN_Valiant,UK,SSN,Valiant,3,DECOY,DEC-ACTIVE,Active Decoy,DEC-ACTIVE-UK,,Active Decoy,GAMEPLAY,GAMEPLAY,GAMEPLAY_POLICY,US_ACM_TORPEDO_DECOY,SOCKET_COUNTERMEASURE_02,3,
UK_SSN_Valiant,UK,SSN,Valiant,3,DECOY,DEC-ACOUSTIC,Acoustic Decoy,DEC-ACOUSTIC-UK,,Acoustic Decoy,GAMEPLAY,GAMEPLAY,GAMEPLAY_POLICY,US_ACM_TORPEDO_DECOY,SOCKET_COUNTERMEASURE_02,2,
UK_SSN_Valiant,UK,SSN,Valiant,3,DECOY,DEC-TORPEDO,Torpedo Decoy,DEC-TORPEDO-UK,,Torpedo Decoy,GAMEPLAY,GAMEPLAY,GAMEPLAY_POLICY,US_ACM_TORPEDO_DECOY,SOCKET_COUNTERMEASURE_02,4,
UK_SSN_Valiant,UK,SSN,Valiant,3,DECOY,DEC-MOBILE,Mobile Decoy,DEC-MOBILE-UK,,Mobile Decoy,UNKNOWN,UNKNOWN,UNKNOWN_INSUFFICIENT_PUBLIC_DATA,US_ACM_MOBILE_DECOY,SOCKET_COUNTERMEASURE_02,5,
UK_SSN_Valiant,UK,SSN,Valiant,3,DECOY,DEC-ADVANCED,Advanced Decoy,DEC-ADVANCED-UK,,Advanced Decoy,INCOMPATIBLE,INCOMPATIBLE,ERA_WINDOW_POLICY,US_ACM_MOBILE_DECOY,SOCKET_COUNTERMEASURE_02,7,
UK_SSN_Valiant,UK,SSN,Valiant,3,NOISE_MAKER,NM-EARLY,Early Noise Maker,NM-EARLY-UK,,Early Noise Maker,GAMEPLAY,GAMEPLAY,GAMEPLAY_POLICY,GEN_ACM_NOISE_MAKER,SOCKET_COUNTERMEASURE_02,1,
UK_SSN_Valiant,UK,SSN,Valiant,3,NOISE_MAKER,NM-IMPROVED,Improved Noise Maker,NM-IMPROVED-UK,,Improved Noise Maker,GAMEPLAY,GAMEPLAY,GAMEPLAY_POLICY,GEN_ACM_NOISE_MAKER,SOCKET_COUNTERMEASURE_02,3,
UK_SSN_Valiant,UK,SSN,Valiant,3,NOISE_MAKER,NM-MODERN,Modern Noise Maker,NM-MODERN-UK,,Modern Noise Maker,UNKNOWN,UNKNOWN,UNKNOWN_INSUFFICIENT_PUBLIC_DATA,GEN_ACM_NOISE_MAKER,SOCKET_COUNTERMEASURE_02,6,
UK_SSN_Valiant,UK,SSN,Valiant,3,NOISE_MAKER,NM-ADVANCED,Advanced Acoustic Countermeasure,NM-ADVANCED-UK,,Advanced Acoustic Countermeasure,INCOMPATIBLE,INCOMPATIBLE,ERA_WINDOW_POLICY,GEN_ACM_NOISE_MAKER,SOCKET_COUNTERMEASURE_02,8,
UK_SSN_Valiant,UK,SSN,Valiant,3,TORPEDO_DEFENSE,TD-WARNING,Torpedo Warning,TD-WARNING-UK,,Torpedo Warning,GAMEPLAY,GAMEPLAY,GAMEPLAY_POLICY,GEN_TW_TORPEDO_WARNING_SENSOR,SOCKET_DECOY_LAUNCHER_02,4,
UK_SSN_Valiant,UK,SSN,Valiant,3,TORPEDO_DEFENSE,TD-COUNTERMEASURE,Countermeasure,TD-COUNTERMEASURE-UK,,Countermeasure,UNKNOWN,UNKNOWN,UNKNOWN_INSUFFICIENT_PUBLIC_DATA,US_ACM_TORPEDO_DECOY,SOCKET_DECOY_LAUNCHER_02,5,
UK_SSN_Valiant,UK,SSN,Valiant,3,TORPEDO_DEFENSE,TD-ADVANCED,Advanced Countermeasure,TD-ADVANCED-UK,,Advanced Countermeasure,INCOMPATIBLE,INCOMPATIBLE,ERA_WINDOW_POLICY,US_ACM_MOBILE_DECOY,SOCKET_DECOY_LAUNCHER_02,7,
UK_SSN_Valiant,UK,SSN,Valiant,3,TORPEDO_DEFENSE,TD-INTEGRATED,Integrated Torpedo Defense,TD-INTEGRATED-UK,,Integrated Torpedo Defense,INCOMPATIBLE,INCOMPATIBLE,ERA_WINDOW_POLICY,US_ACM_MOBILE_DECOY,SOCKET_DECOY_LAUNCHER_02,9,
UK_SSN_Valiant,UK,SSN,Valiant,3,LAUNCHER,CML-EXTERNAL,External Launcher,CML-EXTERNAL-UK,,External Launcher,GAMEPLAY,GAMEPLAY,GAMEPLAY_POLICY,US_CML_DECOY_LAUNCHER,SOCKET_DECOY_LAUNCHER_01,2,
UK_SSN_Valiant,UK,SSN,Valiant,3,LAUNCHER,CML-TUBE,Countermeasure Tube,CML-TUBE-UK,,Countermeasure Tube,GAMEPLAY,GAMEPLAY,GAMEPLAY_POLICY,GEN_CML_TUBE,SOCKET_DECOY_LAUNCHER_01,3,
UK_SSN_Valiant,UK,SSN,Valiant,3,LAUNCHER,CML-ACOUSTIC-DEVICE,Acoustic Device Launcher,CML-ACOUSTIC-DEVICE-UK,,Acoustic Device Launcher,GAMEPLAY,GAMEPLAY,GAMEPLAY_POLICY,US_CML_DECOY_LAUNCHER,SOCKET_DECOY_LAUNCHER_01,4,
UK_SSN_Valiant,UK,SSN,Valiant,3,LAUNCHER,CML-ADVANCED,Advanced Launcher,CML-ADVANCED-UK,,Advanced Launcher,INCOMPATIBLE,INCOMPATIBLE,ERA_WINDOW_POLICY,US_CML_DECOY_LAUNCHER,SOCKET_DECOY_LAUNCHER_01,7,
UK_SSN_Valiant,UK,SSN,Valiant,3,LAUNCHER,CML-INTEGRATED,Integrated Launcher,CML-INTEGRATED-UK,,Integrated Launcher,INCOMPATIBLE,INCOMPATIBLE,ERA_WINDOW_POLICY,US_CML_DECOY_LAUNCHER,SOCKET_DECOY_LAUNCHER_01,8,
UK_SSN_Valiant,UK,SSN,Valiant,3,DEFENSIVE_CONTROL,DC-CONSOLE,Defensive Control Console,DC-CONSOLE-UK,,Defensive Control Console,GAMEPLAY,GAMEPLAY,GAMEPLAY_POLICY,US_DCM_CONSOLE,,2,
UK_SSN_Valiant,UK,SSN,Valiant,3,DEFENSIVE_CONTROL,DC-INTEGRATED-CONTROL,Integrated Defensive Control,DC-INTEGRATED-CONTROL-UK,,Integrated Defensive Control,UNKNOWN,UNKNOWN,UNKNOWN_INSUFFICIENT_PUBLIC_DATA,US_DCM_CONSOLE,,6,
UK_SSN_Valiant,UK,SSN,Valiant,3,DEFENSIVE_CONTROL,DC-AUTOMATED,Automated Defensive Control,DC-AUTOMATED-UK,,Automated Defensive Control,INCOMPATIBLE,INCOMPATIBLE,ERA_WINDOW_POLICY,US_DCM_CONSOLE,,8,
UK_SSN_Valiant,UK,SSN,Valiant,3,INTEGRATED_DEFENSE,IDS-CORE,Integrated Defensive System,IDS-CORE-UK,,Integrated Defensive System,UNKNOWN,UNKNOWN,UNKNOWN_INSUFFICIENT_PUBLIC_DATA,US_DCM_CONSOLE,,6,
UK_SSN_Valiant,UK,SSN,Valiant,3,INTEGRATED_DEFENSE,IDS-ADVANCED,Next Generation Defensive System,IDS-ADVANCED-UK,,Next Generation Defensive System,INCOMPATIBLE,INCOMPATIBLE,ERA_WINDOW_POLICY,US_DCM_CONSOLE,,9,
UK_SSN_Swiftsure,UK,SSN,Swiftsure,5,ESM,ESM-BASIC-DETECTION,Basic Signal Detection,ESM-BASIC-DETECTION-UK,,Basic Signal Detection,GAMEPLAY,GAMEPLAY,GAMEPLAY_POLICY,UK_EW_ASTUTE,SOCKET_EW_MAST,1,
UK_SSN_Swiftsure,UK,SSN,Swiftsure,5,ESM,ESM-IMPROVED-DETECTION,Improved Detection,ESM-IMPROVED-DETECTION-UK,,Improved Detection,GAMEPLAY,GAMEPLAY,GAMEPLAY_POLICY,UK_EW_ASTUTE,SOCKET_EW_MAST,2,
UK_SSN_Swiftsure,UK,SSN,Swiftsure,5,ESM,ESM-CLASSIFICATION,Signal Classification,ESM-CLASSIFICATION-UK,,Signal Classification,GAMEPLAY,GAMEPLAY,GAMEPLAY_POLICY,UK_EW_ASTUTE,SOCKET_EW_MAST,3,
UK_SSN_Swiftsure,UK,SSN,Swiftsure,5,ESM,ESM-DIGITAL,Digital ESM,ESM-DIGITAL-UK,,Digital ESM,GAMEPLAY,GAMEPLAY,GAMEPLAY_POLICY,UK_EW_ASTUTE,SOCKET_EW_MAST,4,
UK_SSN_Swiftsure,UK,SSN,Swiftsure,5,ESM,ESM-MULTIBAND,Multi-Band ESM,ESM-MULTIBAND-UK,,Multi-Band ESM,GAMEPLAY,GAMEPLAY,GAMEPLAY_POLICY,UK_EW_ASTUTE,SOCKET_EW_MAST,5,
UK_SSN_Swiftsure,UK,SSN,Swiftsure,5,ESM,ESM-INTEGRATED,Integrated ESM,ESM-INTEGRATED-UK,,Integrated ESM,GAMEPLAY,GAMEPLAY,GAMEPLAY_POLICY,UK_EW_ASTUTE,SOCKET_EW_MAST,6,
UK_SSN_Swiftsure,UK,SSN,Swiftsure,5,ESM,ESM-ADVANCED-THREAT-WARNING,Advanced Threat Warning,ESM-ADVANCED-THREAT-WARNING-UK,,Advanced Threat Warning,UNKNOWN,UNKNOWN,UNKNOWN_INSUFFICIENT_PUBLIC_DATA,UK_EW_ASTUTE,SOCKET_EW_MAST,7,
UK_SSN_Swiftsure,UK,SSN,Swiftsure,5,ESM,ESM-MULTISENSOR-FUSION,Multi-Sensor Fusion,ESM-MULTISENSOR-FUSION-UK,,Multi-Sensor Fusion,UNKNOWN,UNKNOWN,UNKNOWN_INSUFFICIENT_PUBLIC_DATA,UK_EW_ASTUTE,SOCKET_EW_MAST,8,
UK_SSN_Swiftsure,UK,SSN,Swiftsure,5,ESM,ESM-ADVANCED-EW,Advanced Integrated EW,ESM-ADVANCED-EW-UK,,Advanced Integrated EW,INCOMPATIBLE,INCOMPATIBLE,ERA_WINDOW_POLICY,UK_EW_ASTUTE,SOCKET_EW_MAST,9,
UK_SSN_Swiftsure,UK,SSN,Swiftsure,5,ESM,ESM-NEXTGEN,Next Generation Defensive Electronic System,ESM-NEXTGEN-UK,,Next Generation Defensive Electronic System,INCOMPATIBLE,INCOMPATIBLE,ERA_WINDOW_POLICY,UK_EW_ASTUTE,SOCKET_EW_MAST,10,
UK_SSN_Swiftsure,UK,SSN,Swiftsure,5,THREAT_WARNING,TW-RADAR-WARNING,Radar Warning,TW-RADAR-WARNING-UK,,Radar Warning,GAMEPLAY,GAMEPLAY,GAMEPLAY_POLICY,,SOCKET_EW_ANTENNA,1,
UK_SSN_Swiftsure,UK,SSN,Swiftsure,5,THREAT_WARNING,TW-ELECTRONIC-WARNING,Electronic Threat Warning,TW-ELECTRONIC-WARNING-UK,,Electronic Threat Warning,GAMEPLAY,GAMEPLAY,GAMEPLAY_POLICY,,SOCKET_EW_ANTENNA,3,
UK_SSN_Swiftsure,UK,SSN,Swiftsure,5,THREAT_WARNING,TW-ACTIVE-SONAR-WARNING,Active Sonar Warning,TW-ACTIVE-SONAR-WARNING-UK,,Active Sonar Warning,GAMEPLAY,GAMEPLAY,GAMEPLAY_POLICY,,SOCKET_EW_ANTENNA,4,
UK_SSN_Swiftsure,UK,SSN,Swiftsure,5,THREAT_WARNING,TW-TORPEDO-WARNING,Torpedo Warning,TW-TORPEDO-WARNING-UK,,Torpedo Warning,GAMEPLAY,GAMEPLAY,GAMEPLAY_POLICY,GEN_TW_TORPEDO_WARNING_SENSOR,SOCKET_EW_ANTENNA,5,
UK_SSN_Swiftsure,UK,SSN,Swiftsure,5,THREAT_WARNING,TW-ACOUSTIC-CLASSIFICATION,Acoustic Threat Classification,TW-ACOUSTIC-CLASSIFICATION-UK,,Acoustic Threat Classification,GAMEPLAY,GAMEPLAY,GAMEPLAY_POLICY,,SOCKET_EW_ANTENNA,6,
UK_SSN_Swiftsure,UK,SSN,Swiftsure,5,ACOUSTIC_COUNTERMEASURE,ACM-NOISE-MAKER,Noise Maker,ACM-NOISE-MAKER-UK,,Noise Maker,GAMEPLAY,GAMEPLAY,GAMEPLAY_POLICY,GEN_ACM_NOISE_MAKER,SOCKET_COUNTERMEASURE_01,1,
UK_SSN_Swiftsure,UK,SSN,Swiftsure,5,ACOUSTIC_COUNTERMEASURE,ACM-ACOUSTIC-DECOY,Acoustic Decoy,ACM-ACOUSTIC-DECOY-UK,,Acoustic Decoy,GAMEPLAY,GAMEPLAY,GAMEPLAY_POLICY,US_ACM_TORPEDO_DECOY,SOCKET_COUNTERMEASURE_01,2,
UK_SSN_Swiftsure,UK,SSN,Swiftsure,5,ACOUSTIC_COUNTERMEASURE,ACM-TORPEDO-DECOY,Torpedo Decoy,ACM-TORPEDO-DECOY-UK,,Torpedo Decoy,GAMEPLAY,GAMEPLAY,GAMEPLAY_POLICY,US_ACM_TORPEDO_DECOY,SOCKET_COUNTERMEASURE_01,4,
UK_SSN_Swiftsure,UK,SSN,Swiftsure,5,ACOUSTIC_COUNTERMEASURE,ACM-MOBILE-DECOY,Mobile Acoustic Decoy,ACM-MOBILE-DECOY-UK,,Mobile Acoustic Decoy,GAMEPLAY,GAMEPLAY,GAMEPLAY_POLICY,US_ACM_MOBILE_DECOY,SOCKET_COUNTERMEASURE_01,5,
UK_SSN_Swiftsure,UK,SSN,Swiftsure,5,ACOUSTIC_COUNTERMEASURE,ACM-ADVANCED,Advanced Acoustic Countermeasure,ACM-ADVANCED-UK,,Advanced Acoustic Countermeasure,UNKNOWN,UNKNOWN,UNKNOWN_INSUFFICIENT_PUBLIC_DATA,US_ACM_MOBILE_DECOY,SOCKET_COUNTERMEASURE_01,7,
UK_SSN_Swiftsure,UK,SSN,Swiftsure,5,ACOUSTIC_COUNTERMEASURE,ACM-INTEGRATED,Integrated Acoustic Defense,ACM-INTEGRATED-UK,,Integrated Acoustic Defense,UNKNOWN,UNKNOWN,UNKNOWN_INSUFFICIENT_PUBLIC_DATA,US_ACM_MOBILE_DECOY,SOCKET_COUNTERMEASURE_01,8,
UK_SSN_Swiftsure,UK,SSN,Swiftsure,5,DECOY,DEC-PASSIVE,Passive Decoy,DEC-PASSIVE-UK,,Passive Decoy,GAMEPLAY,GAMEPLAY,GAMEPLAY_POLICY,,SOCKET_COUNTERMEASURE_02,1,
UK_SSN_Swiftsure,UK,SSN,Swiftsure,5,DECOY,DEC-ACTIVE,Active Decoy,DEC-ACTIVE-UK,,Active Decoy,GAMEPLAY,GAMEPLAY,GAMEPLAY_POLICY,US_ACM_TORPEDO_DECOY,SOCKET_COUNTERMEASURE_02,3,
UK_SSN_Swiftsure,UK,SSN,Swiftsure,5,DECOY,DEC-ACOUSTIC,Acoustic Decoy,DEC-ACOUSTIC-UK,,Acoustic Decoy,GAMEPLAY,GAMEPLAY,GAMEPLAY_POLICY,US_ACM_TORPEDO_DECOY,SOCKET_COUNTERMEASURE_02,2,
UK_SSN_Swiftsure,UK,SSN,Swiftsure,5,DECOY,DEC-TORPEDO,Torpedo Decoy,DEC-TORPEDO-UK,,Torpedo Decoy,GAMEPLAY,GAMEPLAY,GAMEPLAY_POLICY,US_ACM_TORPEDO_DECOY,SOCKET_COUNTERMEASURE_02,4,
UK_SSN_Swiftsure,UK,SSN,Swiftsure,5,DECOY,DEC-MOBILE,Mobile Decoy,DEC-MOBILE-UK,,Mobile Decoy,GAMEPLAY,GAMEPLAY,GAMEPLAY_POLICY,US_ACM_MOBILE_DECOY,SOCKET_COUNTERMEASURE_02,5,
UK_SSN_Swiftsure,UK,SSN,Swiftsure,5,DECOY,DEC-ADVANCED,Advanced Decoy,DEC-ADVANCED-UK,,Advanced Decoy,UNKNOWN,UNKNOWN,UNKNOWN_INSUFFICIENT_PUBLIC_DATA,US_ACM_MOBILE_DECOY,SOCKET_COUNTERMEASURE_02,7,
UK_SSN_Swiftsure,UK,SSN,Swiftsure,5,NOISE_MAKER,NM-EARLY,Early Noise Maker,NM-EARLY-UK,,Early Noise Maker,GAMEPLAY,GAMEPLAY,GAMEPLAY_POLICY,GEN_ACM_NOISE_MAKER,SOCKET_COUNTERMEASURE_02,1,
UK_SSN_Swiftsure,UK,SSN,Swiftsure,5,NOISE_MAKER,NM-IMPROVED,Improved Noise Maker,NM-IMPROVED-UK,,Improved Noise Maker,GAMEPLAY,GAMEPLAY,GAMEPLAY_POLICY,GEN_ACM_NOISE_MAKER,SOCKET_COUNTERMEASURE_02,3,
UK_SSN_Swiftsure,UK,SSN,Swiftsure,5,NOISE_MAKER,NM-MODERN,Modern Noise Maker,NM-MODERN-UK,,Modern Noise Maker,GAMEPLAY,GAMEPLAY,GAMEPLAY_POLICY,GEN_ACM_NOISE_MAKER,SOCKET_COUNTERMEASURE_02,6,
UK_SSN_Swiftsure,UK,SSN,Swiftsure,5,NOISE_MAKER,NM-ADVANCED,Advanced Acoustic Countermeasure,NM-ADVANCED-UK,,Advanced Acoustic Countermeasure,UNKNOWN,UNKNOWN,UNKNOWN_INSUFFICIENT_PUBLIC_DATA,GEN_ACM_NOISE_MAKER,SOCKET_COUNTERMEASURE_02,8,
UK_SSN_Swiftsure,UK,SSN,Swiftsure,5,TORPEDO_DEFENSE,TD-WARNING,Torpedo Warning,TD-WARNING-UK,,Torpedo Warning,GAMEPLAY,GAMEPLAY,GAMEPLAY_POLICY,GEN_TW_TORPEDO_WARNING_SENSOR,SOCKET_DECOY_LAUNCHER_02,4,
UK_SSN_Swiftsure,UK,SSN,Swiftsure,5,TORPEDO_DEFENSE,TD-COUNTERMEASURE,Countermeasure,TD-COUNTERMEASURE-UK,,Countermeasure,GAMEPLAY,GAMEPLAY,GAMEPLAY_POLICY,US_ACM_TORPEDO_DECOY,SOCKET_DECOY_LAUNCHER_02,5,
UK_SSN_Swiftsure,UK,SSN,Swiftsure,5,TORPEDO_DEFENSE,TD-ADVANCED,Advanced Countermeasure,TD-ADVANCED-UK,,Advanced Countermeasure,UNKNOWN,UNKNOWN,UNKNOWN_INSUFFICIENT_PUBLIC_DATA,US_ACM_MOBILE_DECOY,SOCKET_DECOY_LAUNCHER_02,7,
UK_SSN_Swiftsure,UK,SSN,Swiftsure,5,TORPEDO_DEFENSE,TD-INTEGRATED,Integrated Torpedo Defense,TD-INTEGRATED-UK,,Integrated Torpedo Defense,INCOMPATIBLE,INCOMPATIBLE,ERA_WINDOW_POLICY,US_ACM_MOBILE_DECOY,SOCKET_DECOY_LAUNCHER_02,9,
UK_SSN_Swiftsure,UK,SSN,Swiftsure,5,LAUNCHER,CML-EXTERNAL,External Launcher,CML-EXTERNAL-UK,,External Launcher,GAMEPLAY,GAMEPLAY,GAMEPLAY_POLICY,US_CML_DECOY_LAUNCHER,SOCKET_DECOY_LAUNCHER_01,2,
UK_SSN_Swiftsure,UK,SSN,Swiftsure,5,LAUNCHER,CML-TUBE,Countermeasure Tube,CML-TUBE-UK,,Countermeasure Tube,GAMEPLAY,GAMEPLAY,GAMEPLAY_POLICY,GEN_CML_TUBE,SOCKET_DECOY_LAUNCHER_01,3,
UK_SSN_Swiftsure,UK,SSN,Swiftsure,5,LAUNCHER,CML-ACOUSTIC-DEVICE,Acoustic Device Launcher,CML-ACOUSTIC-DEVICE-UK,,Acoustic Device Launcher,GAMEPLAY,GAMEPLAY,GAMEPLAY_POLICY,US_CML_DECOY_LAUNCHER,SOCKET_DECOY_LAUNCHER_01,4,
UK_SSN_Swiftsure,UK,SSN,Swiftsure,5,LAUNCHER,CML-ADVANCED,Advanced Launcher,CML-ADVANCED-UK,,Advanced Launcher,UNKNOWN,UNKNOWN,UNKNOWN_INSUFFICIENT_PUBLIC_DATA,US_CML_DECOY_LAUNCHER,SOCKET_DECOY_LAUNCHER_01,7,
UK_SSN_Swiftsure,UK,SSN,Swiftsure,5,LAUNCHER,CML-INTEGRATED,Integrated Launcher,CML-INTEGRATED-UK,,Integrated Launcher,UNKNOWN,UNKNOWN,UNKNOWN_INSUFFICIENT_PUBLIC_DATA,US_CML_DECOY_LAUNCHER,SOCKET_DECOY_LAUNCHER_01,8,
UK_SSN_Swiftsure,UK,SSN,Swiftsure,5,DEFENSIVE_CONTROL,DC-CONSOLE,Defensive Control Console,DC-CONSOLE-UK,,Defensive Control Console,GAMEPLAY,GAMEPLAY,GAMEPLAY_POLICY,US_DCM_CONSOLE,,2,
UK_SSN_Swiftsure,UK,SSN,Swiftsure,5,DEFENSIVE_CONTROL,DC-INTEGRATED-CONTROL,Integrated Defensive Control,DC-INTEGRATED-CONTROL-UK,,Integrated Defensive Control,GAMEPLAY,GAMEPLAY,GAMEPLAY_POLICY,US_DCM_CONSOLE,,6,
UK_SSN_Swiftsure,UK,SSN,Swiftsure,5,DEFENSIVE_CONTROL,DC-AUTOMATED,Automated Defensive Control,DC-AUTOMATED-UK,,Automated Defensive Control,UNKNOWN,UNKNOWN,UNKNOWN_INSUFFICIENT_PUBLIC_DATA,US_DCM_CONSOLE,,8,
UK_SSN_Swiftsure,UK,SSN,Swiftsure,5,INTEGRATED_DEFENSE,IDS-CORE,Integrated Defensive System,IDS-CORE-UK,,Integrated Defensive System,GAMEPLAY,GAMEPLAY,GAMEPLAY_POLICY,US_DCM_CONSOLE,,6,
UK_SSN_Swiftsure,UK,SSN,Swiftsure,5,INTEGRATED_DEFENSE,IDS-ADVANCED,Next Generation Defensive System,IDS-ADVANCED-UK,,Next Generation Defensive System,INCOMPATIBLE,INCOMPATIBLE,ERA_WINDOW_POLICY,US_DCM_CONSOLE,,9,
UK_SSN_Trafalgar,UK,SSN,Trafalgar,6,ESM,ESM-BASIC-DETECTION,Basic Signal Detection,ESM-BASIC-DETECTION-UK,,Basic Signal Detection,GAMEPLAY,GAMEPLAY,GAMEPLAY_POLICY,UK_EW_ASTUTE,SOCKET_EW_MAST,1,
UK_SSN_Trafalgar,UK,SSN,Trafalgar,6,ESM,ESM-IMPROVED-DETECTION,Improved Detection,ESM-IMPROVED-DETECTION-UK,,Improved Detection,GAMEPLAY,GAMEPLAY,GAMEPLAY_POLICY,UK_EW_ASTUTE,SOCKET_EW_MAST,2,
UK_SSN_Trafalgar,UK,SSN,Trafalgar,6,ESM,ESM-CLASSIFICATION,Signal Classification,ESM-CLASSIFICATION-UK,,Signal Classification,GAMEPLAY,GAMEPLAY,GAMEPLAY_POLICY,UK_EW_ASTUTE,SOCKET_EW_MAST,3,
UK_SSN_Trafalgar,UK,SSN,Trafalgar,6,ESM,ESM-DIGITAL,Digital ESM,ESM-DIGITAL-UK,,Digital ESM,GAMEPLAY,GAMEPLAY,GAMEPLAY_POLICY,UK_EW_ASTUTE,SOCKET_EW_MAST,4,
UK_SSN_Trafalgar,UK,SSN,Trafalgar,6,ESM,ESM-MULTIBAND,Multi-Band ESM,ESM-MULTIBAND-UK,,Multi-Band ESM,GAMEPLAY,GAMEPLAY,GAMEPLAY_POLICY,UK_EW_ASTUTE,SOCKET_EW_MAST,5,
UK_SSN_Trafalgar,UK,SSN,Trafalgar,6,ESM,ESM-INTEGRATED,Integrated ESM,ESM-INTEGRATED-UK,,Integrated ESM,GAMEPLAY,GAMEPLAY,GAMEPLAY_POLICY,UK_EW_ASTUTE,SOCKET_EW_MAST,6,
UK_SSN_Trafalgar,UK,SSN,Trafalgar,6,ESM,ESM-ADVANCED-THREAT-WARNING,Advanced Threat Warning,ESM-ADVANCED-THREAT-WARNING-UK,,Advanced Threat Warning,GAMEPLAY,GAMEPLAY,GAMEPLAY_POLICY,UK_EW_ASTUTE,SOCKET_EW_MAST,7,
UK_SSN_Trafalgar,UK,SSN,Trafalgar,6,ESM,ESM-MULTISENSOR-FUSION,Multi-Sensor Fusion,ESM-MULTISENSOR-FUSION-UK,,Multi-Sensor Fusion,UNKNOWN,UNKNOWN,UNKNOWN_INSUFFICIENT_PUBLIC_DATA,UK_EW_ASTUTE,SOCKET_EW_MAST,8,
UK_SSN_Trafalgar,UK,SSN,Trafalgar,6,ESM,ESM-ADVANCED-EW,Advanced Integrated EW,ESM-ADVANCED-EW-UK,,Advanced Integrated EW,UNKNOWN,UNKNOWN,UNKNOWN_INSUFFICIENT_PUBLIC_DATA,UK_EW_ASTUTE,SOCKET_EW_MAST,9,
UK_SSN_Trafalgar,UK,SSN,Trafalgar,6,ESM,ESM-NEXTGEN,Next Generation Defensive Electronic System,ESM-NEXTGEN-UK,,Next Generation Defensive Electronic System,INCOMPATIBLE,INCOMPATIBLE,ERA_WINDOW_POLICY,UK_EW_ASTUTE,SOCKET_EW_MAST,10,
UK_SSN_Trafalgar,UK,SSN,Trafalgar,6,THREAT_WARNING,TW-RADAR-WARNING,Radar Warning,TW-RADAR-WARNING-UK,,Radar Warning,GAMEPLAY,GAMEPLAY,GAMEPLAY_POLICY,,SOCKET_EW_ANTENNA,1,
UK_SSN_Trafalgar,UK,SSN,Trafalgar,6,THREAT_WARNING,TW-ELECTRONIC-WARNING,Electronic Threat Warning,TW-ELECTRONIC-WARNING-UK,,Electronic Threat Warning,GAMEPLAY,GAMEPLAY,GAMEPLAY_POLICY,,SOCKET_EW_ANTENNA,3,
UK_SSN_Trafalgar,UK,SSN,Trafalgar,6,THREAT_WARNING,TW-ACTIVE-SONAR-WARNING,Active Sonar Warning,TW-ACTIVE-SONAR-WARNING-UK,,Active Sonar Warning,GAMEPLAY,GAMEPLAY,GAMEPLAY_POLICY,,SOCKET_EW_ANTENNA,4,
UK_SSN_Trafalgar,UK,SSN,Trafalgar,6,THREAT_WARNING,TW-TORPEDO-WARNING,Torpedo Warning,TW-TORPEDO-WARNING-UK,,Torpedo Warning,GAMEPLAY,GAMEPLAY,GAMEPLAY_POLICY,GEN_TW_TORPEDO_WARNING_SENSOR,SOCKET_EW_ANTENNA,5,
UK_SSN_Trafalgar,UK,SSN,Trafalgar,6,THREAT_WARNING,TW-ACOUSTIC-CLASSIFICATION,Acoustic Threat Classification,TW-ACOUSTIC-CLASSIFICATION-UK,,Acoustic Threat Classification,GAMEPLAY,GAMEPLAY,GAMEPLAY_POLICY,,SOCKET_EW_ANTENNA,6,
UK_SSN_Trafalgar,UK,SSN,Trafalgar,6,ACOUSTIC_COUNTERMEASURE,ACM-NOISE-MAKER,Noise Maker,ACM-NOISE-MAKER-UK,,Noise Maker,GAMEPLAY,GAMEPLAY,GAMEPLAY_POLICY,GEN_ACM_NOISE_MAKER,SOCKET_COUNTERMEASURE_01,1,
UK_SSN_Trafalgar,UK,SSN,Trafalgar,6,ACOUSTIC_COUNTERMEASURE,ACM-ACOUSTIC-DECOY,Acoustic Decoy,ACM-ACOUSTIC-DECOY-UK,,Acoustic Decoy,GAMEPLAY,GAMEPLAY,GAMEPLAY_POLICY,US_ACM_TORPEDO_DECOY,SOCKET_COUNTERMEASURE_01,2,
UK_SSN_Trafalgar,UK,SSN,Trafalgar,6,ACOUSTIC_COUNTERMEASURE,ACM-TORPEDO-DECOY,Torpedo Decoy,ACM-TORPEDO-DECOY-UK,,Torpedo Decoy,GAMEPLAY,GAMEPLAY,GAMEPLAY_POLICY,US_ACM_TORPEDO_DECOY,SOCKET_COUNTERMEASURE_01,4,
UK_SSN_Trafalgar,UK,SSN,Trafalgar,6,ACOUSTIC_COUNTERMEASURE,ACM-MOBILE-DECOY,Mobile Acoustic Decoy,ACM-MOBILE-DECOY-UK,,Mobile Acoustic Decoy,GAMEPLAY,GAMEPLAY,GAMEPLAY_POLICY,US_ACM_MOBILE_DECOY,SOCKET_COUNTERMEASURE_01,5,
UK_SSN_Trafalgar,UK,SSN,Trafalgar,6,ACOUSTIC_COUNTERMEASURE,ACM-ADVANCED,Advanced Acoustic Countermeasure,ACM-ADVANCED-UK,,Advanced Acoustic Countermeasure,GAMEPLAY,GAMEPLAY,GAMEPLAY_POLICY,US_ACM_MOBILE_DECOY,SOCKET_COUNTERMEASURE_01,7,
UK_SSN_Trafalgar,UK,SSN,Trafalgar,6,ACOUSTIC_COUNTERMEASURE,ACM-INTEGRATED,Integrated Acoustic Defense,ACM-INTEGRATED-UK,,Integrated Acoustic Defense,UNKNOWN,UNKNOWN,UNKNOWN_INSUFFICIENT_PUBLIC_DATA,US_ACM_MOBILE_DECOY,SOCKET_COUNTERMEASURE_01,8,
UK_SSN_Trafalgar,UK,SSN,Trafalgar,6,DECOY,DEC-PASSIVE,Passive Decoy,DEC-PASSIVE-UK,,Passive Decoy,GAMEPLAY,GAMEPLAY,GAMEPLAY_POLICY,,SOCKET_COUNTERMEASURE_02,1,
UK_SSN_Trafalgar,UK,SSN,Trafalgar,6,DECOY,DEC-ACTIVE,Active Decoy,DEC-ACTIVE-UK,,Active Decoy,GAMEPLAY,GAMEPLAY,GAMEPLAY_POLICY,US_ACM_TORPEDO_DECOY,SOCKET_COUNTERMEASURE_02,3,
UK_SSN_Trafalgar,UK,SSN,Trafalgar,6,DECOY,DEC-ACOUSTIC,Acoustic Decoy,DEC-ACOUSTIC-UK,,Acoustic Decoy,GAMEPLAY,GAMEPLAY,GAMEPLAY_POLICY,US_ACM_TORPEDO_DECOY,SOCKET_COUNTERMEASURE_02,2,
UK_SSN_Trafalgar,UK,SSN,Trafalgar,6,DECOY,DEC-TORPEDO,Torpedo Decoy,DEC-TORPEDO-UK,,Torpedo Decoy,GAMEPLAY,GAMEPLAY,GAMEPLAY_POLICY,US_ACM_TORPEDO_DECOY,SOCKET_COUNTERMEASURE_02,4,
UK_SSN_Trafalgar,UK,SSN,Trafalgar,6,DECOY,DEC-MOBILE,Mobile Decoy,DEC-MOBILE-UK,,Mobile Decoy,GAMEPLAY,GAMEPLAY,GAMEPLAY_POLICY,US_ACM_MOBILE_DECOY,SOCKET_COUNTERMEASURE_02,5,
UK_SSN_Trafalgar,UK,SSN,Trafalgar,6,DECOY,DEC-ADVANCED,Advanced Decoy,DEC-ADVANCED-UK,,Advanced Decoy,GAMEPLAY,GAMEPLAY,GAMEPLAY_POLICY,US_ACM_MOBILE_DECOY,SOCKET_COUNTERMEASURE_02,7,
UK_SSN_Trafalgar,UK,SSN,Trafalgar,6,NOISE_MAKER,NM-EARLY,Early Noise Maker,NM-EARLY-UK,,Early Noise Maker,GAMEPLAY,GAMEPLAY,GAMEPLAY_POLICY,GEN_ACM_NOISE_MAKER,SOCKET_COUNTERMEASURE_02,1,
UK_SSN_Trafalgar,UK,SSN,Trafalgar,6,NOISE_MAKER,NM-IMPROVED,Improved Noise Maker,NM-IMPROVED-UK,,Improved Noise Maker,GAMEPLAY,GAMEPLAY,GAMEPLAY_POLICY,GEN_ACM_NOISE_MAKER,SOCKET_COUNTERMEASURE_02,3,
UK_SSN_Trafalgar,UK,SSN,Trafalgar,6,NOISE_MAKER,NM-MODERN,Modern Noise Maker,NM-MODERN-UK,,Modern Noise Maker,GAMEPLAY,GAMEPLAY,GAMEPLAY_POLICY,GEN_ACM_NOISE_MAKER,SOCKET_COUNTERMEASURE_02,6,
UK_SSN_Trafalgar,UK,SSN,Trafalgar,6,NOISE_MAKER,NM-ADVANCED,Advanced Acoustic Countermeasure,NM-ADVANCED-UK,,Advanced Acoustic Countermeasure,UNKNOWN,UNKNOWN,UNKNOWN_INSUFFICIENT_PUBLIC_DATA,GEN_ACM_NOISE_MAKER,SOCKET_COUNTERMEASURE_02,8,
UK_SSN_Trafalgar,UK,SSN,Trafalgar,6,TORPEDO_DEFENSE,TD-WARNING,Torpedo Warning,TD-WARNING-UK,,Torpedo Warning,GAMEPLAY,GAMEPLAY,GAMEPLAY_POLICY,GEN_TW_TORPEDO_WARNING_SENSOR,SOCKET_DECOY_LAUNCHER_02,4,
UK_SSN_Trafalgar,UK,SSN,Trafalgar,6,TORPEDO_DEFENSE,TD-COUNTERMEASURE,Countermeasure,TD-COUNTERMEASURE-UK,,Countermeasure,GAMEPLAY,GAMEPLAY,GAMEPLAY_POLICY,US_ACM_TORPEDO_DECOY,SOCKET_DECOY_LAUNCHER_02,5,
UK_SSN_Trafalgar,UK,SSN,Trafalgar,6,TORPEDO_DEFENSE,TD-ADVANCED,Advanced Countermeasure,TD-ADVANCED-UK,,Advanced Countermeasure,GAMEPLAY,GAMEPLAY,GAMEPLAY_POLICY,US_ACM_MOBILE_DECOY,SOCKET_DECOY_LAUNCHER_02,7,
UK_SSN_Trafalgar,UK,SSN,Trafalgar,6,TORPEDO_DEFENSE,TD-INTEGRATED,Integrated Torpedo Defense,TD-INTEGRATED-UK,,Integrated Torpedo Defense,UNKNOWN,UNKNOWN,UNKNOWN_INSUFFICIENT_PUBLIC_DATA,US_ACM_MOBILE_DECOY,SOCKET_DECOY_LAUNCHER_02,9,
UK_SSN_Trafalgar,UK,SSN,Trafalgar,6,LAUNCHER,CML-EXTERNAL,External Launcher,CML-EXTERNAL-UK,,External Launcher,GAMEPLAY,GAMEPLAY,GAMEPLAY_POLICY,US_CML_DECOY_LAUNCHER,SOCKET_DECOY_LAUNCHER_01,2,
UK_SSN_Trafalgar,UK,SSN,Trafalgar,6,LAUNCHER,CML-TUBE,Countermeasure Tube,CML-TUBE-UK,,Countermeasure Tube,GAMEPLAY,GAMEPLAY,GAMEPLAY_POLICY,GEN_CML_TUBE,SOCKET_DECOY_LAUNCHER_01,3,
UK_SSN_Trafalgar,UK,SSN,Trafalgar,6,LAUNCHER,CML-ACOUSTIC-DEVICE,Acoustic Device Launcher,CML-ACOUSTIC-DEVICE-UK,,Acoustic Device Launcher,GAMEPLAY,GAMEPLAY,GAMEPLAY_POLICY,US_CML_DECOY_LAUNCHER,SOCKET_DECOY_LAUNCHER_01,4,
UK_SSN_Trafalgar,UK,SSN,Trafalgar,6,LAUNCHER,CML-ADVANCED,Advanced Launcher,CML-ADVANCED-UK,,Advanced Launcher,GAMEPLAY,GAMEPLAY,GAMEPLAY_POLICY,US_CML_DECOY_LAUNCHER,SOCKET_DECOY_LAUNCHER_01,7,
UK_SSN_Trafalgar,UK,SSN,Trafalgar,6,LAUNCHER,CML-INTEGRATED,Integrated Launcher,CML-INTEGRATED-UK,,Integrated Launcher,UNKNOWN,UNKNOWN,UNKNOWN_INSUFFICIENT_PUBLIC_DATA,US_CML_DECOY_LAUNCHER,SOCKET_DECOY_LAUNCHER_01,8,
UK_SSN_Trafalgar,UK,SSN,Trafalgar,6,DEFENSIVE_CONTROL,DC-CONSOLE,Defensive Control Console,DC-CONSOLE-UK,,Defensive Control Console,GAMEPLAY,GAMEPLAY,GAMEPLAY_POLICY,US_DCM_CONSOLE,,2,
UK_SSN_Trafalgar,UK,SSN,Trafalgar,6,DEFENSIVE_CONTROL,DC-INTEGRATED-CONTROL,Integrated Defensive Control,DC-INTEGRATED-CONTROL-UK,,Integrated Defensive Control,GAMEPLAY,GAMEPLAY,GAMEPLAY_POLICY,US_DCM_CONSOLE,,6,
UK_SSN_Trafalgar,UK,SSN,Trafalgar,6,DEFENSIVE_CONTROL,DC-AUTOMATED,Automated Defensive Control,DC-AUTOMATED-UK,,Automated Defensive Control,UNKNOWN,UNKNOWN,UNKNOWN_INSUFFICIENT_PUBLIC_DATA,US_DCM_CONSOLE,,8,
UK_SSN_Trafalgar,UK,SSN,Trafalgar,6,INTEGRATED_DEFENSE,IDS-CORE,Integrated Defensive System,IDS-CORE-UK,,Integrated Defensive System,GAMEPLAY,GAMEPLAY,GAMEPLAY_POLICY,US_DCM_CONSOLE,,6,
UK_SSN_Trafalgar,UK,SSN,Trafalgar,6,INTEGRATED_DEFENSE,IDS-ADVANCED,Next Generation Defensive System,IDS-ADVANCED-UK,,Next Generation Defensive System,UNKNOWN,UNKNOWN,UNKNOWN_INSUFFICIENT_PUBLIC_DATA,US_DCM_CONSOLE,,9,
UK_SSN_Astute,UK,SSN,Astute,9,ESM,ESM-BASIC-DETECTION,Basic Signal Detection,ESM-BASIC-DETECTION-UK,,Basic Signal Detection,GAMEPLAY,GAMEPLAY,GAMEPLAY_POLICY,UK_EW_ASTUTE,SOCKET_EW_MAST,1,
UK_SSN_Astute,UK,SSN,Astute,9,ESM,ESM-IMPROVED-DETECTION,Improved Detection,ESM-IMPROVED-DETECTION-UK,,Improved Detection,GAMEPLAY,GAMEPLAY,GAMEPLAY_POLICY,UK_EW_ASTUTE,SOCKET_EW_MAST,2,
UK_SSN_Astute,UK,SSN,Astute,9,ESM,ESM-CLASSIFICATION,Signal Classification,ESM-CLASSIFICATION-UK,,Signal Classification,GAMEPLAY,GAMEPLAY,GAMEPLAY_POLICY,UK_EW_ASTUTE,SOCKET_EW_MAST,3,
UK_SSN_Astute,UK,SSN,Astute,9,ESM,ESM-DIGITAL,Digital ESM,ESM-DIGITAL-UK,,Digital ESM,GAMEPLAY,GAMEPLAY,GAMEPLAY_POLICY,UK_EW_ASTUTE,SOCKET_EW_MAST,4,
UK_SSN_Astute,UK,SSN,Astute,9,ESM,ESM-MULTIBAND,Multi-Band ESM,ESM-MULTIBAND-UK,,Multi-Band ESM,GAMEPLAY,GAMEPLAY,GAMEPLAY_POLICY,UK_EW_ASTUTE,SOCKET_EW_MAST,5,
UK_SSN_Astute,UK,SSN,Astute,9,ESM,ESM-INTEGRATED,Integrated ESM,ESM-INTEGRATED-UK,,Integrated ESM,GAMEPLAY,GAMEPLAY,GAMEPLAY_POLICY,UK_EW_ASTUTE,SOCKET_EW_MAST,6,
UK_SSN_Astute,UK,SSN,Astute,9,ESM,ESM-ADVANCED-THREAT-WARNING,Advanced Threat Warning,ESM-ADVANCED-THREAT-WARNING-UK,,Advanced Threat Warning,GAMEPLAY,GAMEPLAY,GAMEPLAY_POLICY,UK_EW_ASTUTE,SOCKET_EW_MAST,7,
UK_SSN_Astute,UK,SSN,Astute,9,ESM,ESM-MULTISENSOR-FUSION,Multi-Sensor Fusion,ESM-MULTISENSOR-FUSION-UK,,Multi-Sensor Fusion,GAMEPLAY,GAMEPLAY,GAMEPLAY_POLICY,UK_EW_ASTUTE,SOCKET_EW_MAST,8,
UK_SSN_Astute,UK,SSN,Astute,9,ESM,ESM-ADVANCED-EW,Advanced Integrated EW,ESM-ADVANCED-EW-UK,,Advanced Integrated EW,GAMEPLAY,GAMEPLAY,GAMEPLAY_POLICY,UK_EW_ASTUTE,SOCKET_EW_MAST,9,
UK_SSN_Astute,UK,SSN,Astute,9,ESM,ESM-NEXTGEN,Next Generation Defensive Electronic System,ESM-NEXTGEN-UK,,Next Generation Defensive Electronic System,GAMEPLAY,GAMEPLAY,GAMEPLAY_POLICY,UK_EW_ASTUTE,SOCKET_EW_MAST,10,
UK_SSN_Astute,UK,SSN,Astute,9,THREAT_WARNING,TW-RADAR-WARNING,Radar Warning,TW-RADAR-WARNING-UK,,Radar Warning,GAMEPLAY,GAMEPLAY,GAMEPLAY_POLICY,,SOCKET_EW_ANTENNA,1,
UK_SSN_Astute,UK,SSN,Astute,9,THREAT_WARNING,TW-ELECTRONIC-WARNING,Electronic Threat Warning,TW-ELECTRONIC-WARNING-UK,,Electronic Threat Warning,GAMEPLAY,GAMEPLAY,GAMEPLAY_POLICY,,SOCKET_EW_ANTENNA,3,
UK_SSN_Astute,UK,SSN,Astute,9,THREAT_WARNING,TW-ACTIVE-SONAR-WARNING,Active Sonar Warning,TW-ACTIVE-SONAR-WARNING-UK,,Active Sonar Warning,GAMEPLAY,GAMEPLAY,GAMEPLAY_POLICY,,SOCKET_EW_ANTENNA,4,
UK_SSN_Astute,UK,SSN,Astute,9,THREAT_WARNING,TW-TORPEDO-WARNING,Torpedo Warning,TW-TORPEDO-WARNING-UK,,Torpedo Warning,GAMEPLAY,GAMEPLAY,GAMEPLAY_POLICY,GEN_TW_TORPEDO_WARNING_SENSOR,SOCKET_EW_ANTENNA,5,
UK_SSN_Astute,UK,SSN,Astute,9,THREAT_WARNING,TW-ACOUSTIC-CLASSIFICATION,Acoustic Threat Classification,TW-ACOUSTIC-CLASSIFICATION-UK,,Acoustic Threat Classification,GAMEPLAY,GAMEPLAY,GAMEPLAY_POLICY,,SOCKET_EW_ANTENNA,6,
UK_SSN_Astute,UK,SSN,Astute,9,ACOUSTIC_COUNTERMEASURE,ACM-NOISE-MAKER,Noise Maker,ACM-NOISE-MAKER-UK,,Noise Maker,GAMEPLAY,GAMEPLAY,GAMEPLAY_POLICY,GEN_ACM_NOISE_MAKER,SOCKET_COUNTERMEASURE_01,1,
UK_SSN_Astute,UK,SSN,Astute,9,ACOUSTIC_COUNTERMEASURE,ACM-ACOUSTIC-DECOY,Acoustic Decoy,ACM-ACOUSTIC-DECOY-UK,,Acoustic Decoy,GAMEPLAY,GAMEPLAY,GAMEPLAY_POLICY,US_ACM_TORPEDO_DECOY,SOCKET_COUNTERMEASURE_01,2,
UK_SSN_Astute,UK,SSN,Astute,9,ACOUSTIC_COUNTERMEASURE,ACM-TORPEDO-DECOY,Torpedo Decoy,ACM-TORPEDO-DECOY-UK,,Torpedo Decoy,GAMEPLAY,GAMEPLAY,GAMEPLAY_POLICY,US_ACM_TORPEDO_DECOY,SOCKET_COUNTERMEASURE_01,4,
UK_SSN_Astute,UK,SSN,Astute,9,ACOUSTIC_COUNTERMEASURE,ACM-MOBILE-DECOY,Mobile Acoustic Decoy,ACM-MOBILE-DECOY-UK,,Mobile Acoustic Decoy,GAMEPLAY,GAMEPLAY,GAMEPLAY_POLICY,US_ACM_MOBILE_DECOY,SOCKET_COUNTERMEASURE_01,5,
UK_SSN_Astute,UK,SSN,Astute,9,ACOUSTIC_COUNTERMEASURE,ACM-ADVANCED,Advanced Acoustic Countermeasure,ACM-ADVANCED-UK,,Advanced Acoustic Countermeasure,GAMEPLAY,GAMEPLAY,GAMEPLAY_POLICY,US_ACM_MOBILE_DECOY,SOCKET_COUNTERMEASURE_01,7,
UK_SSN_Astute,UK,SSN,Astute,9,ACOUSTIC_COUNTERMEASURE,ACM-INTEGRATED,Integrated Acoustic Defense,ACM-INTEGRATED-UK,,Integrated Acoustic Defense,GAMEPLAY,GAMEPLAY,GAMEPLAY_POLICY,US_ACM_MOBILE_DECOY,SOCKET_COUNTERMEASURE_01,8,
UK_SSN_Astute,UK,SSN,Astute,9,DECOY,DEC-PASSIVE,Passive Decoy,DEC-PASSIVE-UK,,Passive Decoy,GAMEPLAY,GAMEPLAY,GAMEPLAY_POLICY,,SOCKET_COUNTERMEASURE_02,1,
UK_SSN_Astute,UK,SSN,Astute,9,DECOY,DEC-ACTIVE,Active Decoy,DEC-ACTIVE-UK,,Active Decoy,GAMEPLAY,GAMEPLAY,GAMEPLAY_POLICY,US_ACM_TORPEDO_DECOY,SOCKET_COUNTERMEASURE_02,3,
UK_SSN_Astute,UK,SSN,Astute,9,DECOY,DEC-ACOUSTIC,Acoustic Decoy,DEC-ACOUSTIC-UK,,Acoustic Decoy,GAMEPLAY,GAMEPLAY,GAMEPLAY_POLICY,US_ACM_TORPEDO_DECOY,SOCKET_COUNTERMEASURE_02,2,
UK_SSN_Astute,UK,SSN,Astute,9,DECOY,DEC-TORPEDO,Torpedo Decoy,DEC-TORPEDO-UK,,Torpedo Decoy,GAMEPLAY,GAMEPLAY,GAMEPLAY_POLICY,US_ACM_TORPEDO_DECOY,SOCKET_COUNTERMEASURE_02,4,
UK_SSN_Astute,UK,SSN,Astute,9,DECOY,DEC-MOBILE,Mobile Decoy,DEC-MOBILE-UK,,Mobile Decoy,GAMEPLAY,GAMEPLAY,GAMEPLAY_POLICY,US_ACM_MOBILE_DECOY,SOCKET_COUNTERMEASURE_02,5,
UK_SSN_Astute,UK,SSN,Astute,9,DECOY,DEC-ADVANCED,Advanced Decoy,DEC-ADVANCED-UK,,Advanced Decoy,GAMEPLAY,GAMEPLAY,GAMEPLAY_POLICY,US_ACM_MOBILE_DECOY,SOCKET_COUNTERMEASURE_02,7,
UK_SSN_Astute,UK,SSN,Astute,9,NOISE_MAKER,NM-EARLY,Early Noise Maker,NM-EARLY-UK,,Early Noise Maker,GAMEPLAY,GAMEPLAY,GAMEPLAY_POLICY,GEN_ACM_NOISE_MAKER,SOCKET_COUNTERMEASURE_02,1,
UK_SSN_Astute,UK,SSN,Astute,9,NOISE_MAKER,NM-IMPROVED,Improved Noise Maker,NM-IMPROVED-UK,,Improved Noise Maker,GAMEPLAY,GAMEPLAY,GAMEPLAY_POLICY,GEN_ACM_NOISE_MAKER,SOCKET_COUNTERMEASURE_02,3,
UK_SSN_Astute,UK,SSN,Astute,9,NOISE_MAKER,NM-MODERN,Modern Noise Maker,NM-MODERN-UK,,Modern Noise Maker,GAMEPLAY,GAMEPLAY,GAMEPLAY_POLICY,GEN_ACM_NOISE_MAKER,SOCKET_COUNTERMEASURE_02,6,
UK_SSN_Astute,UK,SSN,Astute,9,NOISE_MAKER,NM-ADVANCED,Advanced Acoustic Countermeasure,NM-ADVANCED-UK,,Advanced Acoustic Countermeasure,GAMEPLAY,GAMEPLAY,GAMEPLAY_POLICY,GEN_ACM_NOISE_MAKER,SOCKET_COUNTERMEASURE_02,8,
UK_SSN_Astute,UK,SSN,Astute,9,TORPEDO_DEFENSE,TD-WARNING,Torpedo Warning,TD-WARNING-UK,,Torpedo Warning,GAMEPLAY,GAMEPLAY,GAMEPLAY_POLICY,GEN_TW_TORPEDO_WARNING_SENSOR,SOCKET_DECOY_LAUNCHER_02,4,
UK_SSN_Astute,UK,SSN,Astute,9,TORPEDO_DEFENSE,TD-COUNTERMEASURE,Countermeasure,TD-COUNTERMEASURE-UK,,Countermeasure,GAMEPLAY,GAMEPLAY,GAMEPLAY_POLICY,US_ACM_TORPEDO_DECOY,SOCKET_DECOY_LAUNCHER_02,5,
UK_SSN_Astute,UK,SSN,Astute,9,TORPEDO_DEFENSE,TD-ADVANCED,Advanced Countermeasure,TD-ADVANCED-UK,,Advanced Countermeasure,GAMEPLAY,GAMEPLAY,GAMEPLAY_POLICY,US_ACM_MOBILE_DECOY,SOCKET_DECOY_LAUNCHER_02,7,
UK_SSN_Astute,UK,SSN,Astute,9,TORPEDO_DEFENSE,TD-INTEGRATED,Integrated Torpedo Defense,TD-INTEGRATED-UK,,Integrated Torpedo Defense,GAMEPLAY,GAMEPLAY,GAMEPLAY_POLICY,US_ACM_MOBILE_DECOY,SOCKET_DECOY_LAUNCHER_02,9,
UK_SSN_Astute,UK,SSN,Astute,9,LAUNCHER,CML-EXTERNAL,External Launcher,CML-EXTERNAL-UK,,External Launcher,GAMEPLAY,GAMEPLAY,GAMEPLAY_POLICY,US_CML_DECOY_LAUNCHER,SOCKET_DECOY_LAUNCHER_01,2,
UK_SSN_Astute,UK,SSN,Astute,9,LAUNCHER,CML-TUBE,Countermeasure Tube,CML-TUBE-UK,,Countermeasure Tube,GAMEPLAY,GAMEPLAY,GAMEPLAY_POLICY,GEN_CML_TUBE,SOCKET_DECOY_LAUNCHER_01,3,
UK_SSN_Astute,UK,SSN,Astute,9,LAUNCHER,CML-ACOUSTIC-DEVICE,Acoustic Device Launcher,CML-ACOUSTIC-DEVICE-UK,,Acoustic Device Launcher,GAMEPLAY,GAMEPLAY,GAMEPLAY_POLICY,US_CML_DECOY_LAUNCHER,SOCKET_DECOY_LAUNCHER_01,4,
UK_SSN_Astute,UK,SSN,Astute,9,LAUNCHER,CML-ADVANCED,Advanced Launcher,CML-ADVANCED-UK,,Advanced Launcher,GAMEPLAY,GAMEPLAY,GAMEPLAY_POLICY,US_CML_DECOY_LAUNCHER,SOCKET_DECOY_LAUNCHER_01,7,
UK_SSN_Astute,UK,SSN,Astute,9,LAUNCHER,CML-INTEGRATED,Integrated Launcher,CML-INTEGRATED-UK,,Integrated Launcher,GAMEPLAY,GAMEPLAY,GAMEPLAY_POLICY,US_CML_DECOY_LAUNCHER,SOCKET_DECOY_LAUNCHER_01,8,
UK_SSN_Astute,UK,SSN,Astute,9,DEFENSIVE_CONTROL,DC-CONSOLE,Defensive Control Console,DC-CONSOLE-UK,,Defensive Control Console,GAMEPLAY,GAMEPLAY,GAMEPLAY_POLICY,US_DCM_CONSOLE,,2,
UK_SSN_Astute,UK,SSN,Astute,9,DEFENSIVE_CONTROL,DC-INTEGRATED-CONTROL,Integrated Defensive Control,DC-INTEGRATED-CONTROL-UK,,Integrated Defensive Control,GAMEPLAY,GAMEPLAY,GAMEPLAY_POLICY,US_DCM_CONSOLE,,6,
UK_SSN_Astute,UK,SSN,Astute,9,DEFENSIVE_CONTROL,DC-AUTOMATED,Automated Defensive Control,DC-AUTOMATED-UK,,Automated Defensive Control,GAMEPLAY,GAMEPLAY,GAMEPLAY_POLICY,US_DCM_CONSOLE,,8,
UK_SSN_Astute,UK,SSN,Astute,9,INTEGRATED_DEFENSE,IDS-CORE,Integrated Defensive System,IDS-CORE-UK,,Integrated Defensive System,GAMEPLAY,GAMEPLAY,GAMEPLAY_POLICY,US_DCM_CONSOLE,,6,
UK_SSN_Astute,UK,SSN,Astute,9,INTEGRATED_DEFENSE,IDS-ADVANCED,Next Generation Defensive System,IDS-ADVANCED-UK,,Next Generation Defensive System,GAMEPLAY,GAMEPLAY,GAMEPLAY_POLICY,US_DCM_CONSOLE,,9,
UK_SSN_AUKUS,UK,SSN,SSN-AUKUS,10,ESM,ESM-BASIC-DETECTION,Basic Signal Detection,ESM-BASIC-DETECTION-UK,,Basic Signal Detection,GAMEPLAY,GAMEPLAY,GAMEPLAY_POLICY,UK_EW_ASTUTE,SOCKET_EW_MAST,1,
UK_SSN_AUKUS,UK,SSN,SSN-AUKUS,10,ESM,ESM-IMPROVED-DETECTION,Improved Detection,ESM-IMPROVED-DETECTION-UK,,Improved Detection,GAMEPLAY,GAMEPLAY,GAMEPLAY_POLICY,UK_EW_ASTUTE,SOCKET_EW_MAST,2,
UK_SSN_AUKUS,UK,SSN,SSN-AUKUS,10,ESM,ESM-CLASSIFICATION,Signal Classification,ESM-CLASSIFICATION-UK,,Signal Classification,GAMEPLAY,GAMEPLAY,GAMEPLAY_POLICY,UK_EW_ASTUTE,SOCKET_EW_MAST,3,
UK_SSN_AUKUS,UK,SSN,SSN-AUKUS,10,ESM,ESM-DIGITAL,Digital ESM,ESM-DIGITAL-UK,,Digital ESM,GAMEPLAY,GAMEPLAY,GAMEPLAY_POLICY,UK_EW_ASTUTE,SOCKET_EW_MAST,4,
UK_SSN_AUKUS,UK,SSN,SSN-AUKUS,10,ESM,ESM-MULTIBAND,Multi-Band ESM,ESM-MULTIBAND-UK,,Multi-Band ESM,GAMEPLAY,GAMEPLAY,GAMEPLAY_POLICY,UK_EW_ASTUTE,SOCKET_EW_MAST,5,
UK_SSN_AUKUS,UK,SSN,SSN-AUKUS,10,ESM,ESM-INTEGRATED,Integrated ESM,ESM-INTEGRATED-UK,,Integrated ESM,GAMEPLAY,GAMEPLAY,GAMEPLAY_POLICY,UK_EW_ASTUTE,SOCKET_EW_MAST,6,
UK_SSN_AUKUS,UK,SSN,SSN-AUKUS,10,ESM,ESM-ADVANCED-THREAT-WARNING,Advanced Threat Warning,ESM-ADVANCED-THREAT-WARNING-UK,,Advanced Threat Warning,GAMEPLAY,GAMEPLAY,GAMEPLAY_POLICY,UK_EW_ASTUTE,SOCKET_EW_MAST,7,
UK_SSN_AUKUS,UK,SSN,SSN-AUKUS,10,ESM,ESM-MULTISENSOR-FUSION,Multi-Sensor Fusion,ESM-MULTISENSOR-FUSION-UK,,Multi-Sensor Fusion,GAMEPLAY,GAMEPLAY,GAMEPLAY_POLICY,UK_EW_ASTUTE,SOCKET_EW_MAST,8,
UK_SSN_AUKUS,UK,SSN,SSN-AUKUS,10,ESM,ESM-ADVANCED-EW,Advanced Integrated EW,ESM-ADVANCED-EW-UK,,Advanced Integrated EW,GAMEPLAY,GAMEPLAY,GAMEPLAY_POLICY,UK_EW_ASTUTE,SOCKET_EW_MAST,9,
UK_SSN_AUKUS,UK,SSN,SSN-AUKUS,10,ESM,ESM-NEXTGEN,Next Generation Defensive Electronic System,ESM-NEXTGEN-UK,,Next Generation Defensive Electronic System,GAMEPLAY,GAMEPLAY,GAMEPLAY_POLICY,UK_EW_ASTUTE,SOCKET_EW_MAST,10,
UK_SSN_AUKUS,UK,SSN,SSN-AUKUS,10,THREAT_WARNING,TW-RADAR-WARNING,Radar Warning,TW-RADAR-WARNING-UK,,Radar Warning,GAMEPLAY,GAMEPLAY,GAMEPLAY_POLICY,,SOCKET_EW_ANTENNA,1,
UK_SSN_AUKUS,UK,SSN,SSN-AUKUS,10,THREAT_WARNING,TW-ELECTRONIC-WARNING,Electronic Threat Warning,TW-ELECTRONIC-WARNING-UK,,Electronic Threat Warning,GAMEPLAY,GAMEPLAY,GAMEPLAY_POLICY,,SOCKET_EW_ANTENNA,3,
UK_SSN_AUKUS,UK,SSN,SSN-AUKUS,10,THREAT_WARNING,TW-ACTIVE-SONAR-WARNING,Active Sonar Warning,TW-ACTIVE-SONAR-WARNING-UK,,Active Sonar Warning,GAMEPLAY,GAMEPLAY,GAMEPLAY_POLICY,,SOCKET_EW_ANTENNA,4,
UK_SSN_AUKUS,UK,SSN,SSN-AUKUS,10,THREAT_WARNING,TW-TORPEDO-WARNING,Torpedo Warning,TW-TORPEDO-WARNING-UK,,Torpedo Warning,GAMEPLAY,GAMEPLAY,GAMEPLAY_POLICY,GEN_TW_TORPEDO_WARNING_SENSOR,SOCKET_EW_ANTENNA,5,
UK_SSN_AUKUS,UK,SSN,SSN-AUKUS,10,THREAT_WARNING,TW-ACOUSTIC-CLASSIFICATION,Acoustic Threat Classification,TW-ACOUSTIC-CLASSIFICATION-UK,,Acoustic Threat Classification,GAMEPLAY,GAMEPLAY,GAMEPLAY_POLICY,,SOCKET_EW_ANTENNA,6,
UK_SSN_AUKUS,UK,SSN,SSN-AUKUS,10,ACOUSTIC_COUNTERMEASURE,ACM-NOISE-MAKER,Noise Maker,ACM-NOISE-MAKER-UK,,Noise Maker,GAMEPLAY,GAMEPLAY,GAMEPLAY_POLICY,GEN_ACM_NOISE_MAKER,SOCKET_COUNTERMEASURE_01,1,
UK_SSN_AUKUS,UK,SSN,SSN-AUKUS,10,ACOUSTIC_COUNTERMEASURE,ACM-ACOUSTIC-DECOY,Acoustic Decoy,ACM-ACOUSTIC-DECOY-UK,,Acoustic Decoy,GAMEPLAY,GAMEPLAY,GAMEPLAY_POLICY,US_ACM_TORPEDO_DECOY,SOCKET_COUNTERMEASURE_01,2,
UK_SSN_AUKUS,UK,SSN,SSN-AUKUS,10,ACOUSTIC_COUNTERMEASURE,ACM-TORPEDO-DECOY,Torpedo Decoy,ACM-TORPEDO-DECOY-UK,,Torpedo Decoy,GAMEPLAY,GAMEPLAY,GAMEPLAY_POLICY,US_ACM_TORPEDO_DECOY,SOCKET_COUNTERMEASURE_01,4,
UK_SSN_AUKUS,UK,SSN,SSN-AUKUS,10,ACOUSTIC_COUNTERMEASURE,ACM-MOBILE-DECOY,Mobile Acoustic Decoy,ACM-MOBILE-DECOY-UK,,Mobile Acoustic Decoy,GAMEPLAY,GAMEPLAY,GAMEPLAY_POLICY,US_ACM_MOBILE_DECOY,SOCKET_COUNTERMEASURE_01,5,
UK_SSN_AUKUS,UK,SSN,SSN-AUKUS,10,ACOUSTIC_COUNTERMEASURE,ACM-ADVANCED,Advanced Acoustic Countermeasure,ACM-ADVANCED-UK,,Advanced Acoustic Countermeasure,GAMEPLAY,GAMEPLAY,GAMEPLAY_POLICY,US_ACM_MOBILE_DECOY,SOCKET_COUNTERMEASURE_01,7,
UK_SSN_AUKUS,UK,SSN,SSN-AUKUS,10,ACOUSTIC_COUNTERMEASURE,ACM-INTEGRATED,Integrated Acoustic Defense,ACM-INTEGRATED-UK,,Integrated Acoustic Defense,GAMEPLAY,GAMEPLAY,GAMEPLAY_POLICY,US_ACM_MOBILE_DECOY,SOCKET_COUNTERMEASURE_01,8,
UK_SSN_AUKUS,UK,SSN,SSN-AUKUS,10,DECOY,DEC-PASSIVE,Passive Decoy,DEC-PASSIVE-UK,,Passive Decoy,GAMEPLAY,GAMEPLAY,GAMEPLAY_POLICY,,SOCKET_COUNTERMEASURE_02,1,
UK_SSN_AUKUS,UK,SSN,SSN-AUKUS,10,DECOY,DEC-ACTIVE,Active Decoy,DEC-ACTIVE-UK,,Active Decoy,GAMEPLAY,GAMEPLAY,GAMEPLAY_POLICY,US_ACM_TORPEDO_DECOY,SOCKET_COUNTERMEASURE_02,3,
UK_SSN_AUKUS,UK,SSN,SSN-AUKUS,10,DECOY,DEC-ACOUSTIC,Acoustic Decoy,DEC-ACOUSTIC-UK,,Acoustic Decoy,GAMEPLAY,GAMEPLAY,GAMEPLAY_POLICY,US_ACM_TORPEDO_DECOY,SOCKET_COUNTERMEASURE_02,2,
UK_SSN_AUKUS,UK,SSN,SSN-AUKUS,10,DECOY,DEC-TORPEDO,Torpedo Decoy,DEC-TORPEDO-UK,,Torpedo Decoy,GAMEPLAY,GAMEPLAY,GAMEPLAY_POLICY,US_ACM_TORPEDO_DECOY,SOCKET_COUNTERMEASURE_02,4,
UK_SSN_AUKUS,UK,SSN,SSN-AUKUS,10,DECOY,DEC-MOBILE,Mobile Decoy,DEC-MOBILE-UK,,Mobile Decoy,GAMEPLAY,GAMEPLAY,GAMEPLAY_POLICY,US_ACM_MOBILE_DECOY,SOCKET_COUNTERMEASURE_02,5,
UK_SSN_AUKUS,UK,SSN,SSN-AUKUS,10,DECOY,DEC-ADVANCED,Advanced Decoy,DEC-ADVANCED-UK,,Advanced Decoy,GAMEPLAY,GAMEPLAY,GAMEPLAY_POLICY,US_ACM_MOBILE_DECOY,SOCKET_COUNTERMEASURE_02,7,
UK_SSN_AUKUS,UK,SSN,SSN-AUKUS,10,NOISE_MAKER,NM-EARLY,Early Noise Maker,NM-EARLY-UK,,Early Noise Maker,GAMEPLAY,GAMEPLAY,GAMEPLAY_POLICY,GEN_ACM_NOISE_MAKER,SOCKET_COUNTERMEASURE_02,1,
UK_SSN_AUKUS,UK,SSN,SSN-AUKUS,10,NOISE_MAKER,NM-IMPROVED,Improved Noise Maker,NM-IMPROVED-UK,,Improved Noise Maker,GAMEPLAY,GAMEPLAY,GAMEPLAY_POLICY,GEN_ACM_NOISE_MAKER,SOCKET_COUNTERMEASURE_02,3,
UK_SSN_AUKUS,UK,SSN,SSN-AUKUS,10,NOISE_MAKER,NM-MODERN,Modern Noise Maker,NM-MODERN-UK,,Modern Noise Maker,GAMEPLAY,GAMEPLAY,GAMEPLAY_POLICY,GEN_ACM_NOISE_MAKER,SOCKET_COUNTERMEASURE_02,6,
UK_SSN_AUKUS,UK,SSN,SSN-AUKUS,10,NOISE_MAKER,NM-ADVANCED,Advanced Acoustic Countermeasure,NM-ADVANCED-UK,,Advanced Acoustic Countermeasure,GAMEPLAY,GAMEPLAY,GAMEPLAY_POLICY,GEN_ACM_NOISE_MAKER,SOCKET_COUNTERMEASURE_02,8,
UK_SSN_AUKUS,UK,SSN,SSN-AUKUS,10,TORPEDO_DEFENSE,TD-WARNING,Torpedo Warning,TD-WARNING-UK,,Torpedo Warning,GAMEPLAY,GAMEPLAY,GAMEPLAY_POLICY,GEN_TW_TORPEDO_WARNING_SENSOR,SOCKET_DECOY_LAUNCHER_02,4,
UK_SSN_AUKUS,UK,SSN,SSN-AUKUS,10,TORPEDO_DEFENSE,TD-COUNTERMEASURE,Countermeasure,TD-COUNTERMEASURE-UK,,Countermeasure,GAMEPLAY,GAMEPLAY,GAMEPLAY_POLICY,US_ACM_TORPEDO_DECOY,SOCKET_DECOY_LAUNCHER_02,5,
UK_SSN_AUKUS,UK,SSN,SSN-AUKUS,10,TORPEDO_DEFENSE,TD-ADVANCED,Advanced Countermeasure,TD-ADVANCED-UK,,Advanced Countermeasure,GAMEPLAY,GAMEPLAY,GAMEPLAY_POLICY,US_ACM_MOBILE_DECOY,SOCKET_DECOY_LAUNCHER_02,7,
UK_SSN_AUKUS,UK,SSN,SSN-AUKUS,10,TORPEDO_DEFENSE,TD-INTEGRATED,Integrated Torpedo Defense,TD-INTEGRATED-UK,,Integrated Torpedo Defense,GAMEPLAY,GAMEPLAY,GAMEPLAY_POLICY,US_ACM_MOBILE_DECOY,SOCKET_DECOY_LAUNCHER_02,9,
UK_SSN_AUKUS,UK,SSN,SSN-AUKUS,10,LAUNCHER,CML-EXTERNAL,External Launcher,CML-EXTERNAL-UK,,External Launcher,GAMEPLAY,GAMEPLAY,GAMEPLAY_POLICY,US_CML_DECOY_LAUNCHER,SOCKET_DECOY_LAUNCHER_01,2,
UK_SSN_AUKUS,UK,SSN,SSN-AUKUS,10,LAUNCHER,CML-TUBE,Countermeasure Tube,CML-TUBE-UK,,Countermeasure Tube,GAMEPLAY,GAMEPLAY,GAMEPLAY_POLICY,GEN_CML_TUBE,SOCKET_DECOY_LAUNCHER_01,3,
UK_SSN_AUKUS,UK,SSN,SSN-AUKUS,10,LAUNCHER,CML-ACOUSTIC-DEVICE,Acoustic Device Launcher,CML-ACOUSTIC-DEVICE-UK,,Acoustic Device Launcher,GAMEPLAY,GAMEPLAY,GAMEPLAY_POLICY,US_CML_DECOY_LAUNCHER,SOCKET_DECOY_LAUNCHER_01,4,
UK_SSN_AUKUS,UK,SSN,SSN-AUKUS,10,LAUNCHER,CML-ADVANCED,Advanced Launcher,CML-ADVANCED-UK,,Advanced Launcher,GAMEPLAY,GAMEPLAY,GAMEPLAY_POLICY,US_CML_DECOY_LAUNCHER,SOCKET_DECOY_LAUNCHER_01,7,
UK_SSN_AUKUS,UK,SSN,SSN-AUKUS,10,LAUNCHER,CML-INTEGRATED,Integrated Launcher,CML-INTEGRATED-UK,,Integrated Launcher,GAMEPLAY,GAMEPLAY,GAMEPLAY_POLICY,US_CML_DECOY_LAUNCHER,SOCKET_DECOY_LAUNCHER_01,8,
UK_SSN_AUKUS,UK,SSN,SSN-AUKUS,10,DEFENSIVE_CONTROL,DC-CONSOLE,Defensive Control Console,DC-CONSOLE-UK,,Defensive Control Console,GAMEPLAY,GAMEPLAY,GAMEPLAY_POLICY,US_DCM_CONSOLE,,2,
UK_SSN_AUKUS,UK,SSN,SSN-AUKUS,10,DEFENSIVE_CONTROL,DC-INTEGRATED-CONTROL,Integrated Defensive Control,DC-INTEGRATED-CONTROL-UK,,Integrated Defensive Control,GAMEPLAY,GAMEPLAY,GAMEPLAY_POLICY,US_DCM_CONSOLE,,6,
UK_SSN_AUKUS,UK,SSN,SSN-AUKUS,10,DEFENSIVE_CONTROL,DC-AUTOMATED,Automated Defensive Control,DC-AUTOMATED-UK,,Automated Defensive Control,GAMEPLAY,GAMEPLAY,GAMEPLAY_POLICY,US_DCM_CONSOLE,,8,
UK_SSN_AUKUS,UK,SSN,SSN-AUKUS,10,INTEGRATED_DEFENSE,IDS-CORE,Integrated Defensive System,IDS-CORE-UK,,Integrated Defensive System,GAMEPLAY,GAMEPLAY,GAMEPLAY_POLICY,US_DCM_CONSOLE,,6,
UK_SSN_AUKUS,UK,SSN,SSN-AUKUS,10,INTEGRATED_DEFENSE,IDS-ADVANCED,Next Generation Defensive System,IDS-ADVANCED-UK,,Next Generation Defensive System,GAMEPLAY,GAMEPLAY,GAMEPLAY_POLICY,US_DCM_CONSOLE,,9,
UK_SSBN_Resolution,UK,SSBN,Resolution,4,ESM,ESM-BASIC-DETECTION,Basic Signal Detection,ESM-BASIC-DETECTION-UK,,Basic Signal Detection,GAMEPLAY,GAMEPLAY,GAMEPLAY_POLICY,UK_EW_ASTUTE,SOCKET_EW_MAST,1,
UK_SSBN_Resolution,UK,SSBN,Resolution,4,ESM,ESM-IMPROVED-DETECTION,Improved Detection,ESM-IMPROVED-DETECTION-UK,,Improved Detection,GAMEPLAY,GAMEPLAY,GAMEPLAY_POLICY,UK_EW_ASTUTE,SOCKET_EW_MAST,2,
UK_SSBN_Resolution,UK,SSBN,Resolution,4,ESM,ESM-CLASSIFICATION,Signal Classification,ESM-CLASSIFICATION-UK,,Signal Classification,GAMEPLAY,GAMEPLAY,GAMEPLAY_POLICY,UK_EW_ASTUTE,SOCKET_EW_MAST,3,
UK_SSBN_Resolution,UK,SSBN,Resolution,4,ESM,ESM-DIGITAL,Digital ESM,ESM-DIGITAL-UK,,Digital ESM,GAMEPLAY,GAMEPLAY,GAMEPLAY_POLICY,UK_EW_ASTUTE,SOCKET_EW_MAST,4,
UK_SSBN_Resolution,UK,SSBN,Resolution,4,ESM,ESM-MULTIBAND,Multi-Band ESM,ESM-MULTIBAND-UK,,Multi-Band ESM,GAMEPLAY,GAMEPLAY,GAMEPLAY_POLICY,UK_EW_ASTUTE,SOCKET_EW_MAST,5,
UK_SSBN_Resolution,UK,SSBN,Resolution,4,ESM,ESM-INTEGRATED,Integrated ESM,ESM-INTEGRATED-UK,,Integrated ESM,UNKNOWN,UNKNOWN,UNKNOWN_INSUFFICIENT_PUBLIC_DATA,UK_EW_ASTUTE,SOCKET_EW_MAST,6,
UK_SSBN_Resolution,UK,SSBN,Resolution,4,ESM,ESM-ADVANCED-THREAT-WARNING,Advanced Threat Warning,ESM-ADVANCED-THREAT-WARNING-UK,,Advanced Threat Warning,UNKNOWN,UNKNOWN,UNKNOWN_INSUFFICIENT_PUBLIC_DATA,UK_EW_ASTUTE,SOCKET_EW_MAST,7,
UK_SSBN_Resolution,UK,SSBN,Resolution,4,ESM,ESM-MULTISENSOR-FUSION,Multi-Sensor Fusion,ESM-MULTISENSOR-FUSION-UK,,Multi-Sensor Fusion,INCOMPATIBLE,INCOMPATIBLE,ERA_WINDOW_POLICY,UK_EW_ASTUTE,SOCKET_EW_MAST,8,
UK_SSBN_Resolution,UK,SSBN,Resolution,4,ESM,ESM-ADVANCED-EW,Advanced Integrated EW,ESM-ADVANCED-EW-UK,,Advanced Integrated EW,INCOMPATIBLE,INCOMPATIBLE,ERA_WINDOW_POLICY,UK_EW_ASTUTE,SOCKET_EW_MAST,9,
UK_SSBN_Resolution,UK,SSBN,Resolution,4,ESM,ESM-NEXTGEN,Next Generation Defensive Electronic System,ESM-NEXTGEN-UK,,Next Generation Defensive Electronic System,INCOMPATIBLE,INCOMPATIBLE,ERA_WINDOW_POLICY,UK_EW_ASTUTE,SOCKET_EW_MAST,10,
UK_SSBN_Resolution,UK,SSBN,Resolution,4,THREAT_WARNING,TW-RADAR-WARNING,Radar Warning,TW-RADAR-WARNING-UK,,Radar Warning,GAMEPLAY,GAMEPLAY,GAMEPLAY_POLICY,,SOCKET_EW_ANTENNA,1,
UK_SSBN_Resolution,UK,SSBN,Resolution,4,THREAT_WARNING,TW-ELECTRONIC-WARNING,Electronic Threat Warning,TW-ELECTRONIC-WARNING-UK,,Electronic Threat Warning,GAMEPLAY,GAMEPLAY,GAMEPLAY_POLICY,,SOCKET_EW_ANTENNA,3,
UK_SSBN_Resolution,UK,SSBN,Resolution,4,THREAT_WARNING,TW-ACTIVE-SONAR-WARNING,Active Sonar Warning,TW-ACTIVE-SONAR-WARNING-UK,,Active Sonar Warning,GAMEPLAY,GAMEPLAY,GAMEPLAY_POLICY,,SOCKET_EW_ANTENNA,4,
UK_SSBN_Resolution,UK,SSBN,Resolution,4,THREAT_WARNING,TW-TORPEDO-WARNING,Torpedo Warning,TW-TORPEDO-WARNING-UK,,Torpedo Warning,GAMEPLAY,GAMEPLAY,GAMEPLAY_POLICY,GEN_TW_TORPEDO_WARNING_SENSOR,SOCKET_EW_ANTENNA,5,
UK_SSBN_Resolution,UK,SSBN,Resolution,4,THREAT_WARNING,TW-ACOUSTIC-CLASSIFICATION,Acoustic Threat Classification,TW-ACOUSTIC-CLASSIFICATION-UK,,Acoustic Threat Classification,UNKNOWN,UNKNOWN,UNKNOWN_INSUFFICIENT_PUBLIC_DATA,,SOCKET_EW_ANTENNA,6,
UK_SSBN_Resolution,UK,SSBN,Resolution,4,ACOUSTIC_COUNTERMEASURE,ACM-NOISE-MAKER,Noise Maker,ACM-NOISE-MAKER-UK,,Noise Maker,GAMEPLAY,GAMEPLAY,GAMEPLAY_POLICY,GEN_ACM_NOISE_MAKER,SOCKET_COUNTERMEASURE_01,1,
UK_SSBN_Resolution,UK,SSBN,Resolution,4,ACOUSTIC_COUNTERMEASURE,ACM-ACOUSTIC-DECOY,Acoustic Decoy,ACM-ACOUSTIC-DECOY-UK,,Acoustic Decoy,GAMEPLAY,GAMEPLAY,GAMEPLAY_POLICY,US_ACM_TORPEDO_DECOY,SOCKET_COUNTERMEASURE_01,2,
UK_SSBN_Resolution,UK,SSBN,Resolution,4,ACOUSTIC_COUNTERMEASURE,ACM-TORPEDO-DECOY,Torpedo Decoy,ACM-TORPEDO-DECOY-UK,,Torpedo Decoy,GAMEPLAY,GAMEPLAY,GAMEPLAY_POLICY,US_ACM_TORPEDO_DECOY,SOCKET_COUNTERMEASURE_01,4,
UK_SSBN_Resolution,UK,SSBN,Resolution,4,ACOUSTIC_COUNTERMEASURE,ACM-MOBILE-DECOY,Mobile Acoustic Decoy,ACM-MOBILE-DECOY-UK,,Mobile Acoustic Decoy,GAMEPLAY,GAMEPLAY,GAMEPLAY_POLICY,US_ACM_MOBILE_DECOY,SOCKET_COUNTERMEASURE_01,5,
UK_SSBN_Resolution,UK,SSBN,Resolution,4,ACOUSTIC_COUNTERMEASURE,ACM-ADVANCED,Advanced Acoustic Countermeasure,ACM-ADVANCED-UK,,Advanced Acoustic Countermeasure,UNKNOWN,UNKNOWN,UNKNOWN_INSUFFICIENT_PUBLIC_DATA,US_ACM_MOBILE_DECOY,SOCKET_COUNTERMEASURE_01,7,
UK_SSBN_Resolution,UK,SSBN,Resolution,4,ACOUSTIC_COUNTERMEASURE,ACM-INTEGRATED,Integrated Acoustic Defense,ACM-INTEGRATED-UK,,Integrated Acoustic Defense,INCOMPATIBLE,INCOMPATIBLE,ERA_WINDOW_POLICY,US_ACM_MOBILE_DECOY,SOCKET_COUNTERMEASURE_01,8,
UK_SSBN_Resolution,UK,SSBN,Resolution,4,DECOY,DEC-PASSIVE,Passive Decoy,DEC-PASSIVE-UK,,Passive Decoy,GAMEPLAY,GAMEPLAY,GAMEPLAY_POLICY,,SOCKET_COUNTERMEASURE_02,1,
UK_SSBN_Resolution,UK,SSBN,Resolution,4,DECOY,DEC-ACTIVE,Active Decoy,DEC-ACTIVE-UK,,Active Decoy,GAMEPLAY,GAMEPLAY,GAMEPLAY_POLICY,US_ACM_TORPEDO_DECOY,SOCKET_COUNTERMEASURE_02,3,
UK_SSBN_Resolution,UK,SSBN,Resolution,4,DECOY,DEC-ACOUSTIC,Acoustic Decoy,DEC-ACOUSTIC-UK,,Acoustic Decoy,GAMEPLAY,GAMEPLAY,GAMEPLAY_POLICY,US_ACM_TORPEDO_DECOY,SOCKET_COUNTERMEASURE_02,2,
UK_SSBN_Resolution,UK,SSBN,Resolution,4,DECOY,DEC-TORPEDO,Torpedo Decoy,DEC-TORPEDO-UK,,Torpedo Decoy,GAMEPLAY,GAMEPLAY,GAMEPLAY_POLICY,US_ACM_TORPEDO_DECOY,SOCKET_COUNTERMEASURE_02,4,
UK_SSBN_Resolution,UK,SSBN,Resolution,4,DECOY,DEC-MOBILE,Mobile Decoy,DEC-MOBILE-UK,,Mobile Decoy,GAMEPLAY,GAMEPLAY,GAMEPLAY_POLICY,US_ACM_MOBILE_DECOY,SOCKET_COUNTERMEASURE_02,5,
UK_SSBN_Resolution,UK,SSBN,Resolution,4,DECOY,DEC-ADVANCED,Advanced Decoy,DEC-ADVANCED-UK,,Advanced Decoy,UNKNOWN,UNKNOWN,UNKNOWN_INSUFFICIENT_PUBLIC_DATA,US_ACM_MOBILE_DECOY,SOCKET_COUNTERMEASURE_02,7,
UK_SSBN_Resolution,UK,SSBN,Resolution,4,NOISE_MAKER,NM-EARLY,Early Noise Maker,NM-EARLY-UK,,Early Noise Maker,GAMEPLAY,GAMEPLAY,GAMEPLAY_POLICY,GEN_ACM_NOISE_MAKER,SOCKET_COUNTERMEASURE_02,1,
UK_SSBN_Resolution,UK,SSBN,Resolution,4,NOISE_MAKER,NM-IMPROVED,Improved Noise Maker,NM-IMPROVED-UK,,Improved Noise Maker,GAMEPLAY,GAMEPLAY,GAMEPLAY_POLICY,GEN_ACM_NOISE_MAKER,SOCKET_COUNTERMEASURE_02,3,
UK_SSBN_Resolution,UK,SSBN,Resolution,4,NOISE_MAKER,NM-MODERN,Modern Noise Maker,NM-MODERN-UK,,Modern Noise Maker,UNKNOWN,UNKNOWN,UNKNOWN_INSUFFICIENT_PUBLIC_DATA,GEN_ACM_NOISE_MAKER,SOCKET_COUNTERMEASURE_02,6,
UK_SSBN_Resolution,UK,SSBN,Resolution,4,NOISE_MAKER,NM-ADVANCED,Advanced Acoustic Countermeasure,NM-ADVANCED-UK,,Advanced Acoustic Countermeasure,INCOMPATIBLE,INCOMPATIBLE,ERA_WINDOW_POLICY,GEN_ACM_NOISE_MAKER,SOCKET_COUNTERMEASURE_02,8,
UK_SSBN_Resolution,UK,SSBN,Resolution,4,TORPEDO_DEFENSE,TD-WARNING,Torpedo Warning,TD-WARNING-UK,,Torpedo Warning,GAMEPLAY,GAMEPLAY,GAMEPLAY_POLICY,GEN_TW_TORPEDO_WARNING_SENSOR,SOCKET_DECOY_LAUNCHER_02,4,
UK_SSBN_Resolution,UK,SSBN,Resolution,4,TORPEDO_DEFENSE,TD-COUNTERMEASURE,Countermeasure,TD-COUNTERMEASURE-UK,,Countermeasure,GAMEPLAY,GAMEPLAY,GAMEPLAY_POLICY,US_ACM_TORPEDO_DECOY,SOCKET_DECOY_LAUNCHER_02,5,
UK_SSBN_Resolution,UK,SSBN,Resolution,4,TORPEDO_DEFENSE,TD-ADVANCED,Advanced Countermeasure,TD-ADVANCED-UK,,Advanced Countermeasure,UNKNOWN,UNKNOWN,UNKNOWN_INSUFFICIENT_PUBLIC_DATA,US_ACM_MOBILE_DECOY,SOCKET_DECOY_LAUNCHER_02,7,
UK_SSBN_Resolution,UK,SSBN,Resolution,4,TORPEDO_DEFENSE,TD-INTEGRATED,Integrated Torpedo Defense,TD-INTEGRATED-UK,,Integrated Torpedo Defense,INCOMPATIBLE,INCOMPATIBLE,ERA_WINDOW_POLICY,US_ACM_MOBILE_DECOY,SOCKET_DECOY_LAUNCHER_02,9,
UK_SSBN_Resolution,UK,SSBN,Resolution,4,LAUNCHER,CML-EXTERNAL,External Launcher,CML-EXTERNAL-UK,,External Launcher,GAMEPLAY,GAMEPLAY,GAMEPLAY_POLICY,US_CML_DECOY_LAUNCHER,SOCKET_DECOY_LAUNCHER_01,2,
UK_SSBN_Resolution,UK,SSBN,Resolution,4,LAUNCHER,CML-TUBE,Countermeasure Tube,CML-TUBE-UK,,Countermeasure Tube,GAMEPLAY,GAMEPLAY,GAMEPLAY_POLICY,GEN_CML_TUBE,SOCKET_DECOY_LAUNCHER_01,3,
UK_SSBN_Resolution,UK,SSBN,Resolution,4,LAUNCHER,CML-ACOUSTIC-DEVICE,Acoustic Device Launcher,CML-ACOUSTIC-DEVICE-UK,,Acoustic Device Launcher,GAMEPLAY,GAMEPLAY,GAMEPLAY_POLICY,US_CML_DECOY_LAUNCHER,SOCKET_DECOY_LAUNCHER_01,4,
UK_SSBN_Resolution,UK,SSBN,Resolution,4,LAUNCHER,CML-ADVANCED,Advanced Launcher,CML-ADVANCED-UK,,Advanced Launcher,UNKNOWN,UNKNOWN,UNKNOWN_INSUFFICIENT_PUBLIC_DATA,US_CML_DECOY_LAUNCHER,SOCKET_DECOY_LAUNCHER_01,7,
UK_SSBN_Resolution,UK,SSBN,Resolution,4,LAUNCHER,CML-INTEGRATED,Integrated Launcher,CML-INTEGRATED-UK,,Integrated Launcher,INCOMPATIBLE,INCOMPATIBLE,ERA_WINDOW_POLICY,US_CML_DECOY_LAUNCHER,SOCKET_DECOY_LAUNCHER_01,8,
UK_SSBN_Resolution,UK,SSBN,Resolution,4,DEFENSIVE_CONTROL,DC-CONSOLE,Defensive Control Console,DC-CONSOLE-UK,,Defensive Control Console,GAMEPLAY,GAMEPLAY,GAMEPLAY_POLICY,US_DCM_CONSOLE,,2,
UK_SSBN_Resolution,UK,SSBN,Resolution,4,DEFENSIVE_CONTROL,DC-INTEGRATED-CONTROL,Integrated Defensive Control,DC-INTEGRATED-CONTROL-UK,,Integrated Defensive Control,UNKNOWN,UNKNOWN,UNKNOWN_INSUFFICIENT_PUBLIC_DATA,US_DCM_CONSOLE,,6,
UK_SSBN_Resolution,UK,SSBN,Resolution,4,DEFENSIVE_CONTROL,DC-AUTOMATED,Automated Defensive Control,DC-AUTOMATED-UK,,Automated Defensive Control,INCOMPATIBLE,INCOMPATIBLE,ERA_WINDOW_POLICY,US_DCM_CONSOLE,,8,
UK_SSBN_Resolution,UK,SSBN,Resolution,4,INTEGRATED_DEFENSE,IDS-CORE,Integrated Defensive System,IDS-CORE-UK,,Integrated Defensive System,UNKNOWN,UNKNOWN,UNKNOWN_INSUFFICIENT_PUBLIC_DATA,US_DCM_CONSOLE,,6,
UK_SSBN_Resolution,UK,SSBN,Resolution,4,INTEGRATED_DEFENSE,IDS-ADVANCED,Next Generation Defensive System,IDS-ADVANCED-UK,,Next Generation Defensive System,INCOMPATIBLE,INCOMPATIBLE,ERA_WINDOW_POLICY,US_DCM_CONSOLE,,9,
UK_SSBN_Vanguard,UK,SSBN,Vanguard,8,ESM,ESM-BASIC-DETECTION,Basic Signal Detection,ESM-BASIC-DETECTION-UK,,Basic Signal Detection,GAMEPLAY,GAMEPLAY,GAMEPLAY_POLICY,UK_EW_ASTUTE,SOCKET_EW_MAST,1,
UK_SSBN_Vanguard,UK,SSBN,Vanguard,8,ESM,ESM-IMPROVED-DETECTION,Improved Detection,ESM-IMPROVED-DETECTION-UK,,Improved Detection,GAMEPLAY,GAMEPLAY,GAMEPLAY_POLICY,UK_EW_ASTUTE,SOCKET_EW_MAST,2,
UK_SSBN_Vanguard,UK,SSBN,Vanguard,8,ESM,ESM-CLASSIFICATION,Signal Classification,ESM-CLASSIFICATION-UK,,Signal Classification,GAMEPLAY,GAMEPLAY,GAMEPLAY_POLICY,UK_EW_ASTUTE,SOCKET_EW_MAST,3,
UK_SSBN_Vanguard,UK,SSBN,Vanguard,8,ESM,ESM-DIGITAL,Digital ESM,ESM-DIGITAL-UK,,Digital ESM,GAMEPLAY,GAMEPLAY,GAMEPLAY_POLICY,UK_EW_ASTUTE,SOCKET_EW_MAST,4,
UK_SSBN_Vanguard,UK,SSBN,Vanguard,8,ESM,ESM-MULTIBAND,Multi-Band ESM,ESM-MULTIBAND-UK,,Multi-Band ESM,GAMEPLAY,GAMEPLAY,GAMEPLAY_POLICY,UK_EW_ASTUTE,SOCKET_EW_MAST,5,
UK_SSBN_Vanguard,UK,SSBN,Vanguard,8,ESM,ESM-INTEGRATED,Integrated ESM,ESM-INTEGRATED-UK,,Integrated ESM,GAMEPLAY,GAMEPLAY,GAMEPLAY_POLICY,UK_EW_ASTUTE,SOCKET_EW_MAST,6,
UK_SSBN_Vanguard,UK,SSBN,Vanguard,8,ESM,ESM-ADVANCED-THREAT-WARNING,Advanced Threat Warning,ESM-ADVANCED-THREAT-WARNING-UK,,Advanced Threat Warning,GAMEPLAY,GAMEPLAY,GAMEPLAY_POLICY,UK_EW_ASTUTE,SOCKET_EW_MAST,7,
UK_SSBN_Vanguard,UK,SSBN,Vanguard,8,ESM,ESM-MULTISENSOR-FUSION,Multi-Sensor Fusion,ESM-MULTISENSOR-FUSION-UK,,Multi-Sensor Fusion,GAMEPLAY,GAMEPLAY,GAMEPLAY_POLICY,UK_EW_ASTUTE,SOCKET_EW_MAST,8,
UK_SSBN_Vanguard,UK,SSBN,Vanguard,8,ESM,ESM-ADVANCED-EW,Advanced Integrated EW,ESM-ADVANCED-EW-UK,,Advanced Integrated EW,GAMEPLAY,GAMEPLAY,GAMEPLAY_POLICY,UK_EW_ASTUTE,SOCKET_EW_MAST,9,
UK_SSBN_Vanguard,UK,SSBN,Vanguard,8,ESM,ESM-NEXTGEN,Next Generation Defensive Electronic System,ESM-NEXTGEN-UK,,Next Generation Defensive Electronic System,UNKNOWN,UNKNOWN,UNKNOWN_INSUFFICIENT_PUBLIC_DATA,UK_EW_ASTUTE,SOCKET_EW_MAST,10,
UK_SSBN_Vanguard,UK,SSBN,Vanguard,8,THREAT_WARNING,TW-RADAR-WARNING,Radar Warning,TW-RADAR-WARNING-UK,,Radar Warning,GAMEPLAY,GAMEPLAY,GAMEPLAY_POLICY,,SOCKET_EW_ANTENNA,1,
UK_SSBN_Vanguard,UK,SSBN,Vanguard,8,THREAT_WARNING,TW-ELECTRONIC-WARNING,Electronic Threat Warning,TW-ELECTRONIC-WARNING-UK,,Electronic Threat Warning,GAMEPLAY,GAMEPLAY,GAMEPLAY_POLICY,,SOCKET_EW_ANTENNA,3,
UK_SSBN_Vanguard,UK,SSBN,Vanguard,8,THREAT_WARNING,TW-ACTIVE-SONAR-WARNING,Active Sonar Warning,TW-ACTIVE-SONAR-WARNING-UK,,Active Sonar Warning,GAMEPLAY,GAMEPLAY,GAMEPLAY_POLICY,,SOCKET_EW_ANTENNA,4,
UK_SSBN_Vanguard,UK,SSBN,Vanguard,8,THREAT_WARNING,TW-TORPEDO-WARNING,Torpedo Warning,TW-TORPEDO-WARNING-UK,,Torpedo Warning,GAMEPLAY,GAMEPLAY,GAMEPLAY_POLICY,GEN_TW_TORPEDO_WARNING_SENSOR,SOCKET_EW_ANTENNA,5,
UK_SSBN_Vanguard,UK,SSBN,Vanguard,8,THREAT_WARNING,TW-ACOUSTIC-CLASSIFICATION,Acoustic Threat Classification,TW-ACOUSTIC-CLASSIFICATION-UK,,Acoustic Threat Classification,GAMEPLAY,GAMEPLAY,GAMEPLAY_POLICY,,SOCKET_EW_ANTENNA,6,
UK_SSBN_Vanguard,UK,SSBN,Vanguard,8,ACOUSTIC_COUNTERMEASURE,ACM-NOISE-MAKER,Noise Maker,ACM-NOISE-MAKER-UK,,Noise Maker,GAMEPLAY,GAMEPLAY,GAMEPLAY_POLICY,GEN_ACM_NOISE_MAKER,SOCKET_COUNTERMEASURE_01,1,
UK_SSBN_Vanguard,UK,SSBN,Vanguard,8,ACOUSTIC_COUNTERMEASURE,ACM-ACOUSTIC-DECOY,Acoustic Decoy,ACM-ACOUSTIC-DECOY-UK,,Acoustic Decoy,GAMEPLAY,GAMEPLAY,GAMEPLAY_POLICY,US_ACM_TORPEDO_DECOY,SOCKET_COUNTERMEASURE_01,2,
UK_SSBN_Vanguard,UK,SSBN,Vanguard,8,ACOUSTIC_COUNTERMEASURE,ACM-TORPEDO-DECOY,Torpedo Decoy,ACM-TORPEDO-DECOY-UK,,Torpedo Decoy,GAMEPLAY,GAMEPLAY,GAMEPLAY_POLICY,US_ACM_TORPEDO_DECOY,SOCKET_COUNTERMEASURE_01,4,
UK_SSBN_Vanguard,UK,SSBN,Vanguard,8,ACOUSTIC_COUNTERMEASURE,ACM-MOBILE-DECOY,Mobile Acoustic Decoy,ACM-MOBILE-DECOY-UK,,Mobile Acoustic Decoy,GAMEPLAY,GAMEPLAY,GAMEPLAY_POLICY,US_ACM_MOBILE_DECOY,SOCKET_COUNTERMEASURE_01,5,
UK_SSBN_Vanguard,UK,SSBN,Vanguard,8,ACOUSTIC_COUNTERMEASURE,ACM-ADVANCED,Advanced Acoustic Countermeasure,ACM-ADVANCED-UK,,Advanced Acoustic Countermeasure,GAMEPLAY,GAMEPLAY,GAMEPLAY_POLICY,US_ACM_MOBILE_DECOY,SOCKET_COUNTERMEASURE_01,7,
UK_SSBN_Vanguard,UK,SSBN,Vanguard,8,ACOUSTIC_COUNTERMEASURE,ACM-INTEGRATED,Integrated Acoustic Defense,ACM-INTEGRATED-UK,,Integrated Acoustic Defense,GAMEPLAY,GAMEPLAY,GAMEPLAY_POLICY,US_ACM_MOBILE_DECOY,SOCKET_COUNTERMEASURE_01,8,
UK_SSBN_Vanguard,UK,SSBN,Vanguard,8,DECOY,DEC-PASSIVE,Passive Decoy,DEC-PASSIVE-UK,,Passive Decoy,GAMEPLAY,GAMEPLAY,GAMEPLAY_POLICY,,SOCKET_COUNTERMEASURE_02,1,
UK_SSBN_Vanguard,UK,SSBN,Vanguard,8,DECOY,DEC-ACTIVE,Active Decoy,DEC-ACTIVE-UK,,Active Decoy,GAMEPLAY,GAMEPLAY,GAMEPLAY_POLICY,US_ACM_TORPEDO_DECOY,SOCKET_COUNTERMEASURE_02,3,
UK_SSBN_Vanguard,UK,SSBN,Vanguard,8,DECOY,DEC-ACOUSTIC,Acoustic Decoy,DEC-ACOUSTIC-UK,,Acoustic Decoy,GAMEPLAY,GAMEPLAY,GAMEPLAY_POLICY,US_ACM_TORPEDO_DECOY,SOCKET_COUNTERMEASURE_02,2,
UK_SSBN_Vanguard,UK,SSBN,Vanguard,8,DECOY,DEC-TORPEDO,Torpedo Decoy,DEC-TORPEDO-UK,,Torpedo Decoy,GAMEPLAY,GAMEPLAY,GAMEPLAY_POLICY,US_ACM_TORPEDO_DECOY,SOCKET_COUNTERMEASURE_02,4,
UK_SSBN_Vanguard,UK,SSBN,Vanguard,8,DECOY,DEC-MOBILE,Mobile Decoy,DEC-MOBILE-UK,,Mobile Decoy,GAMEPLAY,GAMEPLAY,GAMEPLAY_POLICY,US_ACM_MOBILE_DECOY,SOCKET_COUNTERMEASURE_02,5,
UK_SSBN_Vanguard,UK,SSBN,Vanguard,8,DECOY,DEC-ADVANCED,Advanced Decoy,DEC-ADVANCED-UK,,Advanced Decoy,GAMEPLAY,GAMEPLAY,GAMEPLAY_POLICY,US_ACM_MOBILE_DECOY,SOCKET_COUNTERMEASURE_02,7,
UK_SSBN_Vanguard,UK,SSBN,Vanguard,8,NOISE_MAKER,NM-EARLY,Early Noise Maker,NM-EARLY-UK,,Early Noise Maker,GAMEPLAY,GAMEPLAY,GAMEPLAY_POLICY,GEN_ACM_NOISE_MAKER,SOCKET_COUNTERMEASURE_02,1,
UK_SSBN_Vanguard,UK,SSBN,Vanguard,8,NOISE_MAKER,NM-IMPROVED,Improved Noise Maker,NM-IMPROVED-UK,,Improved Noise Maker,GAMEPLAY,GAMEPLAY,GAMEPLAY_POLICY,GEN_ACM_NOISE_MAKER,SOCKET_COUNTERMEASURE_02,3,
UK_SSBN_Vanguard,UK,SSBN,Vanguard,8,NOISE_MAKER,NM-MODERN,Modern Noise Maker,NM-MODERN-UK,,Modern Noise Maker,GAMEPLAY,GAMEPLAY,GAMEPLAY_POLICY,GEN_ACM_NOISE_MAKER,SOCKET_COUNTERMEASURE_02,6,
UK_SSBN_Vanguard,UK,SSBN,Vanguard,8,NOISE_MAKER,NM-ADVANCED,Advanced Acoustic Countermeasure,NM-ADVANCED-UK,,Advanced Acoustic Countermeasure,GAMEPLAY,GAMEPLAY,GAMEPLAY_POLICY,GEN_ACM_NOISE_MAKER,SOCKET_COUNTERMEASURE_02,8,
UK_SSBN_Vanguard,UK,SSBN,Vanguard,8,TORPEDO_DEFENSE,TD-WARNING,Torpedo Warning,TD-WARNING-UK,,Torpedo Warning,GAMEPLAY,GAMEPLAY,GAMEPLAY_POLICY,GEN_TW_TORPEDO_WARNING_SENSOR,SOCKET_DECOY_LAUNCHER_02,4,
UK_SSBN_Vanguard,UK,SSBN,Vanguard,8,TORPEDO_DEFENSE,TD-COUNTERMEASURE,Countermeasure,TD-COUNTERMEASURE-UK,,Countermeasure,GAMEPLAY,GAMEPLAY,GAMEPLAY_POLICY,US_ACM_TORPEDO_DECOY,SOCKET_DECOY_LAUNCHER_02,5,
UK_SSBN_Vanguard,UK,SSBN,Vanguard,8,TORPEDO_DEFENSE,TD-ADVANCED,Advanced Countermeasure,TD-ADVANCED-UK,,Advanced Countermeasure,GAMEPLAY,GAMEPLAY,GAMEPLAY_POLICY,US_ACM_MOBILE_DECOY,SOCKET_DECOY_LAUNCHER_02,7,
UK_SSBN_Vanguard,UK,SSBN,Vanguard,8,TORPEDO_DEFENSE,TD-INTEGRATED,Integrated Torpedo Defense,TD-INTEGRATED-UK,,Integrated Torpedo Defense,GAMEPLAY,GAMEPLAY,GAMEPLAY_POLICY,US_ACM_MOBILE_DECOY,SOCKET_DECOY_LAUNCHER_02,9,
UK_SSBN_Vanguard,UK,SSBN,Vanguard,8,LAUNCHER,CML-EXTERNAL,External Launcher,CML-EXTERNAL-UK,,External Launcher,GAMEPLAY,GAMEPLAY,GAMEPLAY_POLICY,US_CML_DECOY_LAUNCHER,SOCKET_DECOY_LAUNCHER_01,2,
UK_SSBN_Vanguard,UK,SSBN,Vanguard,8,LAUNCHER,CML-TUBE,Countermeasure Tube,CML-TUBE-UK,,Countermeasure Tube,GAMEPLAY,GAMEPLAY,GAMEPLAY_POLICY,GEN_CML_TUBE,SOCKET_DECOY_LAUNCHER_01,3,
UK_SSBN_Vanguard,UK,SSBN,Vanguard,8,LAUNCHER,CML-ACOUSTIC-DEVICE,Acoustic Device Launcher,CML-ACOUSTIC-DEVICE-UK,,Acoustic Device Launcher,GAMEPLAY,GAMEPLAY,GAMEPLAY_POLICY,US_CML_DECOY_LAUNCHER,SOCKET_DECOY_LAUNCHER_01,4,
UK_SSBN_Vanguard,UK,SSBN,Vanguard,8,LAUNCHER,CML-ADVANCED,Advanced Launcher,CML-ADVANCED-UK,,Advanced Launcher,GAMEPLAY,GAMEPLAY,GAMEPLAY_POLICY,US_CML_DECOY_LAUNCHER,SOCKET_DECOY_LAUNCHER_01,7,
UK_SSBN_Vanguard,UK,SSBN,Vanguard,8,LAUNCHER,CML-INTEGRATED,Integrated Launcher,CML-INTEGRATED-UK,,Integrated Launcher,GAMEPLAY,GAMEPLAY,GAMEPLAY_POLICY,US_CML_DECOY_LAUNCHER,SOCKET_DECOY_LAUNCHER_01,8,
UK_SSBN_Vanguard,UK,SSBN,Vanguard,8,DEFENSIVE_CONTROL,DC-CONSOLE,Defensive Control Console,DC-CONSOLE-UK,,Defensive Control Console,GAMEPLAY,GAMEPLAY,GAMEPLAY_POLICY,US_DCM_CONSOLE,,2,
UK_SSBN_Vanguard,UK,SSBN,Vanguard,8,DEFENSIVE_CONTROL,DC-INTEGRATED-CONTROL,Integrated Defensive Control,DC-INTEGRATED-CONTROL-UK,,Integrated Defensive Control,GAMEPLAY,GAMEPLAY,GAMEPLAY_POLICY,US_DCM_CONSOLE,,6,
UK_SSBN_Vanguard,UK,SSBN,Vanguard,8,DEFENSIVE_CONTROL,DC-AUTOMATED,Automated Defensive Control,DC-AUTOMATED-UK,,Automated Defensive Control,GAMEPLAY,GAMEPLAY,GAMEPLAY_POLICY,US_DCM_CONSOLE,,8,
UK_SSBN_Vanguard,UK,SSBN,Vanguard,8,INTEGRATED_DEFENSE,IDS-CORE,Integrated Defensive System,IDS-CORE-UK,,Integrated Defensive System,GAMEPLAY,GAMEPLAY,GAMEPLAY_POLICY,US_DCM_CONSOLE,,6,
UK_SSBN_Vanguard,UK,SSBN,Vanguard,8,INTEGRATED_DEFENSE,IDS-ADVANCED,Next Generation Defensive System,IDS-ADVANCED-UK,,Next Generation Defensive System,GAMEPLAY,GAMEPLAY,GAMEPLAY_POLICY,US_DCM_CONSOLE,,9,
UK_SSBN_Dreadnought,UK,SSBN,Dreadnought,10,ESM,ESM-BASIC-DETECTION,Basic Signal Detection,ESM-BASIC-DETECTION-UK,,Basic Signal Detection,GAMEPLAY,GAMEPLAY,GAMEPLAY_POLICY,UK_EW_ASTUTE,SOCKET_EW_MAST,1,
UK_SSBN_Dreadnought,UK,SSBN,Dreadnought,10,ESM,ESM-IMPROVED-DETECTION,Improved Detection,ESM-IMPROVED-DETECTION-UK,,Improved Detection,GAMEPLAY,GAMEPLAY,GAMEPLAY_POLICY,UK_EW_ASTUTE,SOCKET_EW_MAST,2,
UK_SSBN_Dreadnought,UK,SSBN,Dreadnought,10,ESM,ESM-CLASSIFICATION,Signal Classification,ESM-CLASSIFICATION-UK,,Signal Classification,GAMEPLAY,GAMEPLAY,GAMEPLAY_POLICY,UK_EW_ASTUTE,SOCKET_EW_MAST,3,
UK_SSBN_Dreadnought,UK,SSBN,Dreadnought,10,ESM,ESM-DIGITAL,Digital ESM,ESM-DIGITAL-UK,,Digital ESM,GAMEPLAY,GAMEPLAY,GAMEPLAY_POLICY,UK_EW_ASTUTE,SOCKET_EW_MAST,4,
UK_SSBN_Dreadnought,UK,SSBN,Dreadnought,10,ESM,ESM-MULTIBAND,Multi-Band ESM,ESM-MULTIBAND-UK,,Multi-Band ESM,GAMEPLAY,GAMEPLAY,GAMEPLAY_POLICY,UK_EW_ASTUTE,SOCKET_EW_MAST,5,
UK_SSBN_Dreadnought,UK,SSBN,Dreadnought,10,ESM,ESM-INTEGRATED,Integrated ESM,ESM-INTEGRATED-UK,,Integrated ESM,GAMEPLAY,GAMEPLAY,GAMEPLAY_POLICY,UK_EW_ASTUTE,SOCKET_EW_MAST,6,
UK_SSBN_Dreadnought,UK,SSBN,Dreadnought,10,ESM,ESM-ADVANCED-THREAT-WARNING,Advanced Threat Warning,ESM-ADVANCED-THREAT-WARNING-UK,,Advanced Threat Warning,GAMEPLAY,GAMEPLAY,GAMEPLAY_POLICY,UK_EW_ASTUTE,SOCKET_EW_MAST,7,
UK_SSBN_Dreadnought,UK,SSBN,Dreadnought,10,ESM,ESM-MULTISENSOR-FUSION,Multi-Sensor Fusion,ESM-MULTISENSOR-FUSION-UK,,Multi-Sensor Fusion,GAMEPLAY,GAMEPLAY,GAMEPLAY_POLICY,UK_EW_ASTUTE,SOCKET_EW_MAST,8,
UK_SSBN_Dreadnought,UK,SSBN,Dreadnought,10,ESM,ESM-ADVANCED-EW,Advanced Integrated EW,ESM-ADVANCED-EW-UK,,Advanced Integrated EW,GAMEPLAY,GAMEPLAY,GAMEPLAY_POLICY,UK_EW_ASTUTE,SOCKET_EW_MAST,9,
UK_SSBN_Dreadnought,UK,SSBN,Dreadnought,10,ESM,ESM-NEXTGEN,Next Generation Defensive Electronic System,ESM-NEXTGEN-UK,,Next Generation Defensive Electronic System,GAMEPLAY,GAMEPLAY,GAMEPLAY_POLICY,UK_EW_ASTUTE,SOCKET_EW_MAST,10,
UK_SSBN_Dreadnought,UK,SSBN,Dreadnought,10,THREAT_WARNING,TW-RADAR-WARNING,Radar Warning,TW-RADAR-WARNING-UK,,Radar Warning,GAMEPLAY,GAMEPLAY,GAMEPLAY_POLICY,,SOCKET_EW_ANTENNA,1,
UK_SSBN_Dreadnought,UK,SSBN,Dreadnought,10,THREAT_WARNING,TW-ELECTRONIC-WARNING,Electronic Threat Warning,TW-ELECTRONIC-WARNING-UK,,Electronic Threat Warning,GAMEPLAY,GAMEPLAY,GAMEPLAY_POLICY,,SOCKET_EW_ANTENNA,3,
UK_SSBN_Dreadnought,UK,SSBN,Dreadnought,10,THREAT_WARNING,TW-ACTIVE-SONAR-WARNING,Active Sonar Warning,TW-ACTIVE-SONAR-WARNING-UK,,Active Sonar Warning,GAMEPLAY,GAMEPLAY,GAMEPLAY_POLICY,,SOCKET_EW_ANTENNA,4,
UK_SSBN_Dreadnought,UK,SSBN,Dreadnought,10,THREAT_WARNING,TW-TORPEDO-WARNING,Torpedo Warning,TW-TORPEDO-WARNING-UK,,Torpedo Warning,GAMEPLAY,GAMEPLAY,GAMEPLAY_POLICY,GEN_TW_TORPEDO_WARNING_SENSOR,SOCKET_EW_ANTENNA,5,
UK_SSBN_Dreadnought,UK,SSBN,Dreadnought,10,THREAT_WARNING,TW-ACOUSTIC-CLASSIFICATION,Acoustic Threat Classification,TW-ACOUSTIC-CLASSIFICATION-UK,,Acoustic Threat Classification,GAMEPLAY,GAMEPLAY,GAMEPLAY_POLICY,,SOCKET_EW_ANTENNA,6,
UK_SSBN_Dreadnought,UK,SSBN,Dreadnought,10,ACOUSTIC_COUNTERMEASURE,ACM-NOISE-MAKER,Noise Maker,ACM-NOISE-MAKER-UK,,Noise Maker,GAMEPLAY,GAMEPLAY,GAMEPLAY_POLICY,GEN_ACM_NOISE_MAKER,SOCKET_COUNTERMEASURE_01,1,
UK_SSBN_Dreadnought,UK,SSBN,Dreadnought,10,ACOUSTIC_COUNTERMEASURE,ACM-ACOUSTIC-DECOY,Acoustic Decoy,ACM-ACOUSTIC-DECOY-UK,,Acoustic Decoy,GAMEPLAY,GAMEPLAY,GAMEPLAY_POLICY,US_ACM_TORPEDO_DECOY,SOCKET_COUNTERMEASURE_01,2,
UK_SSBN_Dreadnought,UK,SSBN,Dreadnought,10,ACOUSTIC_COUNTERMEASURE,ACM-TORPEDO-DECOY,Torpedo Decoy,ACM-TORPEDO-DECOY-UK,,Torpedo Decoy,GAMEPLAY,GAMEPLAY,GAMEPLAY_POLICY,US_ACM_TORPEDO_DECOY,SOCKET_COUNTERMEASURE_01,4,
UK_SSBN_Dreadnought,UK,SSBN,Dreadnought,10,ACOUSTIC_COUNTERMEASURE,ACM-MOBILE-DECOY,Mobile Acoustic Decoy,ACM-MOBILE-DECOY-UK,,Mobile Acoustic Decoy,GAMEPLAY,GAMEPLAY,GAMEPLAY_POLICY,US_ACM_MOBILE_DECOY,SOCKET_COUNTERMEASURE_01,5,
UK_SSBN_Dreadnought,UK,SSBN,Dreadnought,10,ACOUSTIC_COUNTERMEASURE,ACM-ADVANCED,Advanced Acoustic Countermeasure,ACM-ADVANCED-UK,,Advanced Acoustic Countermeasure,GAMEPLAY,GAMEPLAY,GAMEPLAY_POLICY,US_ACM_MOBILE_DECOY,SOCKET_COUNTERMEASURE_01,7,
UK_SSBN_Dreadnought,UK,SSBN,Dreadnought,10,ACOUSTIC_COUNTERMEASURE,ACM-INTEGRATED,Integrated Acoustic Defense,ACM-INTEGRATED-UK,,Integrated Acoustic Defense,GAMEPLAY,GAMEPLAY,GAMEPLAY_POLICY,US_ACM_MOBILE_DECOY,SOCKET_COUNTERMEASURE_01,8,
UK_SSBN_Dreadnought,UK,SSBN,Dreadnought,10,DECOY,DEC-PASSIVE,Passive Decoy,DEC-PASSIVE-UK,,Passive Decoy,GAMEPLAY,GAMEPLAY,GAMEPLAY_POLICY,,SOCKET_COUNTERMEASURE_02,1,
UK_SSBN_Dreadnought,UK,SSBN,Dreadnought,10,DECOY,DEC-ACTIVE,Active Decoy,DEC-ACTIVE-UK,,Active Decoy,GAMEPLAY,GAMEPLAY,GAMEPLAY_POLICY,US_ACM_TORPEDO_DECOY,SOCKET_COUNTERMEASURE_02,3,
UK_SSBN_Dreadnought,UK,SSBN,Dreadnought,10,DECOY,DEC-ACOUSTIC,Acoustic Decoy,DEC-ACOUSTIC-UK,,Acoustic Decoy,GAMEPLAY,GAMEPLAY,GAMEPLAY_POLICY,US_ACM_TORPEDO_DECOY,SOCKET_COUNTERMEASURE_02,2,
UK_SSBN_Dreadnought,UK,SSBN,Dreadnought,10,DECOY,DEC-TORPEDO,Torpedo Decoy,DEC-TORPEDO-UK,,Torpedo Decoy,GAMEPLAY,GAMEPLAY,GAMEPLAY_POLICY,US_ACM_TORPEDO_DECOY,SOCKET_COUNTERMEASURE_02,4,
UK_SSBN_Dreadnought,UK,SSBN,Dreadnought,10,DECOY,DEC-MOBILE,Mobile Decoy,DEC-MOBILE-UK,,Mobile Decoy,GAMEPLAY,GAMEPLAY,GAMEPLAY_POLICY,US_ACM_MOBILE_DECOY,SOCKET_COUNTERMEASURE_02,5,
UK_SSBN_Dreadnought,UK,SSBN,Dreadnought,10,DECOY,DEC-ADVANCED,Advanced Decoy,DEC-ADVANCED-UK,,Advanced Decoy,GAMEPLAY,GAMEPLAY,GAMEPLAY_POLICY,US_ACM_MOBILE_DECOY,SOCKET_COUNTERMEASURE_02,7,
UK_SSBN_Dreadnought,UK,SSBN,Dreadnought,10,NOISE_MAKER,NM-EARLY,Early Noise Maker,NM-EARLY-UK,,Early Noise Maker,GAMEPLAY,GAMEPLAY,GAMEPLAY_POLICY,GEN_ACM_NOISE_MAKER,SOCKET_COUNTERMEASURE_02,1,
UK_SSBN_Dreadnought,UK,SSBN,Dreadnought,10,NOISE_MAKER,NM-IMPROVED,Improved Noise Maker,NM-IMPROVED-UK,,Improved Noise Maker,GAMEPLAY,GAMEPLAY,GAMEPLAY_POLICY,GEN_ACM_NOISE_MAKER,SOCKET_COUNTERMEASURE_02,3,
UK_SSBN_Dreadnought,UK,SSBN,Dreadnought,10,NOISE_MAKER,NM-MODERN,Modern Noise Maker,NM-MODERN-UK,,Modern Noise Maker,GAMEPLAY,GAMEPLAY,GAMEPLAY_POLICY,GEN_ACM_NOISE_MAKER,SOCKET_COUNTERMEASURE_02,6,
UK_SSBN_Dreadnought,UK,SSBN,Dreadnought,10,NOISE_MAKER,NM-ADVANCED,Advanced Acoustic Countermeasure,NM-ADVANCED-UK,,Advanced Acoustic Countermeasure,GAMEPLAY,GAMEPLAY,GAMEPLAY_POLICY,GEN_ACM_NOISE_MAKER,SOCKET_COUNTERMEASURE_02,8,
UK_SSBN_Dreadnought,UK,SSBN,Dreadnought,10,TORPEDO_DEFENSE,TD-WARNING,Torpedo Warning,TD-WARNING-UK,,Torpedo Warning,GAMEPLAY,GAMEPLAY,GAMEPLAY_POLICY,GEN_TW_TORPEDO_WARNING_SENSOR,SOCKET_DECOY_LAUNCHER_02,4,
UK_SSBN_Dreadnought,UK,SSBN,Dreadnought,10,TORPEDO_DEFENSE,TD-COUNTERMEASURE,Countermeasure,TD-COUNTERMEASURE-UK,,Countermeasure,GAMEPLAY,GAMEPLAY,GAMEPLAY_POLICY,US_ACM_TORPEDO_DECOY,SOCKET_DECOY_LAUNCHER_02,5,
UK_SSBN_Dreadnought,UK,SSBN,Dreadnought,10,TORPEDO_DEFENSE,TD-ADVANCED,Advanced Countermeasure,TD-ADVANCED-UK,,Advanced Countermeasure,GAMEPLAY,GAMEPLAY,GAMEPLAY_POLICY,US_ACM_MOBILE_DECOY,SOCKET_DECOY_LAUNCHER_02,7,
UK_SSBN_Dreadnought,UK,SSBN,Dreadnought,10,TORPEDO_DEFENSE,TD-INTEGRATED,Integrated Torpedo Defense,TD-INTEGRATED-UK,,Integrated Torpedo Defense,GAMEPLAY,GAMEPLAY,GAMEPLAY_POLICY,US_ACM_MOBILE_DECOY,SOCKET_DECOY_LAUNCHER_02,9,
UK_SSBN_Dreadnought,UK,SSBN,Dreadnought,10,LAUNCHER,CML-EXTERNAL,External Launcher,CML-EXTERNAL-UK,,External Launcher,GAMEPLAY,GAMEPLAY,GAMEPLAY_POLICY,US_CML_DECOY_LAUNCHER,SOCKET_DECOY_LAUNCHER_01,2,
UK_SSBN_Dreadnought,UK,SSBN,Dreadnought,10,LAUNCHER,CML-TUBE,Countermeasure Tube,CML-TUBE-UK,,Countermeasure Tube,GAMEPLAY,GAMEPLAY,GAMEPLAY_POLICY,GEN_CML_TUBE,SOCKET_DECOY_LAUNCHER_01,3,
UK_SSBN_Dreadnought,UK,SSBN,Dreadnought,10,LAUNCHER,CML-ACOUSTIC-DEVICE,Acoustic Device Launcher,CML-ACOUSTIC-DEVICE-UK,,Acoustic Device Launcher,GAMEPLAY,GAMEPLAY,GAMEPLAY_POLICY,US_CML_DECOY_LAUNCHER,SOCKET_DECOY_LAUNCHER_01,4,
UK_SSBN_Dreadnought,UK,SSBN,Dreadnought,10,LAUNCHER,CML-ADVANCED,Advanced Launcher,CML-ADVANCED-UK,,Advanced Launcher,GAMEPLAY,GAMEPLAY,GAMEPLAY_POLICY,US_CML_DECOY_LAUNCHER,SOCKET_DECOY_LAUNCHER_01,7,
UK_SSBN_Dreadnought,UK,SSBN,Dreadnought,10,LAUNCHER,CML-INTEGRATED,Integrated Launcher,CML-INTEGRATED-UK,,Integrated Launcher,GAMEPLAY,GAMEPLAY,GAMEPLAY_POLICY,US_CML_DECOY_LAUNCHER,SOCKET_DECOY_LAUNCHER_01,8,
UK_SSBN_Dreadnought,UK,SSBN,Dreadnought,10,DEFENSIVE_CONTROL,DC-CONSOLE,Defensive Control Console,DC-CONSOLE-UK,,Defensive Control Console,GAMEPLAY,GAMEPLAY,GAMEPLAY_POLICY,US_DCM_CONSOLE,,2,
UK_SSBN_Dreadnought,UK,SSBN,Dreadnought,10,DEFENSIVE_CONTROL,DC-INTEGRATED-CONTROL,Integrated Defensive Control,DC-INTEGRATED-CONTROL-UK,,Integrated Defensive Control,GAMEPLAY,GAMEPLAY,GAMEPLAY_POLICY,US_DCM_CONSOLE,,6,
UK_SSBN_Dreadnought,UK,SSBN,Dreadnought,10,DEFENSIVE_CONTROL,DC-AUTOMATED,Automated Defensive Control,DC-AUTOMATED-UK,,Automated Defensive Control,GAMEPLAY,GAMEPLAY,GAMEPLAY_POLICY,US_DCM_CONSOLE,,8,
UK_SSBN_Dreadnought,UK,SSBN,Dreadnought,10,INTEGRATED_DEFENSE,IDS-CORE,Integrated Defensive System,IDS-CORE-UK,,Integrated Defensive System,GAMEPLAY,GAMEPLAY,GAMEPLAY_POLICY,US_DCM_CONSOLE,,6,
UK_SSBN_Dreadnought,UK,SSBN,Dreadnought,10,INTEGRATED_DEFENSE,IDS-ADVANCED,Next Generation Defensive System,IDS-ADVANCED-UK,,Next Generation Defensive System,GAMEPLAY,GAMEPLAY,GAMEPLAY_POLICY,US_DCM_CONSOLE,,9,
FR_SSN_Rubis,France,SSN,Rubis,6,ESM,ESM-BASIC-DETECTION,Basic Signal Detection,ESM-BASIC-DETECTION-FR,,Basic Signal Detection,GAMEPLAY,GAMEPLAY,GAMEPLAY_POLICY,US_EW_ESM_GENERIC,SOCKET_EW_MAST,1,
FR_SSN_Rubis,France,SSN,Rubis,6,ESM,ESM-IMPROVED-DETECTION,Improved Detection,ESM-IMPROVED-DETECTION-FR,,Improved Detection,GAMEPLAY,GAMEPLAY,GAMEPLAY_POLICY,US_EW_ESM_GENERIC,SOCKET_EW_MAST,2,
FR_SSN_Rubis,France,SSN,Rubis,6,ESM,ESM-CLASSIFICATION,Signal Classification,ESM-CLASSIFICATION-FR,,Signal Classification,GAMEPLAY,GAMEPLAY,GAMEPLAY_POLICY,US_EW_ESM_GENERIC,SOCKET_EW_MAST,3,
FR_SSN_Rubis,France,SSN,Rubis,6,ESM,ESM-DIGITAL,Digital ESM,ESM-DIGITAL-FR,,Digital ESM,GAMEPLAY,GAMEPLAY,GAMEPLAY_POLICY,US_EW_ESM_GENERIC,SOCKET_EW_MAST,4,
FR_SSN_Rubis,France,SSN,Rubis,6,ESM,ESM-MULTIBAND,Multi-Band ESM,ESM-MULTIBAND-FR,,Multi-Band ESM,GAMEPLAY,GAMEPLAY,GAMEPLAY_POLICY,US_EW_ESM_GENERIC,SOCKET_EW_MAST,5,
FR_SSN_Rubis,France,SSN,Rubis,6,ESM,ESM-INTEGRATED,Integrated ESM,ESM-INTEGRATED-FR,,Integrated ESM,GAMEPLAY,GAMEPLAY,GAMEPLAY_POLICY,US_EW_ESM_GENERIC,SOCKET_EW_MAST,6,
FR_SSN_Rubis,France,SSN,Rubis,6,ESM,ESM-ADVANCED-THREAT-WARNING,Advanced Threat Warning,ESM-ADVANCED-THREAT-WARNING-FR,,Advanced Threat Warning,GAMEPLAY,GAMEPLAY,GAMEPLAY_POLICY,US_EW_ESM_GENERIC,SOCKET_EW_MAST,7,
FR_SSN_Rubis,France,SSN,Rubis,6,ESM,ESM-MULTISENSOR-FUSION,Multi-Sensor Fusion,ESM-MULTISENSOR-FUSION-FR,,Multi-Sensor Fusion,UNKNOWN,UNKNOWN,UNKNOWN_INSUFFICIENT_PUBLIC_DATA,US_EW_ESM_GENERIC,SOCKET_EW_MAST,8,
FR_SSN_Rubis,France,SSN,Rubis,6,ESM,ESM-ADVANCED-EW,Advanced Integrated EW,ESM-ADVANCED-EW-FR,,Advanced Integrated EW,UNKNOWN,UNKNOWN,UNKNOWN_INSUFFICIENT_PUBLIC_DATA,US_EW_ESM_GENERIC,SOCKET_EW_MAST,9,
FR_SSN_Rubis,France,SSN,Rubis,6,ESM,ESM-NEXTGEN,Next Generation Defensive Electronic System,ESM-NEXTGEN-FR,,Next Generation Defensive Electronic System,INCOMPATIBLE,INCOMPATIBLE,ERA_WINDOW_POLICY,US_EW_ESM_GENERIC,SOCKET_EW_MAST,10,
FR_SSN_Rubis,France,SSN,Rubis,6,THREAT_WARNING,TW-RADAR-WARNING,Radar Warning,TW-RADAR-WARNING-FR,,Radar Warning,GAMEPLAY,GAMEPLAY,GAMEPLAY_POLICY,,SOCKET_EW_ANTENNA,1,
FR_SSN_Rubis,France,SSN,Rubis,6,THREAT_WARNING,TW-ELECTRONIC-WARNING,Electronic Threat Warning,TW-ELECTRONIC-WARNING-FR,,Electronic Threat Warning,GAMEPLAY,GAMEPLAY,GAMEPLAY_POLICY,,SOCKET_EW_ANTENNA,3,
FR_SSN_Rubis,France,SSN,Rubis,6,THREAT_WARNING,TW-ACTIVE-SONAR-WARNING,Active Sonar Warning,TW-ACTIVE-SONAR-WARNING-FR,,Active Sonar Warning,GAMEPLAY,GAMEPLAY,GAMEPLAY_POLICY,,SOCKET_EW_ANTENNA,4,
FR_SSN_Rubis,France,SSN,Rubis,6,THREAT_WARNING,TW-TORPEDO-WARNING,Torpedo Warning,TW-TORPEDO-WARNING-FR,,Torpedo Warning,GAMEPLAY,GAMEPLAY,GAMEPLAY_POLICY,GEN_TW_TORPEDO_WARNING_SENSOR,SOCKET_EW_ANTENNA,5,
FR_SSN_Rubis,France,SSN,Rubis,6,THREAT_WARNING,TW-ACOUSTIC-CLASSIFICATION,Acoustic Threat Classification,TW-ACOUSTIC-CLASSIFICATION-FR,,Acoustic Threat Classification,GAMEPLAY,GAMEPLAY,GAMEPLAY_POLICY,,SOCKET_EW_ANTENNA,6,
FR_SSN_Rubis,France,SSN,Rubis,6,ACOUSTIC_COUNTERMEASURE,ACM-NOISE-MAKER,Noise Maker,ACM-NOISE-MAKER-FR,,Noise Maker,GAMEPLAY,GAMEPLAY,GAMEPLAY_POLICY,GEN_ACM_NOISE_MAKER,SOCKET_COUNTERMEASURE_01,1,
FR_SSN_Rubis,France,SSN,Rubis,6,ACOUSTIC_COUNTERMEASURE,ACM-ACOUSTIC-DECOY,Acoustic Decoy,ACM-ACOUSTIC-DECOY-FR,,Acoustic Decoy,GAMEPLAY,GAMEPLAY,GAMEPLAY_POLICY,US_ACM_TORPEDO_DECOY,SOCKET_COUNTERMEASURE_01,2,
FR_SSN_Rubis,France,SSN,Rubis,6,ACOUSTIC_COUNTERMEASURE,ACM-TORPEDO-DECOY,Torpedo Decoy,ACM-TORPEDO-DECOY-FR,,Torpedo Decoy,GAMEPLAY,GAMEPLAY,GAMEPLAY_POLICY,US_ACM_TORPEDO_DECOY,SOCKET_COUNTERMEASURE_01,4,
FR_SSN_Rubis,France,SSN,Rubis,6,ACOUSTIC_COUNTERMEASURE,ACM-MOBILE-DECOY,Mobile Acoustic Decoy,ACM-MOBILE-DECOY-FR,,Mobile Acoustic Decoy,GAMEPLAY,GAMEPLAY,GAMEPLAY_POLICY,US_ACM_MOBILE_DECOY,SOCKET_COUNTERMEASURE_01,5,
FR_SSN_Rubis,France,SSN,Rubis,6,ACOUSTIC_COUNTERMEASURE,ACM-ADVANCED,Advanced Acoustic Countermeasure,ACM-ADVANCED-FR,,Advanced Acoustic Countermeasure,GAMEPLAY,GAMEPLAY,GAMEPLAY_POLICY,US_ACM_MOBILE_DECOY,SOCKET_COUNTERMEASURE_01,7,
FR_SSN_Rubis,France,SSN,Rubis,6,ACOUSTIC_COUNTERMEASURE,ACM-INTEGRATED,Integrated Acoustic Defense,ACM-INTEGRATED-FR,,Integrated Acoustic Defense,UNKNOWN,UNKNOWN,UNKNOWN_INSUFFICIENT_PUBLIC_DATA,US_ACM_MOBILE_DECOY,SOCKET_COUNTERMEASURE_01,8,
FR_SSN_Rubis,France,SSN,Rubis,6,DECOY,DEC-PASSIVE,Passive Decoy,DEC-PASSIVE-FR,,Passive Decoy,GAMEPLAY,GAMEPLAY,GAMEPLAY_POLICY,,SOCKET_COUNTERMEASURE_02,1,
FR_SSN_Rubis,France,SSN,Rubis,6,DECOY,DEC-ACTIVE,Active Decoy,DEC-ACTIVE-FR,,Active Decoy,GAMEPLAY,GAMEPLAY,GAMEPLAY_POLICY,US_ACM_TORPEDO_DECOY,SOCKET_COUNTERMEASURE_02,3,
FR_SSN_Rubis,France,SSN,Rubis,6,DECOY,DEC-ACOUSTIC,Acoustic Decoy,DEC-ACOUSTIC-FR,,Acoustic Decoy,GAMEPLAY,GAMEPLAY,GAMEPLAY_POLICY,US_ACM_TORPEDO_DECOY,SOCKET_COUNTERMEASURE_02,2,
FR_SSN_Rubis,France,SSN,Rubis,6,DECOY,DEC-TORPEDO,Torpedo Decoy,DEC-TORPEDO-FR,,Torpedo Decoy,GAMEPLAY,GAMEPLAY,GAMEPLAY_POLICY,US_ACM_TORPEDO_DECOY,SOCKET_COUNTERMEASURE_02,4,
FR_SSN_Rubis,France,SSN,Rubis,6,DECOY,DEC-MOBILE,Mobile Decoy,DEC-MOBILE-FR,,Mobile Decoy,GAMEPLAY,GAMEPLAY,GAMEPLAY_POLICY,US_ACM_MOBILE_DECOY,SOCKET_COUNTERMEASURE_02,5,
FR_SSN_Rubis,France,SSN,Rubis,6,DECOY,DEC-ADVANCED,Advanced Decoy,DEC-ADVANCED-FR,,Advanced Decoy,GAMEPLAY,GAMEPLAY,GAMEPLAY_POLICY,US_ACM_MOBILE_DECOY,SOCKET_COUNTERMEASURE_02,7,
FR_SSN_Rubis,France,SSN,Rubis,6,NOISE_MAKER,NM-EARLY,Early Noise Maker,NM-EARLY-FR,,Early Noise Maker,GAMEPLAY,GAMEPLAY,GAMEPLAY_POLICY,GEN_ACM_NOISE_MAKER,SOCKET_COUNTERMEASURE_02,1,
FR_SSN_Rubis,France,SSN,Rubis,6,NOISE_MAKER,NM-IMPROVED,Improved Noise Maker,NM-IMPROVED-FR,,Improved Noise Maker,GAMEPLAY,GAMEPLAY,GAMEPLAY_POLICY,GEN_ACM_NOISE_MAKER,SOCKET_COUNTERMEASURE_02,3,
FR_SSN_Rubis,France,SSN,Rubis,6,NOISE_MAKER,NM-MODERN,Modern Noise Maker,NM-MODERN-FR,,Modern Noise Maker,GAMEPLAY,GAMEPLAY,GAMEPLAY_POLICY,GEN_ACM_NOISE_MAKER,SOCKET_COUNTERMEASURE_02,6,
FR_SSN_Rubis,France,SSN,Rubis,6,NOISE_MAKER,NM-ADVANCED,Advanced Acoustic Countermeasure,NM-ADVANCED-FR,,Advanced Acoustic Countermeasure,UNKNOWN,UNKNOWN,UNKNOWN_INSUFFICIENT_PUBLIC_DATA,GEN_ACM_NOISE_MAKER,SOCKET_COUNTERMEASURE_02,8,
FR_SSN_Rubis,France,SSN,Rubis,6,TORPEDO_DEFENSE,TD-WARNING,Torpedo Warning,TD-WARNING-FR,,Torpedo Warning,GAMEPLAY,GAMEPLAY,GAMEPLAY_POLICY,GEN_TW_TORPEDO_WARNING_SENSOR,SOCKET_DECOY_LAUNCHER_02,4,
FR_SSN_Rubis,France,SSN,Rubis,6,TORPEDO_DEFENSE,TD-COUNTERMEASURE,Countermeasure,TD-COUNTERMEASURE-FR,,Countermeasure,GAMEPLAY,GAMEPLAY,GAMEPLAY_POLICY,US_ACM_TORPEDO_DECOY,SOCKET_DECOY_LAUNCHER_02,5,
FR_SSN_Rubis,France,SSN,Rubis,6,TORPEDO_DEFENSE,TD-ADVANCED,Advanced Countermeasure,TD-ADVANCED-FR,,Advanced Countermeasure,GAMEPLAY,GAMEPLAY,GAMEPLAY_POLICY,US_ACM_MOBILE_DECOY,SOCKET_DECOY_LAUNCHER_02,7,
FR_SSN_Rubis,France,SSN,Rubis,6,TORPEDO_DEFENSE,TD-INTEGRATED,Integrated Torpedo Defense,TD-INTEGRATED-FR,,Integrated Torpedo Defense,UNKNOWN,UNKNOWN,UNKNOWN_INSUFFICIENT_PUBLIC_DATA,US_ACM_MOBILE_DECOY,SOCKET_DECOY_LAUNCHER_02,9,
FR_SSN_Rubis,France,SSN,Rubis,6,LAUNCHER,CML-EXTERNAL,External Launcher,CML-EXTERNAL-FR,,External Launcher,GAMEPLAY,GAMEPLAY,GAMEPLAY_POLICY,US_CML_DECOY_LAUNCHER,SOCKET_DECOY_LAUNCHER_01,2,
FR_SSN_Rubis,France,SSN,Rubis,6,LAUNCHER,CML-TUBE,Countermeasure Tube,CML-TUBE-FR,,Countermeasure Tube,GAMEPLAY,GAMEPLAY,GAMEPLAY_POLICY,GEN_CML_TUBE,SOCKET_DECOY_LAUNCHER_01,3,
FR_SSN_Rubis,France,SSN,Rubis,6,LAUNCHER,CML-ACOUSTIC-DEVICE,Acoustic Device Launcher,CML-ACOUSTIC-DEVICE-FR,,Acoustic Device Launcher,GAMEPLAY,GAMEPLAY,GAMEPLAY_POLICY,US_CML_DECOY_LAUNCHER,SOCKET_DECOY_LAUNCHER_01,4,
FR_SSN_Rubis,France,SSN,Rubis,6,LAUNCHER,CML-ADVANCED,Advanced Launcher,CML-ADVANCED-FR,,Advanced Launcher,GAMEPLAY,GAMEPLAY,GAMEPLAY_POLICY,US_CML_DECOY_LAUNCHER,SOCKET_DECOY_LAUNCHER_01,7,
FR_SSN_Rubis,France,SSN,Rubis,6,LAUNCHER,CML-INTEGRATED,Integrated Launcher,CML-INTEGRATED-FR,,Integrated Launcher,UNKNOWN,UNKNOWN,UNKNOWN_INSUFFICIENT_PUBLIC_DATA,US_CML_DECOY_LAUNCHER,SOCKET_DECOY_LAUNCHER_01,8,
FR_SSN_Rubis,France,SSN,Rubis,6,DEFENSIVE_CONTROL,DC-CONSOLE,Defensive Control Console,DC-CONSOLE-FR,,Defensive Control Console,GAMEPLAY,GAMEPLAY,GAMEPLAY_POLICY,US_DCM_CONSOLE,,2,
FR_SSN_Rubis,France,SSN,Rubis,6,DEFENSIVE_CONTROL,DC-INTEGRATED-CONTROL,Integrated Defensive Control,DC-INTEGRATED-CONTROL-FR,,Integrated Defensive Control,GAMEPLAY,GAMEPLAY,GAMEPLAY_POLICY,US_DCM_CONSOLE,,6,
FR_SSN_Rubis,France,SSN,Rubis,6,DEFENSIVE_CONTROL,DC-AUTOMATED,Automated Defensive Control,DC-AUTOMATED-FR,,Automated Defensive Control,UNKNOWN,UNKNOWN,UNKNOWN_INSUFFICIENT_PUBLIC_DATA,US_DCM_CONSOLE,,8,
FR_SSN_Rubis,France,SSN,Rubis,6,INTEGRATED_DEFENSE,IDS-CORE,Integrated Defensive System,IDS-CORE-FR,,Integrated Defensive System,GAMEPLAY,GAMEPLAY,GAMEPLAY_POLICY,US_DCM_CONSOLE,,6,
FR_SSN_Rubis,France,SSN,Rubis,6,INTEGRATED_DEFENSE,IDS-ADVANCED,Next Generation Defensive System,IDS-ADVANCED-FR,,Next Generation Defensive System,UNKNOWN,UNKNOWN,UNKNOWN_INSUFFICIENT_PUBLIC_DATA,US_DCM_CONSOLE,,9,
FR_SSN_Suffren,France,SSN,Suffren,9,ESM,ESM-BASIC-DETECTION,Basic Signal Detection,ESM-BASIC-DETECTION-FR,,Basic Signal Detection,GAMEPLAY,GAMEPLAY,GAMEPLAY_POLICY,US_EW_ESM_GENERIC,SOCKET_EW_MAST,1,
FR_SSN_Suffren,France,SSN,Suffren,9,ESM,ESM-IMPROVED-DETECTION,Improved Detection,ESM-IMPROVED-DETECTION-FR,,Improved Detection,GAMEPLAY,GAMEPLAY,GAMEPLAY_POLICY,US_EW_ESM_GENERIC,SOCKET_EW_MAST,2,
FR_SSN_Suffren,France,SSN,Suffren,9,ESM,ESM-CLASSIFICATION,Signal Classification,ESM-CLASSIFICATION-FR,,Signal Classification,GAMEPLAY,GAMEPLAY,GAMEPLAY_POLICY,US_EW_ESM_GENERIC,SOCKET_EW_MAST,3,
FR_SSN_Suffren,France,SSN,Suffren,9,ESM,ESM-DIGITAL,Digital ESM,ESM-DIGITAL-FR,,Digital ESM,GAMEPLAY,GAMEPLAY,GAMEPLAY_POLICY,US_EW_ESM_GENERIC,SOCKET_EW_MAST,4,
FR_SSN_Suffren,France,SSN,Suffren,9,ESM,ESM-MULTIBAND,Multi-Band ESM,ESM-MULTIBAND-FR,,Multi-Band ESM,GAMEPLAY,GAMEPLAY,GAMEPLAY_POLICY,US_EW_ESM_GENERIC,SOCKET_EW_MAST,5,
FR_SSN_Suffren,France,SSN,Suffren,9,ESM,ESM-INTEGRATED,Integrated ESM,ESM-INTEGRATED-FR,,Integrated ESM,GAMEPLAY,GAMEPLAY,GAMEPLAY_POLICY,US_EW_ESM_GENERIC,SOCKET_EW_MAST,6,
FR_SSN_Suffren,France,SSN,Suffren,9,ESM,ESM-ADVANCED-THREAT-WARNING,Advanced Threat Warning,ESM-ADVANCED-THREAT-WARNING-FR,,Advanced Threat Warning,GAMEPLAY,GAMEPLAY,GAMEPLAY_POLICY,US_EW_ESM_GENERIC,SOCKET_EW_MAST,7,
FR_SSN_Suffren,France,SSN,Suffren,9,ESM,ESM-MULTISENSOR-FUSION,Multi-Sensor Fusion,ESM-MULTISENSOR-FUSION-FR,,Multi-Sensor Fusion,GAMEPLAY,GAMEPLAY,GAMEPLAY_POLICY,US_EW_ESM_GENERIC,SOCKET_EW_MAST,8,
FR_SSN_Suffren,France,SSN,Suffren,9,ESM,ESM-ADVANCED-EW,Advanced Integrated EW,ESM-ADVANCED-EW-FR,,Advanced Integrated EW,GAMEPLAY,GAMEPLAY,GAMEPLAY_POLICY,US_EW_ESM_GENERIC,SOCKET_EW_MAST,9,
FR_SSN_Suffren,France,SSN,Suffren,9,ESM,ESM-NEXTGEN,Next Generation Defensive Electronic System,ESM-NEXTGEN-FR,,Next Generation Defensive Electronic System,GAMEPLAY,GAMEPLAY,GAMEPLAY_POLICY,US_EW_ESM_GENERIC,SOCKET_EW_MAST,10,
FR_SSN_Suffren,France,SSN,Suffren,9,THREAT_WARNING,TW-RADAR-WARNING,Radar Warning,TW-RADAR-WARNING-FR,,Radar Warning,GAMEPLAY,GAMEPLAY,GAMEPLAY_POLICY,,SOCKET_EW_ANTENNA,1,
FR_SSN_Suffren,France,SSN,Suffren,9,THREAT_WARNING,TW-ELECTRONIC-WARNING,Electronic Threat Warning,TW-ELECTRONIC-WARNING-FR,,Electronic Threat Warning,GAMEPLAY,GAMEPLAY,GAMEPLAY_POLICY,,SOCKET_EW_ANTENNA,3,
FR_SSN_Suffren,France,SSN,Suffren,9,THREAT_WARNING,TW-ACTIVE-SONAR-WARNING,Active Sonar Warning,TW-ACTIVE-SONAR-WARNING-FR,,Active Sonar Warning,GAMEPLAY,GAMEPLAY,GAMEPLAY_POLICY,,SOCKET_EW_ANTENNA,4,
FR_SSN_Suffren,France,SSN,Suffren,9,THREAT_WARNING,TW-TORPEDO-WARNING,Torpedo Warning,TW-TORPEDO-WARNING-FR,,Torpedo Warning,GAMEPLAY,GAMEPLAY,GAMEPLAY_POLICY,GEN_TW_TORPEDO_WARNING_SENSOR,SOCKET_EW_ANTENNA,5,
FR_SSN_Suffren,France,SSN,Suffren,9,THREAT_WARNING,TW-ACOUSTIC-CLASSIFICATION,Acoustic Threat Classification,TW-ACOUSTIC-CLASSIFICATION-FR,,Acoustic Threat Classification,GAMEPLAY,GAMEPLAY,GAMEPLAY_POLICY,,SOCKET_EW_ANTENNA,6,
FR_SSN_Suffren,France,SSN,Suffren,9,ACOUSTIC_COUNTERMEASURE,ACM-NOISE-MAKER,Noise Maker,ACM-NOISE-MAKER-FR,,Noise Maker,GAMEPLAY,GAMEPLAY,GAMEPLAY_POLICY,GEN_ACM_NOISE_MAKER,SOCKET_COUNTERMEASURE_01,1,
FR_SSN_Suffren,France,SSN,Suffren,9,ACOUSTIC_COUNTERMEASURE,ACM-ACOUSTIC-DECOY,Acoustic Decoy,ACM-ACOUSTIC-DECOY-FR,,Acoustic Decoy,GAMEPLAY,GAMEPLAY,GAMEPLAY_POLICY,US_ACM_TORPEDO_DECOY,SOCKET_COUNTERMEASURE_01,2,
FR_SSN_Suffren,France,SSN,Suffren,9,ACOUSTIC_COUNTERMEASURE,ACM-TORPEDO-DECOY,Torpedo Decoy,ACM-TORPEDO-DECOY-FR,,Torpedo Decoy,GAMEPLAY,GAMEPLAY,GAMEPLAY_POLICY,US_ACM_TORPEDO_DECOY,SOCKET_COUNTERMEASURE_01,4,
FR_SSN_Suffren,France,SSN,Suffren,9,ACOUSTIC_COUNTERMEASURE,ACM-MOBILE-DECOY,Mobile Acoustic Decoy,ACM-MOBILE-DECOY-FR,,Mobile Acoustic Decoy,GAMEPLAY,GAMEPLAY,GAMEPLAY_POLICY,US_ACM_MOBILE_DECOY,SOCKET_COUNTERMEASURE_01,5,
FR_SSN_Suffren,France,SSN,Suffren,9,ACOUSTIC_COUNTERMEASURE,ACM-ADVANCED,Advanced Acoustic Countermeasure,ACM-ADVANCED-FR,,Advanced Acoustic Countermeasure,GAMEPLAY,GAMEPLAY,GAMEPLAY_POLICY,US_ACM_MOBILE_DECOY,SOCKET_COUNTERMEASURE_01,7,
FR_SSN_Suffren,France,SSN,Suffren,9,ACOUSTIC_COUNTERMEASURE,ACM-INTEGRATED,Integrated Acoustic Defense,ACM-INTEGRATED-FR,,Integrated Acoustic Defense,GAMEPLAY,GAMEPLAY,GAMEPLAY_POLICY,US_ACM_MOBILE_DECOY,SOCKET_COUNTERMEASURE_01,8,
FR_SSN_Suffren,France,SSN,Suffren,9,DECOY,DEC-PASSIVE,Passive Decoy,DEC-PASSIVE-FR,,Passive Decoy,GAMEPLAY,GAMEPLAY,GAMEPLAY_POLICY,,SOCKET_COUNTERMEASURE_02,1,
FR_SSN_Suffren,France,SSN,Suffren,9,DECOY,DEC-ACTIVE,Active Decoy,DEC-ACTIVE-FR,,Active Decoy,GAMEPLAY,GAMEPLAY,GAMEPLAY_POLICY,US_ACM_TORPEDO_DECOY,SOCKET_COUNTERMEASURE_02,3,
FR_SSN_Suffren,France,SSN,Suffren,9,DECOY,DEC-ACOUSTIC,Acoustic Decoy,DEC-ACOUSTIC-FR,,Acoustic Decoy,GAMEPLAY,GAMEPLAY,GAMEPLAY_POLICY,US_ACM_TORPEDO_DECOY,SOCKET_COUNTERMEASURE_02,2,
FR_SSN_Suffren,France,SSN,Suffren,9,DECOY,DEC-TORPEDO,Torpedo Decoy,DEC-TORPEDO-FR,,Torpedo Decoy,GAMEPLAY,GAMEPLAY,GAMEPLAY_POLICY,US_ACM_TORPEDO_DECOY,SOCKET_COUNTERMEASURE_02,4,
FR_SSN_Suffren,France,SSN,Suffren,9,DECOY,DEC-MOBILE,Mobile Decoy,DEC-MOBILE-FR,,Mobile Decoy,GAMEPLAY,GAMEPLAY,GAMEPLAY_POLICY,US_ACM_MOBILE_DECOY,SOCKET_COUNTERMEASURE_02,5,
FR_SSN_Suffren,France,SSN,Suffren,9,DECOY,DEC-ADVANCED,Advanced Decoy,DEC-ADVANCED-FR,,Advanced Decoy,GAMEPLAY,GAMEPLAY,GAMEPLAY_POLICY,US_ACM_MOBILE_DECOY,SOCKET_COUNTERMEASURE_02,7,
FR_SSN_Suffren,France,SSN,Suffren,9,NOISE_MAKER,NM-EARLY,Early Noise Maker,NM-EARLY-FR,,Early Noise Maker,GAMEPLAY,GAMEPLAY,GAMEPLAY_POLICY,GEN_ACM_NOISE_MAKER,SOCKET_COUNTERMEASURE_02,1,
FR_SSN_Suffren,France,SSN,Suffren,9,NOISE_MAKER,NM-IMPROVED,Improved Noise Maker,NM-IMPROVED-FR,,Improved Noise Maker,GAMEPLAY,GAMEPLAY,GAMEPLAY_POLICY,GEN_ACM_NOISE_MAKER,SOCKET_COUNTERMEASURE_02,3,
FR_SSN_Suffren,France,SSN,Suffren,9,NOISE_MAKER,NM-MODERN,Modern Noise Maker,NM-MODERN-FR,,Modern Noise Maker,GAMEPLAY,GAMEPLAY,GAMEPLAY_POLICY,GEN_ACM_NOISE_MAKER,SOCKET_COUNTERMEASURE_02,6,
FR_SSN_Suffren,France,SSN,Suffren,9,NOISE_MAKER,NM-ADVANCED,Advanced Acoustic Countermeasure,NM-ADVANCED-FR,,Advanced Acoustic Countermeasure,GAMEPLAY,GAMEPLAY,GAMEPLAY_POLICY,GEN_ACM_NOISE_MAKER,SOCKET_COUNTERMEASURE_02,8,
FR_SSN_Suffren,France,SSN,Suffren,9,TORPEDO_DEFENSE,TD-WARNING,Torpedo Warning,TD-WARNING-FR,,Torpedo Warning,GAMEPLAY,GAMEPLAY,GAMEPLAY_POLICY,GEN_TW_TORPEDO_WARNING_SENSOR,SOCKET_DECOY_LAUNCHER_02,4,
FR_SSN_Suffren,France,SSN,Suffren,9,TORPEDO_DEFENSE,TD-COUNTERMEASURE,Countermeasure,TD-COUNTERMEASURE-FR,,Countermeasure,GAMEPLAY,GAMEPLAY,GAMEPLAY_POLICY,US_ACM_TORPEDO_DECOY,SOCKET_DECOY_LAUNCHER_02,5,
FR_SSN_Suffren,France,SSN,Suffren,9,TORPEDO_DEFENSE,TD-ADVANCED,Advanced Countermeasure,TD-ADVANCED-FR,,Advanced Countermeasure,GAMEPLAY,GAMEPLAY,GAMEPLAY_POLICY,US_ACM_MOBILE_DECOY,SOCKET_DECOY_LAUNCHER_02,7,
FR_SSN_Suffren,France,SSN,Suffren,9,TORPEDO_DEFENSE,TD-INTEGRATED,Integrated Torpedo Defense,TD-INTEGRATED-FR,,Integrated Torpedo Defense,GAMEPLAY,GAMEPLAY,GAMEPLAY_POLICY,US_ACM_MOBILE_DECOY,SOCKET_DECOY_LAUNCHER_02,9,
FR_SSN_Suffren,France,SSN,Suffren,9,LAUNCHER,CML-EXTERNAL,External Launcher,CML-EXTERNAL-FR,,External Launcher,GAMEPLAY,GAMEPLAY,GAMEPLAY_POLICY,US_CML_DECOY_LAUNCHER,SOCKET_DECOY_LAUNCHER_01,2,
FR_SSN_Suffren,France,SSN,Suffren,9,LAUNCHER,CML-TUBE,Countermeasure Tube,CML-TUBE-FR,,Countermeasure Tube,GAMEPLAY,GAMEPLAY,GAMEPLAY_POLICY,GEN_CML_TUBE,SOCKET_DECOY_LAUNCHER_01,3,
FR_SSN_Suffren,France,SSN,Suffren,9,LAUNCHER,CML-ACOUSTIC-DEVICE,Acoustic Device Launcher,CML-ACOUSTIC-DEVICE-FR,,Acoustic Device Launcher,GAMEPLAY,GAMEPLAY,GAMEPLAY_POLICY,US_CML_DECOY_LAUNCHER,SOCKET_DECOY_LAUNCHER_01,4,
FR_SSN_Suffren,France,SSN,Suffren,9,LAUNCHER,CML-ADVANCED,Advanced Launcher,CML-ADVANCED-FR,,Advanced Launcher,GAMEPLAY,GAMEPLAY,GAMEPLAY_POLICY,US_CML_DECOY_LAUNCHER,SOCKET_DECOY_LAUNCHER_01,7,
FR_SSN_Suffren,France,SSN,Suffren,9,LAUNCHER,CML-INTEGRATED,Integrated Launcher,CML-INTEGRATED-FR,,Integrated Launcher,GAMEPLAY,GAMEPLAY,GAMEPLAY_POLICY,US_CML_DECOY_LAUNCHER,SOCKET_DECOY_LAUNCHER_01,8,
FR_SSN_Suffren,France,SSN,Suffren,9,DEFENSIVE_CONTROL,DC-CONSOLE,Defensive Control Console,DC-CONSOLE-FR,,Defensive Control Console,GAMEPLAY,GAMEPLAY,GAMEPLAY_POLICY,US_DCM_CONSOLE,,2,
FR_SSN_Suffren,France,SSN,Suffren,9,DEFENSIVE_CONTROL,DC-INTEGRATED-CONTROL,Integrated Defensive Control,DC-INTEGRATED-CONTROL-FR,,Integrated Defensive Control,GAMEPLAY,GAMEPLAY,GAMEPLAY_POLICY,US_DCM_CONSOLE,,6,
FR_SSN_Suffren,France,SSN,Suffren,9,DEFENSIVE_CONTROL,DC-AUTOMATED,Automated Defensive Control,DC-AUTOMATED-FR,,Automated Defensive Control,GAMEPLAY,GAMEPLAY,GAMEPLAY_POLICY,US_DCM_CONSOLE,,8,
FR_SSN_Suffren,France,SSN,Suffren,9,INTEGRATED_DEFENSE,IDS-CORE,Integrated Defensive System,IDS-CORE-FR,,Integrated Defensive System,GAMEPLAY,GAMEPLAY,GAMEPLAY_POLICY,US_DCM_CONSOLE,,6,
FR_SSN_Suffren,France,SSN,Suffren,9,INTEGRATED_DEFENSE,IDS-ADVANCED,Next Generation Defensive System,IDS-ADVANCED-FR,,Next Generation Defensive System,GAMEPLAY,GAMEPLAY,GAMEPLAY_POLICY,US_DCM_CONSOLE,,9,
FR_SSBN_LeRedoutable,France,SSBN,Le Redoutable,4,ESM,ESM-BASIC-DETECTION,Basic Signal Detection,ESM-BASIC-DETECTION-FR,,Basic Signal Detection,GAMEPLAY,GAMEPLAY,GAMEPLAY_POLICY,US_EW_ESM_GENERIC,SOCKET_EW_MAST,1,
FR_SSBN_LeRedoutable,France,SSBN,Le Redoutable,4,ESM,ESM-IMPROVED-DETECTION,Improved Detection,ESM-IMPROVED-DETECTION-FR,,Improved Detection,GAMEPLAY,GAMEPLAY,GAMEPLAY_POLICY,US_EW_ESM_GENERIC,SOCKET_EW_MAST,2,
FR_SSBN_LeRedoutable,France,SSBN,Le Redoutable,4,ESM,ESM-CLASSIFICATION,Signal Classification,ESM-CLASSIFICATION-FR,,Signal Classification,GAMEPLAY,GAMEPLAY,GAMEPLAY_POLICY,US_EW_ESM_GENERIC,SOCKET_EW_MAST,3,
FR_SSBN_LeRedoutable,France,SSBN,Le Redoutable,4,ESM,ESM-DIGITAL,Digital ESM,ESM-DIGITAL-FR,,Digital ESM,GAMEPLAY,GAMEPLAY,GAMEPLAY_POLICY,US_EW_ESM_GENERIC,SOCKET_EW_MAST,4,
FR_SSBN_LeRedoutable,France,SSBN,Le Redoutable,4,ESM,ESM-MULTIBAND,Multi-Band ESM,ESM-MULTIBAND-FR,,Multi-Band ESM,GAMEPLAY,GAMEPLAY,GAMEPLAY_POLICY,US_EW_ESM_GENERIC,SOCKET_EW_MAST,5,
FR_SSBN_LeRedoutable,France,SSBN,Le Redoutable,4,ESM,ESM-INTEGRATED,Integrated ESM,ESM-INTEGRATED-FR,,Integrated ESM,UNKNOWN,UNKNOWN,UNKNOWN_INSUFFICIENT_PUBLIC_DATA,US_EW_ESM_GENERIC,SOCKET_EW_MAST,6,
FR_SSBN_LeRedoutable,France,SSBN,Le Redoutable,4,ESM,ESM-ADVANCED-THREAT-WARNING,Advanced Threat Warning,ESM-ADVANCED-THREAT-WARNING-FR,,Advanced Threat Warning,UNKNOWN,UNKNOWN,UNKNOWN_INSUFFICIENT_PUBLIC_DATA,US_EW_ESM_GENERIC,SOCKET_EW_MAST,7,
FR_SSBN_LeRedoutable,France,SSBN,Le Redoutable,4,ESM,ESM-MULTISENSOR-FUSION,Multi-Sensor Fusion,ESM-MULTISENSOR-FUSION-FR,,Multi-Sensor Fusion,INCOMPATIBLE,INCOMPATIBLE,ERA_WINDOW_POLICY,US_EW_ESM_GENERIC,SOCKET_EW_MAST,8,
FR_SSBN_LeRedoutable,France,SSBN,Le Redoutable,4,ESM,ESM-ADVANCED-EW,Advanced Integrated EW,ESM-ADVANCED-EW-FR,,Advanced Integrated EW,INCOMPATIBLE,INCOMPATIBLE,ERA_WINDOW_POLICY,US_EW_ESM_GENERIC,SOCKET_EW_MAST,9,
FR_SSBN_LeRedoutable,France,SSBN,Le Redoutable,4,ESM,ESM-NEXTGEN,Next Generation Defensive Electronic System,ESM-NEXTGEN-FR,,Next Generation Defensive Electronic System,INCOMPATIBLE,INCOMPATIBLE,ERA_WINDOW_POLICY,US_EW_ESM_GENERIC,SOCKET_EW_MAST,10,
FR_SSBN_LeRedoutable,France,SSBN,Le Redoutable,4,THREAT_WARNING,TW-RADAR-WARNING,Radar Warning,TW-RADAR-WARNING-FR,,Radar Warning,GAMEPLAY,GAMEPLAY,GAMEPLAY_POLICY,,SOCKET_EW_ANTENNA,1,
FR_SSBN_LeRedoutable,France,SSBN,Le Redoutable,4,THREAT_WARNING,TW-ELECTRONIC-WARNING,Electronic Threat Warning,TW-ELECTRONIC-WARNING-FR,,Electronic Threat Warning,GAMEPLAY,GAMEPLAY,GAMEPLAY_POLICY,,SOCKET_EW_ANTENNA,3,
FR_SSBN_LeRedoutable,France,SSBN,Le Redoutable,4,THREAT_WARNING,TW-ACTIVE-SONAR-WARNING,Active Sonar Warning,TW-ACTIVE-SONAR-WARNING-FR,,Active Sonar Warning,GAMEPLAY,GAMEPLAY,GAMEPLAY_POLICY,,SOCKET_EW_ANTENNA,4,
FR_SSBN_LeRedoutable,France,SSBN,Le Redoutable,4,THREAT_WARNING,TW-TORPEDO-WARNING,Torpedo Warning,TW-TORPEDO-WARNING-FR,,Torpedo Warning,GAMEPLAY,GAMEPLAY,GAMEPLAY_POLICY,GEN_TW_TORPEDO_WARNING_SENSOR,SOCKET_EW_ANTENNA,5,
FR_SSBN_LeRedoutable,France,SSBN,Le Redoutable,4,THREAT_WARNING,TW-ACOUSTIC-CLASSIFICATION,Acoustic Threat Classification,TW-ACOUSTIC-CLASSIFICATION-FR,,Acoustic Threat Classification,UNKNOWN,UNKNOWN,UNKNOWN_INSUFFICIENT_PUBLIC_DATA,,SOCKET_EW_ANTENNA,6,
FR_SSBN_LeRedoutable,France,SSBN,Le Redoutable,4,ACOUSTIC_COUNTERMEASURE,ACM-NOISE-MAKER,Noise Maker,ACM-NOISE-MAKER-FR,,Noise Maker,GAMEPLAY,GAMEPLAY,GAMEPLAY_POLICY,GEN_ACM_NOISE_MAKER,SOCKET_COUNTERMEASURE_01,1,
FR_SSBN_LeRedoutable,France,SSBN,Le Redoutable,4,ACOUSTIC_COUNTERMEASURE,ACM-ACOUSTIC-DECOY,Acoustic Decoy,ACM-ACOUSTIC-DECOY-FR,,Acoustic Decoy,GAMEPLAY,GAMEPLAY,GAMEPLAY_POLICY,US_ACM_TORPEDO_DECOY,SOCKET_COUNTERMEASURE_01,2,
FR_SSBN_LeRedoutable,France,SSBN,Le Redoutable,4,ACOUSTIC_COUNTERMEASURE,ACM-TORPEDO-DECOY,Torpedo Decoy,ACM-TORPEDO-DECOY-FR,,Torpedo Decoy,GAMEPLAY,GAMEPLAY,GAMEPLAY_POLICY,US_ACM_TORPEDO_DECOY,SOCKET_COUNTERMEASURE_01,4,
FR_SSBN_LeRedoutable,France,SSBN,Le Redoutable,4,ACOUSTIC_COUNTERMEASURE,ACM-MOBILE-DECOY,Mobile Acoustic Decoy,ACM-MOBILE-DECOY-FR,,Mobile Acoustic Decoy,GAMEPLAY,GAMEPLAY,GAMEPLAY_POLICY,US_ACM_MOBILE_DECOY,SOCKET_COUNTERMEASURE_01,5,
FR_SSBN_LeRedoutable,France,SSBN,Le Redoutable,4,ACOUSTIC_COUNTERMEASURE,ACM-ADVANCED,Advanced Acoustic Countermeasure,ACM-ADVANCED-FR,,Advanced Acoustic Countermeasure,UNKNOWN,UNKNOWN,UNKNOWN_INSUFFICIENT_PUBLIC_DATA,US_ACM_MOBILE_DECOY,SOCKET_COUNTERMEASURE_01,7,
FR_SSBN_LeRedoutable,France,SSBN,Le Redoutable,4,ACOUSTIC_COUNTERMEASURE,ACM-INTEGRATED,Integrated Acoustic Defense,ACM-INTEGRATED-FR,,Integrated Acoustic Defense,INCOMPATIBLE,INCOMPATIBLE,ERA_WINDOW_POLICY,US_ACM_MOBILE_DECOY,SOCKET_COUNTERMEASURE_01,8,
FR_SSBN_LeRedoutable,France,SSBN,Le Redoutable,4,DECOY,DEC-PASSIVE,Passive Decoy,DEC-PASSIVE-FR,,Passive Decoy,GAMEPLAY,GAMEPLAY,GAMEPLAY_POLICY,,SOCKET_COUNTERMEASURE_02,1,
FR_SSBN_LeRedoutable,France,SSBN,Le Redoutable,4,DECOY,DEC-ACTIVE,Active Decoy,DEC-ACTIVE-FR,,Active Decoy,GAMEPLAY,GAMEPLAY,GAMEPLAY_POLICY,US_ACM_TORPEDO_DECOY,SOCKET_COUNTERMEASURE_02,3,
FR_SSBN_LeRedoutable,France,SSBN,Le Redoutable,4,DECOY,DEC-ACOUSTIC,Acoustic Decoy,DEC-ACOUSTIC-FR,,Acoustic Decoy,GAMEPLAY,GAMEPLAY,GAMEPLAY_POLICY,US_ACM_TORPEDO_DECOY,SOCKET_COUNTERMEASURE_02,2,
FR_SSBN_LeRedoutable,France,SSBN,Le Redoutable,4,DECOY,DEC-TORPEDO,Torpedo Decoy,DEC-TORPEDO-FR,,Torpedo Decoy,GAMEPLAY,GAMEPLAY,GAMEPLAY_POLICY,US_ACM_TORPEDO_DECOY,SOCKET_COUNTERMEASURE_02,4,
FR_SSBN_LeRedoutable,France,SSBN,Le Redoutable,4,DECOY,DEC-MOBILE,Mobile Decoy,DEC-MOBILE-FR,,Mobile Decoy,GAMEPLAY,GAMEPLAY,GAMEPLAY_POLICY,US_ACM_MOBILE_DECOY,SOCKET_COUNTERMEASURE_02,5,
FR_SSBN_LeRedoutable,France,SSBN,Le Redoutable,4,DECOY,DEC-ADVANCED,Advanced Decoy,DEC-ADVANCED-FR,,Advanced Decoy,UNKNOWN,UNKNOWN,UNKNOWN_INSUFFICIENT_PUBLIC_DATA,US_ACM_MOBILE_DECOY,SOCKET_COUNTERMEASURE_02,7,
FR_SSBN_LeRedoutable,France,SSBN,Le Redoutable,4,NOISE_MAKER,NM-EARLY,Early Noise Maker,NM-EARLY-FR,,Early Noise Maker,GAMEPLAY,GAMEPLAY,GAMEPLAY_POLICY,GEN_ACM_NOISE_MAKER,SOCKET_COUNTERMEASURE_02,1,
FR_SSBN_LeRedoutable,France,SSBN,Le Redoutable,4,NOISE_MAKER,NM-IMPROVED,Improved Noise Maker,NM-IMPROVED-FR,,Improved Noise Maker,GAMEPLAY,GAMEPLAY,GAMEPLAY_POLICY,GEN_ACM_NOISE_MAKER,SOCKET_COUNTERMEASURE_02,3,
FR_SSBN_LeRedoutable,France,SSBN,Le Redoutable,4,NOISE_MAKER,NM-MODERN,Modern Noise Maker,NM-MODERN-FR,,Modern Noise Maker,UNKNOWN,UNKNOWN,UNKNOWN_INSUFFICIENT_PUBLIC_DATA,GEN_ACM_NOISE_MAKER,SOCKET_COUNTERMEASURE_02,6,
FR_SSBN_LeRedoutable,France,SSBN,Le Redoutable,4,NOISE_MAKER,NM-ADVANCED,Advanced Acoustic Countermeasure,NM-ADVANCED-FR,,Advanced Acoustic Countermeasure,INCOMPATIBLE,INCOMPATIBLE,ERA_WINDOW_POLICY,GEN_ACM_NOISE_MAKER,SOCKET_COUNTERMEASURE_02,8,
FR_SSBN_LeRedoutable,France,SSBN,Le Redoutable,4,TORPEDO_DEFENSE,TD-WARNING,Torpedo Warning,TD-WARNING-FR,,Torpedo Warning,GAMEPLAY,GAMEPLAY,GAMEPLAY_POLICY,GEN_TW_TORPEDO_WARNING_SENSOR,SOCKET_DECOY_LAUNCHER_02,4,
FR_SSBN_LeRedoutable,France,SSBN,Le Redoutable,4,TORPEDO_DEFENSE,TD-COUNTERMEASURE,Countermeasure,TD-COUNTERMEASURE-FR,,Countermeasure,GAMEPLAY,GAMEPLAY,GAMEPLAY_POLICY,US_ACM_TORPEDO_DECOY,SOCKET_DECOY_LAUNCHER_02,5,
FR_SSBN_LeRedoutable,France,SSBN,Le Redoutable,4,TORPEDO_DEFENSE,TD-ADVANCED,Advanced Countermeasure,TD-ADVANCED-FR,,Advanced Countermeasure,UNKNOWN,UNKNOWN,UNKNOWN_INSUFFICIENT_PUBLIC_DATA,US_ACM_MOBILE_DECOY,SOCKET_DECOY_LAUNCHER_02,7,
FR_SSBN_LeRedoutable,France,SSBN,Le Redoutable,4,TORPEDO_DEFENSE,TD-INTEGRATED,Integrated Torpedo Defense,TD-INTEGRATED-FR,,Integrated Torpedo Defense,INCOMPATIBLE,INCOMPATIBLE,ERA_WINDOW_POLICY,US_ACM_MOBILE_DECOY,SOCKET_DECOY_LAUNCHER_02,9,
FR_SSBN_LeRedoutable,France,SSBN,Le Redoutable,4,LAUNCHER,CML-EXTERNAL,External Launcher,CML-EXTERNAL-FR,,External Launcher,GAMEPLAY,GAMEPLAY,GAMEPLAY_POLICY,US_CML_DECOY_LAUNCHER,SOCKET_DECOY_LAUNCHER_01,2,
FR_SSBN_LeRedoutable,France,SSBN,Le Redoutable,4,LAUNCHER,CML-TUBE,Countermeasure Tube,CML-TUBE-FR,,Countermeasure Tube,GAMEPLAY,GAMEPLAY,GAMEPLAY_POLICY,GEN_CML_TUBE,SOCKET_DECOY_LAUNCHER_01,3,
FR_SSBN_LeRedoutable,France,SSBN,Le Redoutable,4,LAUNCHER,CML-ACOUSTIC-DEVICE,Acoustic Device Launcher,CML-ACOUSTIC-DEVICE-FR,,Acoustic Device Launcher,GAMEPLAY,GAMEPLAY,GAMEPLAY_POLICY,US_CML_DECOY_LAUNCHER,SOCKET_DECOY_LAUNCHER_01,4,
FR_SSBN_LeRedoutable,France,SSBN,Le Redoutable,4,LAUNCHER,CML-ADVANCED,Advanced Launcher,CML-ADVANCED-FR,,Advanced Launcher,UNKNOWN,UNKNOWN,UNKNOWN_INSUFFICIENT_PUBLIC_DATA,US_CML_DECOY_LAUNCHER,SOCKET_DECOY_LAUNCHER_01,7,
FR_SSBN_LeRedoutable,France,SSBN,Le Redoutable,4,LAUNCHER,CML-INTEGRATED,Integrated Launcher,CML-INTEGRATED-FR,,Integrated Launcher,INCOMPATIBLE,INCOMPATIBLE,ERA_WINDOW_POLICY,US_CML_DECOY_LAUNCHER,SOCKET_DECOY_LAUNCHER_01,8,
FR_SSBN_LeRedoutable,France,SSBN,Le Redoutable,4,DEFENSIVE_CONTROL,DC-CONSOLE,Defensive Control Console,DC-CONSOLE-FR,,Defensive Control Console,GAMEPLAY,GAMEPLAY,GAMEPLAY_POLICY,US_DCM_CONSOLE,,2,
FR_SSBN_LeRedoutable,France,SSBN,Le Redoutable,4,DEFENSIVE_CONTROL,DC-INTEGRATED-CONTROL,Integrated Defensive Control,DC-INTEGRATED-CONTROL-FR,,Integrated Defensive Control,UNKNOWN,UNKNOWN,UNKNOWN_INSUFFICIENT_PUBLIC_DATA,US_DCM_CONSOLE,,6,
FR_SSBN_LeRedoutable,France,SSBN,Le Redoutable,4,DEFENSIVE_CONTROL,DC-AUTOMATED,Automated Defensive Control,DC-AUTOMATED-FR,,Automated Defensive Control,INCOMPATIBLE,INCOMPATIBLE,ERA_WINDOW_POLICY,US_DCM_CONSOLE,,8,
FR_SSBN_LeRedoutable,France,SSBN,Le Redoutable,4,INTEGRATED_DEFENSE,IDS-CORE,Integrated Defensive System,IDS-CORE-FR,,Integrated Defensive System,UNKNOWN,UNKNOWN,UNKNOWN_INSUFFICIENT_PUBLIC_DATA,US_DCM_CONSOLE,,6,
FR_SSBN_LeRedoutable,France,SSBN,Le Redoutable,4,INTEGRATED_DEFENSE,IDS-ADVANCED,Next Generation Defensive System,IDS-ADVANCED-FR,,Next Generation Defensive System,INCOMPATIBLE,INCOMPATIBLE,ERA_WINDOW_POLICY,US_DCM_CONSOLE,,9,
FR_SSBN_LeTriomphant,France,SSBN,Le Triomphant,8,ESM,ESM-BASIC-DETECTION,Basic Signal Detection,ESM-BASIC-DETECTION-FR,,Basic Signal Detection,GAMEPLAY,GAMEPLAY,GAMEPLAY_POLICY,US_EW_ESM_GENERIC,SOCKET_EW_MAST,1,
FR_SSBN_LeTriomphant,France,SSBN,Le Triomphant,8,ESM,ESM-IMPROVED-DETECTION,Improved Detection,ESM-IMPROVED-DETECTION-FR,,Improved Detection,GAMEPLAY,GAMEPLAY,GAMEPLAY_POLICY,US_EW_ESM_GENERIC,SOCKET_EW_MAST,2,
FR_SSBN_LeTriomphant,France,SSBN,Le Triomphant,8,ESM,ESM-CLASSIFICATION,Signal Classification,ESM-CLASSIFICATION-FR,,Signal Classification,GAMEPLAY,GAMEPLAY,GAMEPLAY_POLICY,US_EW_ESM_GENERIC,SOCKET_EW_MAST,3,
FR_SSBN_LeTriomphant,France,SSBN,Le Triomphant,8,ESM,ESM-DIGITAL,Digital ESM,ESM-DIGITAL-FR,,Digital ESM,GAMEPLAY,GAMEPLAY,GAMEPLAY_POLICY,US_EW_ESM_GENERIC,SOCKET_EW_MAST,4,
FR_SSBN_LeTriomphant,France,SSBN,Le Triomphant,8,ESM,ESM-MULTIBAND,Multi-Band ESM,ESM-MULTIBAND-FR,,Multi-Band ESM,GAMEPLAY,GAMEPLAY,GAMEPLAY_POLICY,US_EW_ESM_GENERIC,SOCKET_EW_MAST,5,
FR_SSBN_LeTriomphant,France,SSBN,Le Triomphant,8,ESM,ESM-INTEGRATED,Integrated ESM,ESM-INTEGRATED-FR,,Integrated ESM,GAMEPLAY,GAMEPLAY,GAMEPLAY_POLICY,US_EW_ESM_GENERIC,SOCKET_EW_MAST,6,
FR_SSBN_LeTriomphant,France,SSBN,Le Triomphant,8,ESM,ESM-ADVANCED-THREAT-WARNING,Advanced Threat Warning,ESM-ADVANCED-THREAT-WARNING-FR,,Advanced Threat Warning,GAMEPLAY,GAMEPLAY,GAMEPLAY_POLICY,US_EW_ESM_GENERIC,SOCKET_EW_MAST,7,
FR_SSBN_LeTriomphant,France,SSBN,Le Triomphant,8,ESM,ESM-MULTISENSOR-FUSION,Multi-Sensor Fusion,ESM-MULTISENSOR-FUSION-FR,,Multi-Sensor Fusion,GAMEPLAY,GAMEPLAY,GAMEPLAY_POLICY,US_EW_ESM_GENERIC,SOCKET_EW_MAST,8,
FR_SSBN_LeTriomphant,France,SSBN,Le Triomphant,8,ESM,ESM-ADVANCED-EW,Advanced Integrated EW,ESM-ADVANCED-EW-FR,,Advanced Integrated EW,GAMEPLAY,GAMEPLAY,GAMEPLAY_POLICY,US_EW_ESM_GENERIC,SOCKET_EW_MAST,9,
FR_SSBN_LeTriomphant,France,SSBN,Le Triomphant,8,ESM,ESM-NEXTGEN,Next Generation Defensive Electronic System,ESM-NEXTGEN-FR,,Next Generation Defensive Electronic System,UNKNOWN,UNKNOWN,UNKNOWN_INSUFFICIENT_PUBLIC_DATA,US_EW_ESM_GENERIC,SOCKET_EW_MAST,10,
FR_SSBN_LeTriomphant,France,SSBN,Le Triomphant,8,THREAT_WARNING,TW-RADAR-WARNING,Radar Warning,TW-RADAR-WARNING-FR,,Radar Warning,GAMEPLAY,GAMEPLAY,GAMEPLAY_POLICY,,SOCKET_EW_ANTENNA,1,
FR_SSBN_LeTriomphant,France,SSBN,Le Triomphant,8,THREAT_WARNING,TW-ELECTRONIC-WARNING,Electronic Threat Warning,TW-ELECTRONIC-WARNING-FR,,Electronic Threat Warning,GAMEPLAY,GAMEPLAY,GAMEPLAY_POLICY,,SOCKET_EW_ANTENNA,3,
FR_SSBN_LeTriomphant,France,SSBN,Le Triomphant,8,THREAT_WARNING,TW-ACTIVE-SONAR-WARNING,Active Sonar Warning,TW-ACTIVE-SONAR-WARNING-FR,,Active Sonar Warning,GAMEPLAY,GAMEPLAY,GAMEPLAY_POLICY,,SOCKET_EW_ANTENNA,4,
FR_SSBN_LeTriomphant,France,SSBN,Le Triomphant,8,THREAT_WARNING,TW-TORPEDO-WARNING,Torpedo Warning,TW-TORPEDO-WARNING-FR,,Torpedo Warning,GAMEPLAY,GAMEPLAY,GAMEPLAY_POLICY,GEN_TW_TORPEDO_WARNING_SENSOR,SOCKET_EW_ANTENNA,5,
FR_SSBN_LeTriomphant,France,SSBN,Le Triomphant,8,THREAT_WARNING,TW-ACOUSTIC-CLASSIFICATION,Acoustic Threat Classification,TW-ACOUSTIC-CLASSIFICATION-FR,,Acoustic Threat Classification,GAMEPLAY,GAMEPLAY,GAMEPLAY_POLICY,,SOCKET_EW_ANTENNA,6,
FR_SSBN_LeTriomphant,France,SSBN,Le Triomphant,8,ACOUSTIC_COUNTERMEASURE,ACM-NOISE-MAKER,Noise Maker,ACM-NOISE-MAKER-FR,,Noise Maker,GAMEPLAY,GAMEPLAY,GAMEPLAY_POLICY,GEN_ACM_NOISE_MAKER,SOCKET_COUNTERMEASURE_01,1,
FR_SSBN_LeTriomphant,France,SSBN,Le Triomphant,8,ACOUSTIC_COUNTERMEASURE,ACM-ACOUSTIC-DECOY,Acoustic Decoy,ACM-ACOUSTIC-DECOY-FR,,Acoustic Decoy,GAMEPLAY,GAMEPLAY,GAMEPLAY_POLICY,US_ACM_TORPEDO_DECOY,SOCKET_COUNTERMEASURE_01,2,
FR_SSBN_LeTriomphant,France,SSBN,Le Triomphant,8,ACOUSTIC_COUNTERMEASURE,ACM-TORPEDO-DECOY,Torpedo Decoy,ACM-TORPEDO-DECOY-FR,,Torpedo Decoy,GAMEPLAY,GAMEPLAY,GAMEPLAY_POLICY,US_ACM_TORPEDO_DECOY,SOCKET_COUNTERMEASURE_01,4,
FR_SSBN_LeTriomphant,France,SSBN,Le Triomphant,8,ACOUSTIC_COUNTERMEASURE,ACM-MOBILE-DECOY,Mobile Acoustic Decoy,ACM-MOBILE-DECOY-FR,,Mobile Acoustic Decoy,GAMEPLAY,GAMEPLAY,GAMEPLAY_POLICY,US_ACM_MOBILE_DECOY,SOCKET_COUNTERMEASURE_01,5,
FR_SSBN_LeTriomphant,France,SSBN,Le Triomphant,8,ACOUSTIC_COUNTERMEASURE,ACM-ADVANCED,Advanced Acoustic Countermeasure,ACM-ADVANCED-FR,,Advanced Acoustic Countermeasure,GAMEPLAY,GAMEPLAY,GAMEPLAY_POLICY,US_ACM_MOBILE_DECOY,SOCKET_COUNTERMEASURE_01,7,
FR_SSBN_LeTriomphant,France,SSBN,Le Triomphant,8,ACOUSTIC_COUNTERMEASURE,ACM-INTEGRATED,Integrated Acoustic Defense,ACM-INTEGRATED-FR,,Integrated Acoustic Defense,GAMEPLAY,GAMEPLAY,GAMEPLAY_POLICY,US_ACM_MOBILE_DECOY,SOCKET_COUNTERMEASURE_01,8,
FR_SSBN_LeTriomphant,France,SSBN,Le Triomphant,8,DECOY,DEC-PASSIVE,Passive Decoy,DEC-PASSIVE-FR,,Passive Decoy,GAMEPLAY,GAMEPLAY,GAMEPLAY_POLICY,,SOCKET_COUNTERMEASURE_02,1,
FR_SSBN_LeTriomphant,France,SSBN,Le Triomphant,8,DECOY,DEC-ACTIVE,Active Decoy,DEC-ACTIVE-FR,,Active Decoy,GAMEPLAY,GAMEPLAY,GAMEPLAY_POLICY,US_ACM_TORPEDO_DECOY,SOCKET_COUNTERMEASURE_02,3,
FR_SSBN_LeTriomphant,France,SSBN,Le Triomphant,8,DECOY,DEC-ACOUSTIC,Acoustic Decoy,DEC-ACOUSTIC-FR,,Acoustic Decoy,GAMEPLAY,GAMEPLAY,GAMEPLAY_POLICY,US_ACM_TORPEDO_DECOY,SOCKET_COUNTERMEASURE_02,2,
FR_SSBN_LeTriomphant,France,SSBN,Le Triomphant,8,DECOY,DEC-TORPEDO,Torpedo Decoy,DEC-TORPEDO-FR,,Torpedo Decoy,GAMEPLAY,GAMEPLAY,GAMEPLAY_POLICY,US_ACM_TORPEDO_DECOY,SOCKET_COUNTERMEASURE_02,4,
FR_SSBN_LeTriomphant,France,SSBN,Le Triomphant,8,DECOY,DEC-MOBILE,Mobile Decoy,DEC-MOBILE-FR,,Mobile Decoy,GAMEPLAY,GAMEPLAY,GAMEPLAY_POLICY,US_ACM_MOBILE_DECOY,SOCKET_COUNTERMEASURE_02,5,
FR_SSBN_LeTriomphant,France,SSBN,Le Triomphant,8,DECOY,DEC-ADVANCED,Advanced Decoy,DEC-ADVANCED-FR,,Advanced Decoy,GAMEPLAY,GAMEPLAY,GAMEPLAY_POLICY,US_ACM_MOBILE_DECOY,SOCKET_COUNTERMEASURE_02,7,
FR_SSBN_LeTriomphant,France,SSBN,Le Triomphant,8,NOISE_MAKER,NM-EARLY,Early Noise Maker,NM-EARLY-FR,,Early Noise Maker,GAMEPLAY,GAMEPLAY,GAMEPLAY_POLICY,GEN_ACM_NOISE_MAKER,SOCKET_COUNTERMEASURE_02,1,
FR_SSBN_LeTriomphant,France,SSBN,Le Triomphant,8,NOISE_MAKER,NM-IMPROVED,Improved Noise Maker,NM-IMPROVED-FR,,Improved Noise Maker,GAMEPLAY,GAMEPLAY,GAMEPLAY_POLICY,GEN_ACM_NOISE_MAKER,SOCKET_COUNTERMEASURE_02,3,
FR_SSBN_LeTriomphant,France,SSBN,Le Triomphant,8,NOISE_MAKER,NM-MODERN,Modern Noise Maker,NM-MODERN-FR,,Modern Noise Maker,GAMEPLAY,GAMEPLAY,GAMEPLAY_POLICY,GEN_ACM_NOISE_MAKER,SOCKET_COUNTERMEASURE_02,6,
FR_SSBN_LeTriomphant,France,SSBN,Le Triomphant,8,NOISE_MAKER,NM-ADVANCED,Advanced Acoustic Countermeasure,NM-ADVANCED-FR,,Advanced Acoustic Countermeasure,GAMEPLAY,GAMEPLAY,GAMEPLAY_POLICY,GEN_ACM_NOISE_MAKER,SOCKET_COUNTERMEASURE_02,8,
FR_SSBN_LeTriomphant,France,SSBN,Le Triomphant,8,TORPEDO_DEFENSE,TD-WARNING,Torpedo Warning,TD-WARNING-FR,,Torpedo Warning,GAMEPLAY,GAMEPLAY,GAMEPLAY_POLICY,GEN_TW_TORPEDO_WARNING_SENSOR,SOCKET_DECOY_LAUNCHER_02,4,
FR_SSBN_LeTriomphant,France,SSBN,Le Triomphant,8,TORPEDO_DEFENSE,TD-COUNTERMEASURE,Countermeasure,TD-COUNTERMEASURE-FR,,Countermeasure,GAMEPLAY,GAMEPLAY,GAMEPLAY_POLICY,US_ACM_TORPEDO_DECOY,SOCKET_DECOY_LAUNCHER_02,5,
FR_SSBN_LeTriomphant,France,SSBN,Le Triomphant,8,TORPEDO_DEFENSE,TD-ADVANCED,Advanced Countermeasure,TD-ADVANCED-FR,,Advanced Countermeasure,GAMEPLAY,GAMEPLAY,GAMEPLAY_POLICY,US_ACM_MOBILE_DECOY,SOCKET_DECOY_LAUNCHER_02,7,
FR_SSBN_LeTriomphant,France,SSBN,Le Triomphant,8,TORPEDO_DEFENSE,TD-INTEGRATED,Integrated Torpedo Defense,TD-INTEGRATED-FR,,Integrated Torpedo Defense,GAMEPLAY,GAMEPLAY,GAMEPLAY_POLICY,US_ACM_MOBILE_DECOY,SOCKET_DECOY_LAUNCHER_02,9,
FR_SSBN_LeTriomphant,France,SSBN,Le Triomphant,8,LAUNCHER,CML-EXTERNAL,External Launcher,CML-EXTERNAL-FR,,External Launcher,GAMEPLAY,GAMEPLAY,GAMEPLAY_POLICY,US_CML_DECOY_LAUNCHER,SOCKET_DECOY_LAUNCHER_01,2,
FR_SSBN_LeTriomphant,France,SSBN,Le Triomphant,8,LAUNCHER,CML-TUBE,Countermeasure Tube,CML-TUBE-FR,,Countermeasure Tube,GAMEPLAY,GAMEPLAY,GAMEPLAY_POLICY,GEN_CML_TUBE,SOCKET_DECOY_LAUNCHER_01,3,
FR_SSBN_LeTriomphant,France,SSBN,Le Triomphant,8,LAUNCHER,CML-ACOUSTIC-DEVICE,Acoustic Device Launcher,CML-ACOUSTIC-DEVICE-FR,,Acoustic Device Launcher,GAMEPLAY,GAMEPLAY,GAMEPLAY_POLICY,US_CML_DECOY_LAUNCHER,SOCKET_DECOY_LAUNCHER_01,4,
FR_SSBN_LeTriomphant,France,SSBN,Le Triomphant,8,LAUNCHER,CML-ADVANCED,Advanced Launcher,CML-ADVANCED-FR,,Advanced Launcher,GAMEPLAY,GAMEPLAY,GAMEPLAY_POLICY,US_CML_DECOY_LAUNCHER,SOCKET_DECOY_LAUNCHER_01,7,
FR_SSBN_LeTriomphant,France,SSBN,Le Triomphant,8,LAUNCHER,CML-INTEGRATED,Integrated Launcher,CML-INTEGRATED-FR,,Integrated Launcher,GAMEPLAY,GAMEPLAY,GAMEPLAY_POLICY,US_CML_DECOY_LAUNCHER,SOCKET_DECOY_LAUNCHER_01,8,
FR_SSBN_LeTriomphant,France,SSBN,Le Triomphant,8,DEFENSIVE_CONTROL,DC-CONSOLE,Defensive Control Console,DC-CONSOLE-FR,,Defensive Control Console,GAMEPLAY,GAMEPLAY,GAMEPLAY_POLICY,US_DCM_CONSOLE,,2,
FR_SSBN_LeTriomphant,France,SSBN,Le Triomphant,8,DEFENSIVE_CONTROL,DC-INTEGRATED-CONTROL,Integrated Defensive Control,DC-INTEGRATED-CONTROL-FR,,Integrated Defensive Control,GAMEPLAY,GAMEPLAY,GAMEPLAY_POLICY,US_DCM_CONSOLE,,6,
FR_SSBN_LeTriomphant,France,SSBN,Le Triomphant,8,DEFENSIVE_CONTROL,DC-AUTOMATED,Automated Defensive Control,DC-AUTOMATED-FR,,Automated Defensive Control,GAMEPLAY,GAMEPLAY,GAMEPLAY_POLICY,US_DCM_CONSOLE,,8,
FR_SSBN_LeTriomphant,France,SSBN,Le Triomphant,8,INTEGRATED_DEFENSE,IDS-CORE,Integrated Defensive System,IDS-CORE-FR,,Integrated Defensive System,GAMEPLAY,GAMEPLAY,GAMEPLAY_POLICY,US_DCM_CONSOLE,,6,
FR_SSBN_LeTriomphant,France,SSBN,Le Triomphant,8,INTEGRATED_DEFENSE,IDS-ADVANCED,Next Generation Defensive System,IDS-ADVANCED-FR,,Next Generation Defensive System,GAMEPLAY,GAMEPLAY,GAMEPLAY_POLICY,US_DCM_CONSOLE,,9,
FR_SSBN_SNLE3G,France,SSBN,SNLE 3G,10,ESM,ESM-BASIC-DETECTION,Basic Signal Detection,ESM-BASIC-DETECTION-FR,,Basic Signal Detection,GAMEPLAY,GAMEPLAY,GAMEPLAY_POLICY,US_EW_ESM_GENERIC,SOCKET_EW_MAST,1,
FR_SSBN_SNLE3G,France,SSBN,SNLE 3G,10,ESM,ESM-IMPROVED-DETECTION,Improved Detection,ESM-IMPROVED-DETECTION-FR,,Improved Detection,GAMEPLAY,GAMEPLAY,GAMEPLAY_POLICY,US_EW_ESM_GENERIC,SOCKET_EW_MAST,2,
FR_SSBN_SNLE3G,France,SSBN,SNLE 3G,10,ESM,ESM-CLASSIFICATION,Signal Classification,ESM-CLASSIFICATION-FR,,Signal Classification,GAMEPLAY,GAMEPLAY,GAMEPLAY_POLICY,US_EW_ESM_GENERIC,SOCKET_EW_MAST,3,
FR_SSBN_SNLE3G,France,SSBN,SNLE 3G,10,ESM,ESM-DIGITAL,Digital ESM,ESM-DIGITAL-FR,,Digital ESM,GAMEPLAY,GAMEPLAY,GAMEPLAY_POLICY,US_EW_ESM_GENERIC,SOCKET_EW_MAST,4,
FR_SSBN_SNLE3G,France,SSBN,SNLE 3G,10,ESM,ESM-MULTIBAND,Multi-Band ESM,ESM-MULTIBAND-FR,,Multi-Band ESM,GAMEPLAY,GAMEPLAY,GAMEPLAY_POLICY,US_EW_ESM_GENERIC,SOCKET_EW_MAST,5,
FR_SSBN_SNLE3G,France,SSBN,SNLE 3G,10,ESM,ESM-INTEGRATED,Integrated ESM,ESM-INTEGRATED-FR,,Integrated ESM,GAMEPLAY,GAMEPLAY,GAMEPLAY_POLICY,US_EW_ESM_GENERIC,SOCKET_EW_MAST,6,
FR_SSBN_SNLE3G,France,SSBN,SNLE 3G,10,ESM,ESM-ADVANCED-THREAT-WARNING,Advanced Threat Warning,ESM-ADVANCED-THREAT-WARNING-FR,,Advanced Threat Warning,GAMEPLAY,GAMEPLAY,GAMEPLAY_POLICY,US_EW_ESM_GENERIC,SOCKET_EW_MAST,7,
FR_SSBN_SNLE3G,France,SSBN,SNLE 3G,10,ESM,ESM-MULTISENSOR-FUSION,Multi-Sensor Fusion,ESM-MULTISENSOR-FUSION-FR,,Multi-Sensor Fusion,GAMEPLAY,GAMEPLAY,GAMEPLAY_POLICY,US_EW_ESM_GENERIC,SOCKET_EW_MAST,8,
FR_SSBN_SNLE3G,France,SSBN,SNLE 3G,10,ESM,ESM-ADVANCED-EW,Advanced Integrated EW,ESM-ADVANCED-EW-FR,,Advanced Integrated EW,GAMEPLAY,GAMEPLAY,GAMEPLAY_POLICY,US_EW_ESM_GENERIC,SOCKET_EW_MAST,9,
FR_SSBN_SNLE3G,France,SSBN,SNLE 3G,10,ESM,ESM-NEXTGEN,Next Generation Defensive Electronic System,ESM-NEXTGEN-FR,,Next Generation Defensive Electronic System,GAMEPLAY,GAMEPLAY,GAMEPLAY_POLICY,US_EW_ESM_GENERIC,SOCKET_EW_MAST,10,
FR_SSBN_SNLE3G,France,SSBN,SNLE 3G,10,THREAT_WARNING,TW-RADAR-WARNING,Radar Warning,TW-RADAR-WARNING-FR,,Radar Warning,GAMEPLAY,GAMEPLAY,GAMEPLAY_POLICY,,SOCKET_EW_ANTENNA,1,
FR_SSBN_SNLE3G,France,SSBN,SNLE 3G,10,THREAT_WARNING,TW-ELECTRONIC-WARNING,Electronic Threat Warning,TW-ELECTRONIC-WARNING-FR,,Electronic Threat Warning,GAMEPLAY,GAMEPLAY,GAMEPLAY_POLICY,,SOCKET_EW_ANTENNA,3,
FR_SSBN_SNLE3G,France,SSBN,SNLE 3G,10,THREAT_WARNING,TW-ACTIVE-SONAR-WARNING,Active Sonar Warning,TW-ACTIVE-SONAR-WARNING-FR,,Active Sonar Warning,GAMEPLAY,GAMEPLAY,GAMEPLAY_POLICY,,SOCKET_EW_ANTENNA,4,
FR_SSBN_SNLE3G,France,SSBN,SNLE 3G,10,THREAT_WARNING,TW-TORPEDO-WARNING,Torpedo Warning,TW-TORPEDO-WARNING-FR,,Torpedo Warning,GAMEPLAY,GAMEPLAY,GAMEPLAY_POLICY,GEN_TW_TORPEDO_WARNING_SENSOR,SOCKET_EW_ANTENNA,5,
FR_SSBN_SNLE3G,France,SSBN,SNLE 3G,10,THREAT_WARNING,TW-ACOUSTIC-CLASSIFICATION,Acoustic Threat Classification,TW-ACOUSTIC-CLASSIFICATION-FR,,Acoustic Threat Classification,GAMEPLAY,GAMEPLAY,GAMEPLAY_POLICY,,SOCKET_EW_ANTENNA,6,
FR_SSBN_SNLE3G,France,SSBN,SNLE 3G,10,ACOUSTIC_COUNTERMEASURE,ACM-NOISE-MAKER,Noise Maker,ACM-NOISE-MAKER-FR,,Noise Maker,GAMEPLAY,GAMEPLAY,GAMEPLAY_POLICY,GEN_ACM_NOISE_MAKER,SOCKET_COUNTERMEASURE_01,1,
FR_SSBN_SNLE3G,France,SSBN,SNLE 3G,10,ACOUSTIC_COUNTERMEASURE,ACM-ACOUSTIC-DECOY,Acoustic Decoy,ACM-ACOUSTIC-DECOY-FR,,Acoustic Decoy,GAMEPLAY,GAMEPLAY,GAMEPLAY_POLICY,US_ACM_TORPEDO_DECOY,SOCKET_COUNTERMEASURE_01,2,
FR_SSBN_SNLE3G,France,SSBN,SNLE 3G,10,ACOUSTIC_COUNTERMEASURE,ACM-TORPEDO-DECOY,Torpedo Decoy,ACM-TORPEDO-DECOY-FR,,Torpedo Decoy,GAMEPLAY,GAMEPLAY,GAMEPLAY_POLICY,US_ACM_TORPEDO_DECOY,SOCKET_COUNTERMEASURE_01,4,
FR_SSBN_SNLE3G,France,SSBN,SNLE 3G,10,ACOUSTIC_COUNTERMEASURE,ACM-MOBILE-DECOY,Mobile Acoustic Decoy,ACM-MOBILE-DECOY-FR,,Mobile Acoustic Decoy,GAMEPLAY,GAMEPLAY,GAMEPLAY_POLICY,US_ACM_MOBILE_DECOY,SOCKET_COUNTERMEASURE_01,5,
FR_SSBN_SNLE3G,France,SSBN,SNLE 3G,10,ACOUSTIC_COUNTERMEASURE,ACM-ADVANCED,Advanced Acoustic Countermeasure,ACM-ADVANCED-FR,,Advanced Acoustic Countermeasure,GAMEPLAY,GAMEPLAY,GAMEPLAY_POLICY,US_ACM_MOBILE_DECOY,SOCKET_COUNTERMEASURE_01,7,
FR_SSBN_SNLE3G,France,SSBN,SNLE 3G,10,ACOUSTIC_COUNTERMEASURE,ACM-INTEGRATED,Integrated Acoustic Defense,ACM-INTEGRATED-FR,,Integrated Acoustic Defense,GAMEPLAY,GAMEPLAY,GAMEPLAY_POLICY,US_ACM_MOBILE_DECOY,SOCKET_COUNTERMEASURE_01,8,
FR_SSBN_SNLE3G,France,SSBN,SNLE 3G,10,DECOY,DEC-PASSIVE,Passive Decoy,DEC-PASSIVE-FR,,Passive Decoy,GAMEPLAY,GAMEPLAY,GAMEPLAY_POLICY,,SOCKET_COUNTERMEASURE_02,1,
FR_SSBN_SNLE3G,France,SSBN,SNLE 3G,10,DECOY,DEC-ACTIVE,Active Decoy,DEC-ACTIVE-FR,,Active Decoy,GAMEPLAY,GAMEPLAY,GAMEPLAY_POLICY,US_ACM_TORPEDO_DECOY,SOCKET_COUNTERMEASURE_02,3,
FR_SSBN_SNLE3G,France,SSBN,SNLE 3G,10,DECOY,DEC-ACOUSTIC,Acoustic Decoy,DEC-ACOUSTIC-FR,,Acoustic Decoy,GAMEPLAY,GAMEPLAY,GAMEPLAY_POLICY,US_ACM_TORPEDO_DECOY,SOCKET_COUNTERMEASURE_02,2,
FR_SSBN_SNLE3G,France,SSBN,SNLE 3G,10,DECOY,DEC-TORPEDO,Torpedo Decoy,DEC-TORPEDO-FR,,Torpedo Decoy,GAMEPLAY,GAMEPLAY,GAMEPLAY_POLICY,US_ACM_TORPEDO_DECOY,SOCKET_COUNTERMEASURE_02,4,
FR_SSBN_SNLE3G,France,SSBN,SNLE 3G,10,DECOY,DEC-MOBILE,Mobile Decoy,DEC-MOBILE-FR,,Mobile Decoy,GAMEPLAY,GAMEPLAY,GAMEPLAY_POLICY,US_ACM_MOBILE_DECOY,SOCKET_COUNTERMEASURE_02,5,
FR_SSBN_SNLE3G,France,SSBN,SNLE 3G,10,DECOY,DEC-ADVANCED,Advanced Decoy,DEC-ADVANCED-FR,,Advanced Decoy,GAMEPLAY,GAMEPLAY,GAMEPLAY_POLICY,US_ACM_MOBILE_DECOY,SOCKET_COUNTERMEASURE_02,7,
FR_SSBN_SNLE3G,France,SSBN,SNLE 3G,10,NOISE_MAKER,NM-EARLY,Early Noise Maker,NM-EARLY-FR,,Early Noise Maker,GAMEPLAY,GAMEPLAY,GAMEPLAY_POLICY,GEN_ACM_NOISE_MAKER,SOCKET_COUNTERMEASURE_02,1,
FR_SSBN_SNLE3G,France,SSBN,SNLE 3G,10,NOISE_MAKER,NM-IMPROVED,Improved Noise Maker,NM-IMPROVED-FR,,Improved Noise Maker,GAMEPLAY,GAMEPLAY,GAMEPLAY_POLICY,GEN_ACM_NOISE_MAKER,SOCKET_COUNTERMEASURE_02,3,
FR_SSBN_SNLE3G,France,SSBN,SNLE 3G,10,NOISE_MAKER,NM-MODERN,Modern Noise Maker,NM-MODERN-FR,,Modern Noise Maker,GAMEPLAY,GAMEPLAY,GAMEPLAY_POLICY,GEN_ACM_NOISE_MAKER,SOCKET_COUNTERMEASURE_02,6,
FR_SSBN_SNLE3G,France,SSBN,SNLE 3G,10,NOISE_MAKER,NM-ADVANCED,Advanced Acoustic Countermeasure,NM-ADVANCED-FR,,Advanced Acoustic Countermeasure,GAMEPLAY,GAMEPLAY,GAMEPLAY_POLICY,GEN_ACM_NOISE_MAKER,SOCKET_COUNTERMEASURE_02,8,
FR_SSBN_SNLE3G,France,SSBN,SNLE 3G,10,TORPEDO_DEFENSE,TD-WARNING,Torpedo Warning,TD-WARNING-FR,,Torpedo Warning,GAMEPLAY,GAMEPLAY,GAMEPLAY_POLICY,GEN_TW_TORPEDO_WARNING_SENSOR,SOCKET_DECOY_LAUNCHER_02,4,
FR_SSBN_SNLE3G,France,SSBN,SNLE 3G,10,TORPEDO_DEFENSE,TD-COUNTERMEASURE,Countermeasure,TD-COUNTERMEASURE-FR,,Countermeasure,GAMEPLAY,GAMEPLAY,GAMEPLAY_POLICY,US_ACM_TORPEDO_DECOY,SOCKET_DECOY_LAUNCHER_02,5,
FR_SSBN_SNLE3G,France,SSBN,SNLE 3G,10,TORPEDO_DEFENSE,TD-ADVANCED,Advanced Countermeasure,TD-ADVANCED-FR,,Advanced Countermeasure,GAMEPLAY,GAMEPLAY,GAMEPLAY_POLICY,US_ACM_MOBILE_DECOY,SOCKET_DECOY_LAUNCHER_02,7,
FR_SSBN_SNLE3G,France,SSBN,SNLE 3G,10,TORPEDO_DEFENSE,TD-INTEGRATED,Integrated Torpedo Defense,TD-INTEGRATED-FR,,Integrated Torpedo Defense,GAMEPLAY,GAMEPLAY,GAMEPLAY_POLICY,US_ACM_MOBILE_DECOY,SOCKET_DECOY_LAUNCHER_02,9,
FR_SSBN_SNLE3G,France,SSBN,SNLE 3G,10,LAUNCHER,CML-EXTERNAL,External Launcher,CML-EXTERNAL-FR,,External Launcher,GAMEPLAY,GAMEPLAY,GAMEPLAY_POLICY,US_CML_DECOY_LAUNCHER,SOCKET_DECOY_LAUNCHER_01,2,
FR_SSBN_SNLE3G,France,SSBN,SNLE 3G,10,LAUNCHER,CML-TUBE,Countermeasure Tube,CML-TUBE-FR,,Countermeasure Tube,GAMEPLAY,GAMEPLAY,GAMEPLAY_POLICY,GEN_CML_TUBE,SOCKET_DECOY_LAUNCHER_01,3,
FR_SSBN_SNLE3G,France,SSBN,SNLE 3G,10,LAUNCHER,CML-ACOUSTIC-DEVICE,Acoustic Device Launcher,CML-ACOUSTIC-DEVICE-FR,,Acoustic Device Launcher,GAMEPLAY,GAMEPLAY,GAMEPLAY_POLICY,US_CML_DECOY_LAUNCHER,SOCKET_DECOY_LAUNCHER_01,4,
FR_SSBN_SNLE3G,France,SSBN,SNLE 3G,10,LAUNCHER,CML-ADVANCED,Advanced Launcher,CML-ADVANCED-FR,,Advanced Launcher,GAMEPLAY,GAMEPLAY,GAMEPLAY_POLICY,US_CML_DECOY_LAUNCHER,SOCKET_DECOY_LAUNCHER_01,7,
FR_SSBN_SNLE3G,France,SSBN,SNLE 3G,10,LAUNCHER,CML-INTEGRATED,Integrated Launcher,CML-INTEGRATED-FR,,Integrated Launcher,GAMEPLAY,GAMEPLAY,GAMEPLAY_POLICY,US_CML_DECOY_LAUNCHER,SOCKET_DECOY_LAUNCHER_01,8,
FR_SSBN_SNLE3G,France,SSBN,SNLE 3G,10,DEFENSIVE_CONTROL,DC-CONSOLE,Defensive Control Console,DC-CONSOLE-FR,,Defensive Control Console,GAMEPLAY,GAMEPLAY,GAMEPLAY_POLICY,US_DCM_CONSOLE,,2,
FR_SSBN_SNLE3G,France,SSBN,SNLE 3G,10,DEFENSIVE_CONTROL,DC-INTEGRATED-CONTROL,Integrated Defensive Control,DC-INTEGRATED-CONTROL-FR,,Integrated Defensive Control,GAMEPLAY,GAMEPLAY,GAMEPLAY_POLICY,US_DCM_CONSOLE,,6,
FR_SSBN_SNLE3G,France,SSBN,SNLE 3G,10,DEFENSIVE_CONTROL,DC-AUTOMATED,Automated Defensive Control,DC-AUTOMATED-FR,,Automated Defensive Control,GAMEPLAY,GAMEPLAY,GAMEPLAY_POLICY,US_DCM_CONSOLE,,8,
FR_SSBN_SNLE3G,France,SSBN,SNLE 3G,10,INTEGRATED_DEFENSE,IDS-CORE,Integrated Defensive System,IDS-CORE-FR,,Integrated Defensive System,GAMEPLAY,GAMEPLAY,GAMEPLAY_POLICY,US_DCM_CONSOLE,,6,
FR_SSBN_SNLE3G,France,SSBN,SNLE 3G,10,INTEGRATED_DEFENSE,IDS-ADVANCED,Next Generation Defensive System,IDS-ADVANCED-FR,,Next Generation Defensive System,GAMEPLAY,GAMEPLAY,GAMEPLAY_POLICY,US_DCM_CONSOLE,,9,
CN_SSN_Type091,China,SSN,Type 091,4,ESM,ESM-BASIC-DETECTION,Basic Signal Detection,ESM-BASIC-DETECTION-CN,,Basic Signal Detection,GAMEPLAY,GAMEPLAY,GAMEPLAY_POLICY,CN_EW_TYPE093,SOCKET_EW_MAST,1,
CN_SSN_Type091,China,SSN,Type 091,4,ESM,ESM-IMPROVED-DETECTION,Improved Detection,ESM-IMPROVED-DETECTION-CN,,Improved Detection,GAMEPLAY,GAMEPLAY,GAMEPLAY_POLICY,CN_EW_TYPE093,SOCKET_EW_MAST,2,
CN_SSN_Type091,China,SSN,Type 091,4,ESM,ESM-CLASSIFICATION,Signal Classification,ESM-CLASSIFICATION-CN,,Signal Classification,GAMEPLAY,GAMEPLAY,GAMEPLAY_POLICY,CN_EW_TYPE093,SOCKET_EW_MAST,3,
CN_SSN_Type091,China,SSN,Type 091,4,ESM,ESM-DIGITAL,Digital ESM,ESM-DIGITAL-CN,,Digital ESM,GAMEPLAY,GAMEPLAY,GAMEPLAY_POLICY,CN_EW_TYPE093,SOCKET_EW_MAST,4,
CN_SSN_Type091,China,SSN,Type 091,4,ESM,ESM-MULTIBAND,Multi-Band ESM,ESM-MULTIBAND-CN,,Multi-Band ESM,GAMEPLAY,GAMEPLAY,GAMEPLAY_POLICY,CN_EW_TYPE093,SOCKET_EW_MAST,5,
CN_SSN_Type091,China,SSN,Type 091,4,ESM,ESM-INTEGRATED,Integrated ESM,ESM-INTEGRATED-CN,,Integrated ESM,UNKNOWN,UNKNOWN,UNKNOWN_INSUFFICIENT_PUBLIC_DATA,CN_EW_TYPE093,SOCKET_EW_MAST,6,
CN_SSN_Type091,China,SSN,Type 091,4,ESM,ESM-ADVANCED-THREAT-WARNING,Advanced Threat Warning,ESM-ADVANCED-THREAT-WARNING-CN,,Advanced Threat Warning,UNKNOWN,UNKNOWN,UNKNOWN_INSUFFICIENT_PUBLIC_DATA,CN_EW_TYPE093,SOCKET_EW_MAST,7,
CN_SSN_Type091,China,SSN,Type 091,4,ESM,ESM-MULTISENSOR-FUSION,Multi-Sensor Fusion,ESM-MULTISENSOR-FUSION-CN,,Multi-Sensor Fusion,INCOMPATIBLE,INCOMPATIBLE,ERA_WINDOW_POLICY,CN_EW_TYPE093,SOCKET_EW_MAST,8,
CN_SSN_Type091,China,SSN,Type 091,4,ESM,ESM-ADVANCED-EW,Advanced Integrated EW,ESM-ADVANCED-EW-CN,,Advanced Integrated EW,INCOMPATIBLE,INCOMPATIBLE,ERA_WINDOW_POLICY,CN_EW_TYPE093,SOCKET_EW_MAST,9,
CN_SSN_Type091,China,SSN,Type 091,4,ESM,ESM-NEXTGEN,Next Generation Defensive Electronic System,ESM-NEXTGEN-CN,,Next Generation Defensive Electronic System,INCOMPATIBLE,INCOMPATIBLE,ERA_WINDOW_POLICY,CN_EW_TYPE093,SOCKET_EW_MAST,10,
CN_SSN_Type091,China,SSN,Type 091,4,THREAT_WARNING,TW-RADAR-WARNING,Radar Warning,TW-RADAR-WARNING-CN,,Radar Warning,GAMEPLAY,GAMEPLAY,GAMEPLAY_POLICY,,SOCKET_EW_ANTENNA,1,
CN_SSN_Type091,China,SSN,Type 091,4,THREAT_WARNING,TW-ELECTRONIC-WARNING,Electronic Threat Warning,TW-ELECTRONIC-WARNING-CN,,Electronic Threat Warning,GAMEPLAY,GAMEPLAY,GAMEPLAY_POLICY,,SOCKET_EW_ANTENNA,3,
CN_SSN_Type091,China,SSN,Type 091,4,THREAT_WARNING,TW-ACTIVE-SONAR-WARNING,Active Sonar Warning,TW-ACTIVE-SONAR-WARNING-CN,,Active Sonar Warning,GAMEPLAY,GAMEPLAY,GAMEPLAY_POLICY,,SOCKET_EW_ANTENNA,4,
CN_SSN_Type091,China,SSN,Type 091,4,THREAT_WARNING,TW-TORPEDO-WARNING,Torpedo Warning,TW-TORPEDO-WARNING-CN,,Torpedo Warning,GAMEPLAY,GAMEPLAY,GAMEPLAY_POLICY,GEN_TW_TORPEDO_WARNING_SENSOR,SOCKET_EW_ANTENNA,5,
CN_SSN_Type091,China,SSN,Type 091,4,THREAT_WARNING,TW-ACOUSTIC-CLASSIFICATION,Acoustic Threat Classification,TW-ACOUSTIC-CLASSIFICATION-CN,,Acoustic Threat Classification,UNKNOWN,UNKNOWN,UNKNOWN_INSUFFICIENT_PUBLIC_DATA,,SOCKET_EW_ANTENNA,6,
CN_SSN_Type091,China,SSN,Type 091,4,ACOUSTIC_COUNTERMEASURE,ACM-NOISE-MAKER,Noise Maker,ACM-NOISE-MAKER-CN,,Noise Maker,GAMEPLAY,GAMEPLAY,GAMEPLAY_POLICY,GEN_ACM_NOISE_MAKER,SOCKET_COUNTERMEASURE_01,1,
CN_SSN_Type091,China,SSN,Type 091,4,ACOUSTIC_COUNTERMEASURE,ACM-ACOUSTIC-DECOY,Acoustic Decoy,ACM-ACOUSTIC-DECOY-CN,,Acoustic Decoy,GAMEPLAY,GAMEPLAY,GAMEPLAY_POLICY,US_ACM_TORPEDO_DECOY,SOCKET_COUNTERMEASURE_01,2,
CN_SSN_Type091,China,SSN,Type 091,4,ACOUSTIC_COUNTERMEASURE,ACM-TORPEDO-DECOY,Torpedo Decoy,ACM-TORPEDO-DECOY-CN,,Torpedo Decoy,GAMEPLAY,GAMEPLAY,GAMEPLAY_POLICY,US_ACM_TORPEDO_DECOY,SOCKET_COUNTERMEASURE_01,4,
CN_SSN_Type091,China,SSN,Type 091,4,ACOUSTIC_COUNTERMEASURE,ACM-MOBILE-DECOY,Mobile Acoustic Decoy,ACM-MOBILE-DECOY-CN,,Mobile Acoustic Decoy,GAMEPLAY,GAMEPLAY,GAMEPLAY_POLICY,US_ACM_MOBILE_DECOY,SOCKET_COUNTERMEASURE_01,5,
CN_SSN_Type091,China,SSN,Type 091,4,ACOUSTIC_COUNTERMEASURE,ACM-ADVANCED,Advanced Acoustic Countermeasure,ACM-ADVANCED-CN,,Advanced Acoustic Countermeasure,UNKNOWN,UNKNOWN,UNKNOWN_INSUFFICIENT_PUBLIC_DATA,US_ACM_MOBILE_DECOY,SOCKET_COUNTERMEASURE_01,7,
CN_SSN_Type091,China,SSN,Type 091,4,ACOUSTIC_COUNTERMEASURE,ACM-INTEGRATED,Integrated Acoustic Defense,ACM-INTEGRATED-CN,,Integrated Acoustic Defense,INCOMPATIBLE,INCOMPATIBLE,ERA_WINDOW_POLICY,US_ACM_MOBILE_DECOY,SOCKET_COUNTERMEASURE_01,8,
CN_SSN_Type091,China,SSN,Type 091,4,DECOY,DEC-PASSIVE,Passive Decoy,DEC-PASSIVE-CN,,Passive Decoy,GAMEPLAY,GAMEPLAY,GAMEPLAY_POLICY,,SOCKET_COUNTERMEASURE_02,1,
CN_SSN_Type091,China,SSN,Type 091,4,DECOY,DEC-ACTIVE,Active Decoy,DEC-ACTIVE-CN,,Active Decoy,GAMEPLAY,GAMEPLAY,GAMEPLAY_POLICY,US_ACM_TORPEDO_DECOY,SOCKET_COUNTERMEASURE_02,3,
CN_SSN_Type091,China,SSN,Type 091,4,DECOY,DEC-ACOUSTIC,Acoustic Decoy,DEC-ACOUSTIC-CN,,Acoustic Decoy,GAMEPLAY,GAMEPLAY,GAMEPLAY_POLICY,US_ACM_TORPEDO_DECOY,SOCKET_COUNTERMEASURE_02,2,
CN_SSN_Type091,China,SSN,Type 091,4,DECOY,DEC-TORPEDO,Torpedo Decoy,DEC-TORPEDO-CN,,Torpedo Decoy,GAMEPLAY,GAMEPLAY,GAMEPLAY_POLICY,US_ACM_TORPEDO_DECOY,SOCKET_COUNTERMEASURE_02,4,
CN_SSN_Type091,China,SSN,Type 091,4,DECOY,DEC-MOBILE,Mobile Decoy,DEC-MOBILE-CN,,Mobile Decoy,GAMEPLAY,GAMEPLAY,GAMEPLAY_POLICY,US_ACM_MOBILE_DECOY,SOCKET_COUNTERMEASURE_02,5,
CN_SSN_Type091,China,SSN,Type 091,4,DECOY,DEC-ADVANCED,Advanced Decoy,DEC-ADVANCED-CN,,Advanced Decoy,UNKNOWN,UNKNOWN,UNKNOWN_INSUFFICIENT_PUBLIC_DATA,US_ACM_MOBILE_DECOY,SOCKET_COUNTERMEASURE_02,7,
CN_SSN_Type091,China,SSN,Type 091,4,NOISE_MAKER,NM-EARLY,Early Noise Maker,NM-EARLY-CN,,Early Noise Maker,GAMEPLAY,GAMEPLAY,GAMEPLAY_POLICY,GEN_ACM_NOISE_MAKER,SOCKET_COUNTERMEASURE_02,1,
CN_SSN_Type091,China,SSN,Type 091,4,NOISE_MAKER,NM-IMPROVED,Improved Noise Maker,NM-IMPROVED-CN,,Improved Noise Maker,GAMEPLAY,GAMEPLAY,GAMEPLAY_POLICY,GEN_ACM_NOISE_MAKER,SOCKET_COUNTERMEASURE_02,3,
CN_SSN_Type091,China,SSN,Type 091,4,NOISE_MAKER,NM-MODERN,Modern Noise Maker,NM-MODERN-CN,,Modern Noise Maker,UNKNOWN,UNKNOWN,UNKNOWN_INSUFFICIENT_PUBLIC_DATA,GEN_ACM_NOISE_MAKER,SOCKET_COUNTERMEASURE_02,6,
CN_SSN_Type091,China,SSN,Type 091,4,NOISE_MAKER,NM-ADVANCED,Advanced Acoustic Countermeasure,NM-ADVANCED-CN,,Advanced Acoustic Countermeasure,INCOMPATIBLE,INCOMPATIBLE,ERA_WINDOW_POLICY,GEN_ACM_NOISE_MAKER,SOCKET_COUNTERMEASURE_02,8,
CN_SSN_Type091,China,SSN,Type 091,4,TORPEDO_DEFENSE,TD-WARNING,Torpedo Warning,TD-WARNING-CN,,Torpedo Warning,GAMEPLAY,GAMEPLAY,GAMEPLAY_POLICY,GEN_TW_TORPEDO_WARNING_SENSOR,SOCKET_DECOY_LAUNCHER_02,4,
CN_SSN_Type091,China,SSN,Type 091,4,TORPEDO_DEFENSE,TD-COUNTERMEASURE,Countermeasure,TD-COUNTERMEASURE-CN,,Countermeasure,GAMEPLAY,GAMEPLAY,GAMEPLAY_POLICY,US_ACM_TORPEDO_DECOY,SOCKET_DECOY_LAUNCHER_02,5,
CN_SSN_Type091,China,SSN,Type 091,4,TORPEDO_DEFENSE,TD-ADVANCED,Advanced Countermeasure,TD-ADVANCED-CN,,Advanced Countermeasure,UNKNOWN,UNKNOWN,UNKNOWN_INSUFFICIENT_PUBLIC_DATA,US_ACM_MOBILE_DECOY,SOCKET_DECOY_LAUNCHER_02,7,
CN_SSN_Type091,China,SSN,Type 091,4,TORPEDO_DEFENSE,TD-INTEGRATED,Integrated Torpedo Defense,TD-INTEGRATED-CN,,Integrated Torpedo Defense,INCOMPATIBLE,INCOMPATIBLE,ERA_WINDOW_POLICY,US_ACM_MOBILE_DECOY,SOCKET_DECOY_LAUNCHER_02,9,
CN_SSN_Type091,China,SSN,Type 091,4,LAUNCHER,CML-EXTERNAL,External Launcher,CML-EXTERNAL-CN,,External Launcher,GAMEPLAY,GAMEPLAY,GAMEPLAY_POLICY,US_CML_DECOY_LAUNCHER,SOCKET_DECOY_LAUNCHER_01,2,
CN_SSN_Type091,China,SSN,Type 091,4,LAUNCHER,CML-TUBE,Countermeasure Tube,CML-TUBE-CN,,Countermeasure Tube,GAMEPLAY,GAMEPLAY,GAMEPLAY_POLICY,GEN_CML_TUBE,SOCKET_DECOY_LAUNCHER_01,3,
CN_SSN_Type091,China,SSN,Type 091,4,LAUNCHER,CML-ACOUSTIC-DEVICE,Acoustic Device Launcher,CML-ACOUSTIC-DEVICE-CN,,Acoustic Device Launcher,GAMEPLAY,GAMEPLAY,GAMEPLAY_POLICY,US_CML_DECOY_LAUNCHER,SOCKET_DECOY_LAUNCHER_01,4,
CN_SSN_Type091,China,SSN,Type 091,4,LAUNCHER,CML-ADVANCED,Advanced Launcher,CML-ADVANCED-CN,,Advanced Launcher,UNKNOWN,UNKNOWN,UNKNOWN_INSUFFICIENT_PUBLIC_DATA,US_CML_DECOY_LAUNCHER,SOCKET_DECOY_LAUNCHER_01,7,
CN_SSN_Type091,China,SSN,Type 091,4,LAUNCHER,CML-INTEGRATED,Integrated Launcher,CML-INTEGRATED-CN,,Integrated Launcher,INCOMPATIBLE,INCOMPATIBLE,ERA_WINDOW_POLICY,US_CML_DECOY_LAUNCHER,SOCKET_DECOY_LAUNCHER_01,8,
CN_SSN_Type091,China,SSN,Type 091,4,DEFENSIVE_CONTROL,DC-CONSOLE,Defensive Control Console,DC-CONSOLE-CN,,Defensive Control Console,GAMEPLAY,GAMEPLAY,GAMEPLAY_POLICY,US_DCM_CONSOLE,,2,
CN_SSN_Type091,China,SSN,Type 091,4,DEFENSIVE_CONTROL,DC-INTEGRATED-CONTROL,Integrated Defensive Control,DC-INTEGRATED-CONTROL-CN,,Integrated Defensive Control,UNKNOWN,UNKNOWN,UNKNOWN_INSUFFICIENT_PUBLIC_DATA,US_DCM_CONSOLE,,6,
CN_SSN_Type091,China,SSN,Type 091,4,DEFENSIVE_CONTROL,DC-AUTOMATED,Automated Defensive Control,DC-AUTOMATED-CN,,Automated Defensive Control,INCOMPATIBLE,INCOMPATIBLE,ERA_WINDOW_POLICY,US_DCM_CONSOLE,,8,
CN_SSN_Type091,China,SSN,Type 091,4,INTEGRATED_DEFENSE,IDS-CORE,Integrated Defensive System,IDS-CORE-CN,,Integrated Defensive System,UNKNOWN,UNKNOWN,UNKNOWN_INSUFFICIENT_PUBLIC_DATA,US_DCM_CONSOLE,,6,
CN_SSN_Type091,China,SSN,Type 091,4,INTEGRATED_DEFENSE,IDS-ADVANCED,Next Generation Defensive System,IDS-ADVANCED-CN,,Next Generation Defensive System,INCOMPATIBLE,INCOMPATIBLE,ERA_WINDOW_POLICY,US_DCM_CONSOLE,,9,
CN_SSN_Type093,China,SSN,Type 093,7,ESM,ESM-BASIC-DETECTION,Basic Signal Detection,ESM-BASIC-DETECTION-CN,,Basic Signal Detection,GAMEPLAY,GAMEPLAY,GAMEPLAY_POLICY,CN_EW_TYPE093,SOCKET_EW_MAST,1,
CN_SSN_Type093,China,SSN,Type 093,7,ESM,ESM-IMPROVED-DETECTION,Improved Detection,ESM-IMPROVED-DETECTION-CN,,Improved Detection,GAMEPLAY,GAMEPLAY,GAMEPLAY_POLICY,CN_EW_TYPE093,SOCKET_EW_MAST,2,
CN_SSN_Type093,China,SSN,Type 093,7,ESM,ESM-CLASSIFICATION,Signal Classification,ESM-CLASSIFICATION-CN,,Signal Classification,GAMEPLAY,GAMEPLAY,GAMEPLAY_POLICY,CN_EW_TYPE093,SOCKET_EW_MAST,3,
CN_SSN_Type093,China,SSN,Type 093,7,ESM,ESM-DIGITAL,Digital ESM,ESM-DIGITAL-CN,,Digital ESM,GAMEPLAY,GAMEPLAY,GAMEPLAY_POLICY,CN_EW_TYPE093,SOCKET_EW_MAST,4,
CN_SSN_Type093,China,SSN,Type 093,7,ESM,ESM-MULTIBAND,Multi-Band ESM,ESM-MULTIBAND-CN,,Multi-Band ESM,GAMEPLAY,GAMEPLAY,GAMEPLAY_POLICY,CN_EW_TYPE093,SOCKET_EW_MAST,5,
CN_SSN_Type093,China,SSN,Type 093,7,ESM,ESM-INTEGRATED,Integrated ESM,ESM-INTEGRATED-CN,,Integrated ESM,GAMEPLAY,GAMEPLAY,GAMEPLAY_POLICY,CN_EW_TYPE093,SOCKET_EW_MAST,6,
CN_SSN_Type093,China,SSN,Type 093,7,ESM,ESM-ADVANCED-THREAT-WARNING,Advanced Threat Warning,ESM-ADVANCED-THREAT-WARNING-CN,,Advanced Threat Warning,GAMEPLAY,GAMEPLAY,GAMEPLAY_POLICY,CN_EW_TYPE093,SOCKET_EW_MAST,7,
CN_SSN_Type093,China,SSN,Type 093,7,ESM,ESM-MULTISENSOR-FUSION,Multi-Sensor Fusion,ESM-MULTISENSOR-FUSION-CN,,Multi-Sensor Fusion,GAMEPLAY,GAMEPLAY,GAMEPLAY_POLICY,CN_EW_TYPE093,SOCKET_EW_MAST,8,
CN_SSN_Type093,China,SSN,Type 093,7,ESM,ESM-ADVANCED-EW,Advanced Integrated EW,ESM-ADVANCED-EW-CN,,Advanced Integrated EW,UNKNOWN,UNKNOWN,UNKNOWN_INSUFFICIENT_PUBLIC_DATA,CN_EW_TYPE093,SOCKET_EW_MAST,9,
CN_SSN_Type093,China,SSN,Type 093,7,ESM,ESM-NEXTGEN,Next Generation Defensive Electronic System,ESM-NEXTGEN-CN,,Next Generation Defensive Electronic System,UNKNOWN,UNKNOWN,UNKNOWN_INSUFFICIENT_PUBLIC_DATA,CN_EW_TYPE093,SOCKET_EW_MAST,10,
CN_SSN_Type093,China,SSN,Type 093,7,THREAT_WARNING,TW-RADAR-WARNING,Radar Warning,TW-RADAR-WARNING-CN,,Radar Warning,GAMEPLAY,GAMEPLAY,GAMEPLAY_POLICY,,SOCKET_EW_ANTENNA,1,
CN_SSN_Type093,China,SSN,Type 093,7,THREAT_WARNING,TW-ELECTRONIC-WARNING,Electronic Threat Warning,TW-ELECTRONIC-WARNING-CN,,Electronic Threat Warning,GAMEPLAY,GAMEPLAY,GAMEPLAY_POLICY,,SOCKET_EW_ANTENNA,3,
CN_SSN_Type093,China,SSN,Type 093,7,THREAT_WARNING,TW-ACTIVE-SONAR-WARNING,Active Sonar Warning,TW-ACTIVE-SONAR-WARNING-CN,,Active Sonar Warning,GAMEPLAY,GAMEPLAY,GAMEPLAY_POLICY,,SOCKET_EW_ANTENNA,4,
CN_SSN_Type093,China,SSN,Type 093,7,THREAT_WARNING,TW-TORPEDO-WARNING,Torpedo Warning,TW-TORPEDO-WARNING-CN,,Torpedo Warning,GAMEPLAY,GAMEPLAY,GAMEPLAY_POLICY,GEN_TW_TORPEDO_WARNING_SENSOR,SOCKET_EW_ANTENNA,5,
CN_SSN_Type093,China,SSN,Type 093,7,THREAT_WARNING,TW-ACOUSTIC-CLASSIFICATION,Acoustic Threat Classification,TW-ACOUSTIC-CLASSIFICATION-CN,,Acoustic Threat Classification,GAMEPLAY,GAMEPLAY,GAMEPLAY_POLICY,,SOCKET_EW_ANTENNA,6,
CN_SSN_Type093,China,SSN,Type 093,7,ACOUSTIC_COUNTERMEASURE,ACM-NOISE-MAKER,Noise Maker,ACM-NOISE-MAKER-CN,,Noise Maker,GAMEPLAY,GAMEPLAY,GAMEPLAY_POLICY,GEN_ACM_NOISE_MAKER,SOCKET_COUNTERMEASURE_01,1,
CN_SSN_Type093,China,SSN,Type 093,7,ACOUSTIC_COUNTERMEASURE,ACM-ACOUSTIC-DECOY,Acoustic Decoy,ACM-ACOUSTIC-DECOY-CN,,Acoustic Decoy,GAMEPLAY,GAMEPLAY,GAMEPLAY_POLICY,US_ACM_TORPEDO_DECOY,SOCKET_COUNTERMEASURE_01,2,
CN_SSN_Type093,China,SSN,Type 093,7,ACOUSTIC_COUNTERMEASURE,ACM-TORPEDO-DECOY,Torpedo Decoy,ACM-TORPEDO-DECOY-CN,,Torpedo Decoy,GAMEPLAY,GAMEPLAY,GAMEPLAY_POLICY,US_ACM_TORPEDO_DECOY,SOCKET_COUNTERMEASURE_01,4,
CN_SSN_Type093,China,SSN,Type 093,7,ACOUSTIC_COUNTERMEASURE,ACM-MOBILE-DECOY,Mobile Acoustic Decoy,ACM-MOBILE-DECOY-CN,,Mobile Acoustic Decoy,GAMEPLAY,GAMEPLAY,GAMEPLAY_POLICY,US_ACM_MOBILE_DECOY,SOCKET_COUNTERMEASURE_01,5,
CN_SSN_Type093,China,SSN,Type 093,7,ACOUSTIC_COUNTERMEASURE,ACM-ADVANCED,Advanced Acoustic Countermeasure,ACM-ADVANCED-CN,,Advanced Acoustic Countermeasure,GAMEPLAY,GAMEPLAY,GAMEPLAY_POLICY,US_ACM_MOBILE_DECOY,SOCKET_COUNTERMEASURE_01,7,
CN_SSN_Type093,China,SSN,Type 093,7,ACOUSTIC_COUNTERMEASURE,ACM-INTEGRATED,Integrated Acoustic Defense,ACM-INTEGRATED-CN,,Integrated Acoustic Defense,GAMEPLAY,GAMEPLAY,GAMEPLAY_POLICY,US_ACM_MOBILE_DECOY,SOCKET_COUNTERMEASURE_01,8,
CN_SSN_Type093,China,SSN,Type 093,7,DECOY,DEC-PASSIVE,Passive Decoy,DEC-PASSIVE-CN,,Passive Decoy,GAMEPLAY,GAMEPLAY,GAMEPLAY_POLICY,,SOCKET_COUNTERMEASURE_02,1,
CN_SSN_Type093,China,SSN,Type 093,7,DECOY,DEC-ACTIVE,Active Decoy,DEC-ACTIVE-CN,,Active Decoy,GAMEPLAY,GAMEPLAY,GAMEPLAY_POLICY,US_ACM_TORPEDO_DECOY,SOCKET_COUNTERMEASURE_02,3,
CN_SSN_Type093,China,SSN,Type 093,7,DECOY,DEC-ACOUSTIC,Acoustic Decoy,DEC-ACOUSTIC-CN,,Acoustic Decoy,GAMEPLAY,GAMEPLAY,GAMEPLAY_POLICY,US_ACM_TORPEDO_DECOY,SOCKET_COUNTERMEASURE_02,2,
CN_SSN_Type093,China,SSN,Type 093,7,DECOY,DEC-TORPEDO,Torpedo Decoy,DEC-TORPEDO-CN,,Torpedo Decoy,GAMEPLAY,GAMEPLAY,GAMEPLAY_POLICY,US_ACM_TORPEDO_DECOY,SOCKET_COUNTERMEASURE_02,4,
CN_SSN_Type093,China,SSN,Type 093,7,DECOY,DEC-MOBILE,Mobile Decoy,DEC-MOBILE-CN,,Mobile Decoy,GAMEPLAY,GAMEPLAY,GAMEPLAY_POLICY,US_ACM_MOBILE_DECOY,SOCKET_COUNTERMEASURE_02,5,
CN_SSN_Type093,China,SSN,Type 093,7,DECOY,DEC-ADVANCED,Advanced Decoy,DEC-ADVANCED-CN,,Advanced Decoy,GAMEPLAY,GAMEPLAY,GAMEPLAY_POLICY,US_ACM_MOBILE_DECOY,SOCKET_COUNTERMEASURE_02,7,
CN_SSN_Type093,China,SSN,Type 093,7,NOISE_MAKER,NM-EARLY,Early Noise Maker,NM-EARLY-CN,,Early Noise Maker,GAMEPLAY,GAMEPLAY,GAMEPLAY_POLICY,GEN_ACM_NOISE_MAKER,SOCKET_COUNTERMEASURE_02,1,
CN_SSN_Type093,China,SSN,Type 093,7,NOISE_MAKER,NM-IMPROVED,Improved Noise Maker,NM-IMPROVED-CN,,Improved Noise Maker,GAMEPLAY,GAMEPLAY,GAMEPLAY_POLICY,GEN_ACM_NOISE_MAKER,SOCKET_COUNTERMEASURE_02,3,
CN_SSN_Type093,China,SSN,Type 093,7,NOISE_MAKER,NM-MODERN,Modern Noise Maker,NM-MODERN-CN,,Modern Noise Maker,GAMEPLAY,GAMEPLAY,GAMEPLAY_POLICY,GEN_ACM_NOISE_MAKER,SOCKET_COUNTERMEASURE_02,6,
CN_SSN_Type093,China,SSN,Type 093,7,NOISE_MAKER,NM-ADVANCED,Advanced Acoustic Countermeasure,NM-ADVANCED-CN,,Advanced Acoustic Countermeasure,GAMEPLAY,GAMEPLAY,GAMEPLAY_POLICY,GEN_ACM_NOISE_MAKER,SOCKET_COUNTERMEASURE_02,8,
CN_SSN_Type093,China,SSN,Type 093,7,TORPEDO_DEFENSE,TD-WARNING,Torpedo Warning,TD-WARNING-CN,,Torpedo Warning,GAMEPLAY,GAMEPLAY,GAMEPLAY_POLICY,GEN_TW_TORPEDO_WARNING_SENSOR,SOCKET_DECOY_LAUNCHER_02,4,
CN_SSN_Type093,China,SSN,Type 093,7,TORPEDO_DEFENSE,TD-COUNTERMEASURE,Countermeasure,TD-COUNTERMEASURE-CN,,Countermeasure,GAMEPLAY,GAMEPLAY,GAMEPLAY_POLICY,US_ACM_TORPEDO_DECOY,SOCKET_DECOY_LAUNCHER_02,5,
CN_SSN_Type093,China,SSN,Type 093,7,TORPEDO_DEFENSE,TD-ADVANCED,Advanced Countermeasure,TD-ADVANCED-CN,,Advanced Countermeasure,GAMEPLAY,GAMEPLAY,GAMEPLAY_POLICY,US_ACM_MOBILE_DECOY,SOCKET_DECOY_LAUNCHER_02,7,
CN_SSN_Type093,China,SSN,Type 093,7,TORPEDO_DEFENSE,TD-INTEGRATED,Integrated Torpedo Defense,TD-INTEGRATED-CN,,Integrated Torpedo Defense,UNKNOWN,UNKNOWN,UNKNOWN_INSUFFICIENT_PUBLIC_DATA,US_ACM_MOBILE_DECOY,SOCKET_DECOY_LAUNCHER_02,9,
CN_SSN_Type093,China,SSN,Type 093,7,LAUNCHER,CML-EXTERNAL,External Launcher,CML-EXTERNAL-CN,,External Launcher,GAMEPLAY,GAMEPLAY,GAMEPLAY_POLICY,US_CML_DECOY_LAUNCHER,SOCKET_DECOY_LAUNCHER_01,2,
CN_SSN_Type093,China,SSN,Type 093,7,LAUNCHER,CML-TUBE,Countermeasure Tube,CML-TUBE-CN,,Countermeasure Tube,GAMEPLAY,GAMEPLAY,GAMEPLAY_POLICY,GEN_CML_TUBE,SOCKET_DECOY_LAUNCHER_01,3,
CN_SSN_Type093,China,SSN,Type 093,7,LAUNCHER,CML-ACOUSTIC-DEVICE,Acoustic Device Launcher,CML-ACOUSTIC-DEVICE-CN,,Acoustic Device Launcher,GAMEPLAY,GAMEPLAY,GAMEPLAY_POLICY,US_CML_DECOY_LAUNCHER,SOCKET_DECOY_LAUNCHER_01,4,
CN_SSN_Type093,China,SSN,Type 093,7,LAUNCHER,CML-ADVANCED,Advanced Launcher,CML-ADVANCED-CN,,Advanced Launcher,GAMEPLAY,GAMEPLAY,GAMEPLAY_POLICY,US_CML_DECOY_LAUNCHER,SOCKET_DECOY_LAUNCHER_01,7,
CN_SSN_Type093,China,SSN,Type 093,7,LAUNCHER,CML-INTEGRATED,Integrated Launcher,CML-INTEGRATED-CN,,Integrated Launcher,GAMEPLAY,GAMEPLAY,GAMEPLAY_POLICY,US_CML_DECOY_LAUNCHER,SOCKET_DECOY_LAUNCHER_01,8,
CN_SSN_Type093,China,SSN,Type 093,7,DEFENSIVE_CONTROL,DC-CONSOLE,Defensive Control Console,DC-CONSOLE-CN,,Defensive Control Console,GAMEPLAY,GAMEPLAY,GAMEPLAY_POLICY,US_DCM_CONSOLE,,2,
CN_SSN_Type093,China,SSN,Type 093,7,DEFENSIVE_CONTROL,DC-INTEGRATED-CONTROL,Integrated Defensive Control,DC-INTEGRATED-CONTROL-CN,,Integrated Defensive Control,GAMEPLAY,GAMEPLAY,GAMEPLAY_POLICY,US_DCM_CONSOLE,,6,
CN_SSN_Type093,China,SSN,Type 093,7,DEFENSIVE_CONTROL,DC-AUTOMATED,Automated Defensive Control,DC-AUTOMATED-CN,,Automated Defensive Control,GAMEPLAY,GAMEPLAY,GAMEPLAY_POLICY,US_DCM_CONSOLE,,8,
CN_SSN_Type093,China,SSN,Type 093,7,INTEGRATED_DEFENSE,IDS-CORE,Integrated Defensive System,IDS-CORE-CN,,Integrated Defensive System,GAMEPLAY,GAMEPLAY,GAMEPLAY_POLICY,US_DCM_CONSOLE,,6,
CN_SSN_Type093,China,SSN,Type 093,7,INTEGRATED_DEFENSE,IDS-ADVANCED,Next Generation Defensive System,IDS-ADVANCED-CN,,Next Generation Defensive System,UNKNOWN,UNKNOWN,UNKNOWN_INSUFFICIENT_PUBLIC_DATA,US_DCM_CONSOLE,,9,
CN_SSN_Type093A,China,SSN,Type 093A,8,ESM,ESM-BASIC-DETECTION,Basic Signal Detection,ESM-BASIC-DETECTION-CN,,Basic Signal Detection,GAMEPLAY,GAMEPLAY,GAMEPLAY_POLICY,CN_EW_TYPE093,SOCKET_EW_MAST,1,
CN_SSN_Type093A,China,SSN,Type 093A,8,ESM,ESM-IMPROVED-DETECTION,Improved Detection,ESM-IMPROVED-DETECTION-CN,,Improved Detection,GAMEPLAY,GAMEPLAY,GAMEPLAY_POLICY,CN_EW_TYPE093,SOCKET_EW_MAST,2,
CN_SSN_Type093A,China,SSN,Type 093A,8,ESM,ESM-CLASSIFICATION,Signal Classification,ESM-CLASSIFICATION-CN,,Signal Classification,GAMEPLAY,GAMEPLAY,GAMEPLAY_POLICY,CN_EW_TYPE093,SOCKET_EW_MAST,3,
CN_SSN_Type093A,China,SSN,Type 093A,8,ESM,ESM-DIGITAL,Digital ESM,ESM-DIGITAL-CN,,Digital ESM,GAMEPLAY,GAMEPLAY,GAMEPLAY_POLICY,CN_EW_TYPE093,SOCKET_EW_MAST,4,
CN_SSN_Type093A,China,SSN,Type 093A,8,ESM,ESM-MULTIBAND,Multi-Band ESM,ESM-MULTIBAND-CN,,Multi-Band ESM,GAMEPLAY,GAMEPLAY,GAMEPLAY_POLICY,CN_EW_TYPE093,SOCKET_EW_MAST,5,
CN_SSN_Type093A,China,SSN,Type 093A,8,ESM,ESM-INTEGRATED,Integrated ESM,ESM-INTEGRATED-CN,,Integrated ESM,GAMEPLAY,GAMEPLAY,GAMEPLAY_POLICY,CN_EW_TYPE093,SOCKET_EW_MAST,6,
CN_SSN_Type093A,China,SSN,Type 093A,8,ESM,ESM-ADVANCED-THREAT-WARNING,Advanced Threat Warning,ESM-ADVANCED-THREAT-WARNING-CN,,Advanced Threat Warning,GAMEPLAY,GAMEPLAY,GAMEPLAY_POLICY,CN_EW_TYPE093,SOCKET_EW_MAST,7,
CN_SSN_Type093A,China,SSN,Type 093A,8,ESM,ESM-MULTISENSOR-FUSION,Multi-Sensor Fusion,ESM-MULTISENSOR-FUSION-CN,,Multi-Sensor Fusion,GAMEPLAY,GAMEPLAY,GAMEPLAY_POLICY,CN_EW_TYPE093,SOCKET_EW_MAST,8,
CN_SSN_Type093A,China,SSN,Type 093A,8,ESM,ESM-ADVANCED-EW,Advanced Integrated EW,ESM-ADVANCED-EW-CN,,Advanced Integrated EW,GAMEPLAY,GAMEPLAY,GAMEPLAY_POLICY,CN_EW_TYPE093,SOCKET_EW_MAST,9,
CN_SSN_Type093A,China,SSN,Type 093A,8,ESM,ESM-NEXTGEN,Next Generation Defensive Electronic System,ESM-NEXTGEN-CN,,Next Generation Defensive Electronic System,UNKNOWN,UNKNOWN,UNKNOWN_INSUFFICIENT_PUBLIC_DATA,CN_EW_TYPE093,SOCKET_EW_MAST,10,
CN_SSN_Type093A,China,SSN,Type 093A,8,THREAT_WARNING,TW-RADAR-WARNING,Radar Warning,TW-RADAR-WARNING-CN,,Radar Warning,GAMEPLAY,GAMEPLAY,GAMEPLAY_POLICY,,SOCKET_EW_ANTENNA,1,
CN_SSN_Type093A,China,SSN,Type 093A,8,THREAT_WARNING,TW-ELECTRONIC-WARNING,Electronic Threat Warning,TW-ELECTRONIC-WARNING-CN,,Electronic Threat Warning,GAMEPLAY,GAMEPLAY,GAMEPLAY_POLICY,,SOCKET_EW_ANTENNA,3,
CN_SSN_Type093A,China,SSN,Type 093A,8,THREAT_WARNING,TW-ACTIVE-SONAR-WARNING,Active Sonar Warning,TW-ACTIVE-SONAR-WARNING-CN,,Active Sonar Warning,GAMEPLAY,GAMEPLAY,GAMEPLAY_POLICY,,SOCKET_EW_ANTENNA,4,
CN_SSN_Type093A,China,SSN,Type 093A,8,THREAT_WARNING,TW-TORPEDO-WARNING,Torpedo Warning,TW-TORPEDO-WARNING-CN,,Torpedo Warning,GAMEPLAY,GAMEPLAY,GAMEPLAY_POLICY,GEN_TW_TORPEDO_WARNING_SENSOR,SOCKET_EW_ANTENNA,5,
CN_SSN_Type093A,China,SSN,Type 093A,8,THREAT_WARNING,TW-ACOUSTIC-CLASSIFICATION,Acoustic Threat Classification,TW-ACOUSTIC-CLASSIFICATION-CN,,Acoustic Threat Classification,GAMEPLAY,GAMEPLAY,GAMEPLAY_POLICY,,SOCKET_EW_ANTENNA,6,
CN_SSN_Type093A,China,SSN,Type 093A,8,ACOUSTIC_COUNTERMEASURE,ACM-NOISE-MAKER,Noise Maker,ACM-NOISE-MAKER-CN,,Noise Maker,GAMEPLAY,GAMEPLAY,GAMEPLAY_POLICY,GEN_ACM_NOISE_MAKER,SOCKET_COUNTERMEASURE_01,1,
CN_SSN_Type093A,China,SSN,Type 093A,8,ACOUSTIC_COUNTERMEASURE,ACM-ACOUSTIC-DECOY,Acoustic Decoy,ACM-ACOUSTIC-DECOY-CN,,Acoustic Decoy,GAMEPLAY,GAMEPLAY,GAMEPLAY_POLICY,US_ACM_TORPEDO_DECOY,SOCKET_COUNTERMEASURE_01,2,
CN_SSN_Type093A,China,SSN,Type 093A,8,ACOUSTIC_COUNTERMEASURE,ACM-TORPEDO-DECOY,Torpedo Decoy,ACM-TORPEDO-DECOY-CN,,Torpedo Decoy,GAMEPLAY,GAMEPLAY,GAMEPLAY_POLICY,US_ACM_TORPEDO_DECOY,SOCKET_COUNTERMEASURE_01,4,
CN_SSN_Type093A,China,SSN,Type 093A,8,ACOUSTIC_COUNTERMEASURE,ACM-MOBILE-DECOY,Mobile Acoustic Decoy,ACM-MOBILE-DECOY-CN,,Mobile Acoustic Decoy,GAMEPLAY,GAMEPLAY,GAMEPLAY_POLICY,US_ACM_MOBILE_DECOY,SOCKET_COUNTERMEASURE_01,5,
CN_SSN_Type093A,China,SSN,Type 093A,8,ACOUSTIC_COUNTERMEASURE,ACM-ADVANCED,Advanced Acoustic Countermeasure,ACM-ADVANCED-CN,,Advanced Acoustic Countermeasure,GAMEPLAY,GAMEPLAY,GAMEPLAY_POLICY,US_ACM_MOBILE_DECOY,SOCKET_COUNTERMEASURE_01,7,
CN_SSN_Type093A,China,SSN,Type 093A,8,ACOUSTIC_COUNTERMEASURE,ACM-INTEGRATED,Integrated Acoustic Defense,ACM-INTEGRATED-CN,,Integrated Acoustic Defense,GAMEPLAY,GAMEPLAY,GAMEPLAY_POLICY,US_ACM_MOBILE_DECOY,SOCKET_COUNTERMEASURE_01,8,
CN_SSN_Type093A,China,SSN,Type 093A,8,DECOY,DEC-PASSIVE,Passive Decoy,DEC-PASSIVE-CN,,Passive Decoy,GAMEPLAY,GAMEPLAY,GAMEPLAY_POLICY,,SOCKET_COUNTERMEASURE_02,1,
CN_SSN_Type093A,China,SSN,Type 093A,8,DECOY,DEC-ACTIVE,Active Decoy,DEC-ACTIVE-CN,,Active Decoy,GAMEPLAY,GAMEPLAY,GAMEPLAY_POLICY,US_ACM_TORPEDO_DECOY,SOCKET_COUNTERMEASURE_02,3,
CN_SSN_Type093A,China,SSN,Type 093A,8,DECOY,DEC-ACOUSTIC,Acoustic Decoy,DEC-ACOUSTIC-CN,,Acoustic Decoy,GAMEPLAY,GAMEPLAY,GAMEPLAY_POLICY,US_ACM_TORPEDO_DECOY,SOCKET_COUNTERMEASURE_02,2,
CN_SSN_Type093A,China,SSN,Type 093A,8,DECOY,DEC-TORPEDO,Torpedo Decoy,DEC-TORPEDO-CN,,Torpedo Decoy,GAMEPLAY,GAMEPLAY,GAMEPLAY_POLICY,US_ACM_TORPEDO_DECOY,SOCKET_COUNTERMEASURE_02,4,
CN_SSN_Type093A,China,SSN,Type 093A,8,DECOY,DEC-MOBILE,Mobile Decoy,DEC-MOBILE-CN,,Mobile Decoy,GAMEPLAY,GAMEPLAY,GAMEPLAY_POLICY,US_ACM_MOBILE_DECOY,SOCKET_COUNTERMEASURE_02,5,
CN_SSN_Type093A,China,SSN,Type 093A,8,DECOY,DEC-ADVANCED,Advanced Decoy,DEC-ADVANCED-CN,,Advanced Decoy,GAMEPLAY,GAMEPLAY,GAMEPLAY_POLICY,US_ACM_MOBILE_DECOY,SOCKET_COUNTERMEASURE_02,7,
CN_SSN_Type093A,China,SSN,Type 093A,8,NOISE_MAKER,NM-EARLY,Early Noise Maker,NM-EARLY-CN,,Early Noise Maker,GAMEPLAY,GAMEPLAY,GAMEPLAY_POLICY,GEN_ACM_NOISE_MAKER,SOCKET_COUNTERMEASURE_02,1,
CN_SSN_Type093A,China,SSN,Type 093A,8,NOISE_MAKER,NM-IMPROVED,Improved Noise Maker,NM-IMPROVED-CN,,Improved Noise Maker,GAMEPLAY,GAMEPLAY,GAMEPLAY_POLICY,GEN_ACM_NOISE_MAKER,SOCKET_COUNTERMEASURE_02,3,
CN_SSN_Type093A,China,SSN,Type 093A,8,NOISE_MAKER,NM-MODERN,Modern Noise Maker,NM-MODERN-CN,,Modern Noise Maker,GAMEPLAY,GAMEPLAY,GAMEPLAY_POLICY,GEN_ACM_NOISE_MAKER,SOCKET_COUNTERMEASURE_02,6,
CN_SSN_Type093A,China,SSN,Type 093A,8,NOISE_MAKER,NM-ADVANCED,Advanced Acoustic Countermeasure,NM-ADVANCED-CN,,Advanced Acoustic Countermeasure,GAMEPLAY,GAMEPLAY,GAMEPLAY_POLICY,GEN_ACM_NOISE_MAKER,SOCKET_COUNTERMEASURE_02,8,
CN_SSN_Type093A,China,SSN,Type 093A,8,TORPEDO_DEFENSE,TD-WARNING,Torpedo Warning,TD-WARNING-CN,,Torpedo Warning,GAMEPLAY,GAMEPLAY,GAMEPLAY_POLICY,GEN_TW_TORPEDO_WARNING_SENSOR,SOCKET_DECOY_LAUNCHER_02,4,
CN_SSN_Type093A,China,SSN,Type 093A,8,TORPEDO_DEFENSE,TD-COUNTERMEASURE,Countermeasure,TD-COUNTERMEASURE-CN,,Countermeasure,GAMEPLAY,GAMEPLAY,GAMEPLAY_POLICY,US_ACM_TORPEDO_DECOY,SOCKET_DECOY_LAUNCHER_02,5,
CN_SSN_Type093A,China,SSN,Type 093A,8,TORPEDO_DEFENSE,TD-ADVANCED,Advanced Countermeasure,TD-ADVANCED-CN,,Advanced Countermeasure,GAMEPLAY,GAMEPLAY,GAMEPLAY_POLICY,US_ACM_MOBILE_DECOY,SOCKET_DECOY_LAUNCHER_02,7,
CN_SSN_Type093A,China,SSN,Type 093A,8,TORPEDO_DEFENSE,TD-INTEGRATED,Integrated Torpedo Defense,TD-INTEGRATED-CN,,Integrated Torpedo Defense,GAMEPLAY,GAMEPLAY,GAMEPLAY_POLICY,US_ACM_MOBILE_DECOY,SOCKET_DECOY_LAUNCHER_02,9,
CN_SSN_Type093A,China,SSN,Type 093A,8,LAUNCHER,CML-EXTERNAL,External Launcher,CML-EXTERNAL-CN,,External Launcher,GAMEPLAY,GAMEPLAY,GAMEPLAY_POLICY,US_CML_DECOY_LAUNCHER,SOCKET_DECOY_LAUNCHER_01,2,
CN_SSN_Type093A,China,SSN,Type 093A,8,LAUNCHER,CML-TUBE,Countermeasure Tube,CML-TUBE-CN,,Countermeasure Tube,GAMEPLAY,GAMEPLAY,GAMEPLAY_POLICY,GEN_CML_TUBE,SOCKET_DECOY_LAUNCHER_01,3,
CN_SSN_Type093A,China,SSN,Type 093A,8,LAUNCHER,CML-ACOUSTIC-DEVICE,Acoustic Device Launcher,CML-ACOUSTIC-DEVICE-CN,,Acoustic Device Launcher,GAMEPLAY,GAMEPLAY,GAMEPLAY_POLICY,US_CML_DECOY_LAUNCHER,SOCKET_DECOY_LAUNCHER_01,4,
CN_SSN_Type093A,China,SSN,Type 093A,8,LAUNCHER,CML-ADVANCED,Advanced Launcher,CML-ADVANCED-CN,,Advanced Launcher,GAMEPLAY,GAMEPLAY,GAMEPLAY_POLICY,US_CML_DECOY_LAUNCHER,SOCKET_DECOY_LAUNCHER_01,7,
CN_SSN_Type093A,China,SSN,Type 093A,8,LAUNCHER,CML-INTEGRATED,Integrated Launcher,CML-INTEGRATED-CN,,Integrated Launcher,GAMEPLAY,GAMEPLAY,GAMEPLAY_POLICY,US_CML_DECOY_LAUNCHER,SOCKET_DECOY_LAUNCHER_01,8,
CN_SSN_Type093A,China,SSN,Type 093A,8,DEFENSIVE_CONTROL,DC-CONSOLE,Defensive Control Console,DC-CONSOLE-CN,,Defensive Control Console,GAMEPLAY,GAMEPLAY,GAMEPLAY_POLICY,US_DCM_CONSOLE,,2,
CN_SSN_Type093A,China,SSN,Type 093A,8,DEFENSIVE_CONTROL,DC-INTEGRATED-CONTROL,Integrated Defensive Control,DC-INTEGRATED-CONTROL-CN,,Integrated Defensive Control,GAMEPLAY,GAMEPLAY,GAMEPLAY_POLICY,US_DCM_CONSOLE,,6,
CN_SSN_Type093A,China,SSN,Type 093A,8,DEFENSIVE_CONTROL,DC-AUTOMATED,Automated Defensive Control,DC-AUTOMATED-CN,,Automated Defensive Control,GAMEPLAY,GAMEPLAY,GAMEPLAY_POLICY,US_DCM_CONSOLE,,8,
CN_SSN_Type093A,China,SSN,Type 093A,8,INTEGRATED_DEFENSE,IDS-CORE,Integrated Defensive System,IDS-CORE-CN,,Integrated Defensive System,GAMEPLAY,GAMEPLAY,GAMEPLAY_POLICY,US_DCM_CONSOLE,,6,
CN_SSN_Type093A,China,SSN,Type 093A,8,INTEGRATED_DEFENSE,IDS-ADVANCED,Next Generation Defensive System,IDS-ADVANCED-CN,,Next Generation Defensive System,GAMEPLAY,GAMEPLAY,GAMEPLAY_POLICY,US_DCM_CONSOLE,,9,
CN_SSN_Type093B,China,SSN,Type 093B,9,ESM,ESM-BASIC-DETECTION,Basic Signal Detection,ESM-BASIC-DETECTION-CN,,Basic Signal Detection,GAMEPLAY,GAMEPLAY,GAMEPLAY_POLICY,CN_EW_TYPE093,SOCKET_EW_MAST,1,
CN_SSN_Type093B,China,SSN,Type 093B,9,ESM,ESM-IMPROVED-DETECTION,Improved Detection,ESM-IMPROVED-DETECTION-CN,,Improved Detection,GAMEPLAY,GAMEPLAY,GAMEPLAY_POLICY,CN_EW_TYPE093,SOCKET_EW_MAST,2,
CN_SSN_Type093B,China,SSN,Type 093B,9,ESM,ESM-CLASSIFICATION,Signal Classification,ESM-CLASSIFICATION-CN,,Signal Classification,GAMEPLAY,GAMEPLAY,GAMEPLAY_POLICY,CN_EW_TYPE093,SOCKET_EW_MAST,3,
CN_SSN_Type093B,China,SSN,Type 093B,9,ESM,ESM-DIGITAL,Digital ESM,ESM-DIGITAL-CN,,Digital ESM,GAMEPLAY,GAMEPLAY,GAMEPLAY_POLICY,CN_EW_TYPE093,SOCKET_EW_MAST,4,
CN_SSN_Type093B,China,SSN,Type 093B,9,ESM,ESM-MULTIBAND,Multi-Band ESM,ESM-MULTIBAND-CN,,Multi-Band ESM,GAMEPLAY,GAMEPLAY,GAMEPLAY_POLICY,CN_EW_TYPE093,SOCKET_EW_MAST,5,
CN_SSN_Type093B,China,SSN,Type 093B,9,ESM,ESM-INTEGRATED,Integrated ESM,ESM-INTEGRATED-CN,,Integrated ESM,GAMEPLAY,GAMEPLAY,GAMEPLAY_POLICY,CN_EW_TYPE093,SOCKET_EW_MAST,6,
CN_SSN_Type093B,China,SSN,Type 093B,9,ESM,ESM-ADVANCED-THREAT-WARNING,Advanced Threat Warning,ESM-ADVANCED-THREAT-WARNING-CN,,Advanced Threat Warning,GAMEPLAY,GAMEPLAY,GAMEPLAY_POLICY,CN_EW_TYPE093,SOCKET_EW_MAST,7,
CN_SSN_Type093B,China,SSN,Type 093B,9,ESM,ESM-MULTISENSOR-FUSION,Multi-Sensor Fusion,ESM-MULTISENSOR-FUSION-CN,,Multi-Sensor Fusion,GAMEPLAY,GAMEPLAY,GAMEPLAY_POLICY,CN_EW_TYPE093,SOCKET_EW_MAST,8,
CN_SSN_Type093B,China,SSN,Type 093B,9,ESM,ESM-ADVANCED-EW,Advanced Integrated EW,ESM-ADVANCED-EW-CN,,Advanced Integrated EW,GAMEPLAY,GAMEPLAY,GAMEPLAY_POLICY,CN_EW_TYPE093,SOCKET_EW_MAST,9,
CN_SSN_Type093B,China,SSN,Type 093B,9,ESM,ESM-NEXTGEN,Next Generation Defensive Electronic System,ESM-NEXTGEN-CN,,Next Generation Defensive Electronic System,GAMEPLAY,GAMEPLAY,GAMEPLAY_POLICY,CN_EW_TYPE093,SOCKET_EW_MAST,10,
CN_SSN_Type093B,China,SSN,Type 093B,9,THREAT_WARNING,TW-RADAR-WARNING,Radar Warning,TW-RADAR-WARNING-CN,,Radar Warning,GAMEPLAY,GAMEPLAY,GAMEPLAY_POLICY,,SOCKET_EW_ANTENNA,1,
CN_SSN_Type093B,China,SSN,Type 093B,9,THREAT_WARNING,TW-ELECTRONIC-WARNING,Electronic Threat Warning,TW-ELECTRONIC-WARNING-CN,,Electronic Threat Warning,GAMEPLAY,GAMEPLAY,GAMEPLAY_POLICY,,SOCKET_EW_ANTENNA,3,
CN_SSN_Type093B,China,SSN,Type 093B,9,THREAT_WARNING,TW-ACTIVE-SONAR-WARNING,Active Sonar Warning,TW-ACTIVE-SONAR-WARNING-CN,,Active Sonar Warning,GAMEPLAY,GAMEPLAY,GAMEPLAY_POLICY,,SOCKET_EW_ANTENNA,4,
CN_SSN_Type093B,China,SSN,Type 093B,9,THREAT_WARNING,TW-TORPEDO-WARNING,Torpedo Warning,TW-TORPEDO-WARNING-CN,,Torpedo Warning,GAMEPLAY,GAMEPLAY,GAMEPLAY_POLICY,GEN_TW_TORPEDO_WARNING_SENSOR,SOCKET_EW_ANTENNA,5,
CN_SSN_Type093B,China,SSN,Type 093B,9,THREAT_WARNING,TW-ACOUSTIC-CLASSIFICATION,Acoustic Threat Classification,TW-ACOUSTIC-CLASSIFICATION-CN,,Acoustic Threat Classification,GAMEPLAY,GAMEPLAY,GAMEPLAY_POLICY,,SOCKET_EW_ANTENNA,6,
CN_SSN_Type093B,China,SSN,Type 093B,9,ACOUSTIC_COUNTERMEASURE,ACM-NOISE-MAKER,Noise Maker,ACM-NOISE-MAKER-CN,,Noise Maker,GAMEPLAY,GAMEPLAY,GAMEPLAY_POLICY,GEN_ACM_NOISE_MAKER,SOCKET_COUNTERMEASURE_01,1,
CN_SSN_Type093B,China,SSN,Type 093B,9,ACOUSTIC_COUNTERMEASURE,ACM-ACOUSTIC-DECOY,Acoustic Decoy,ACM-ACOUSTIC-DECOY-CN,,Acoustic Decoy,GAMEPLAY,GAMEPLAY,GAMEPLAY_POLICY,US_ACM_TORPEDO_DECOY,SOCKET_COUNTERMEASURE_01,2,
CN_SSN_Type093B,China,SSN,Type 093B,9,ACOUSTIC_COUNTERMEASURE,ACM-TORPEDO-DECOY,Torpedo Decoy,ACM-TORPEDO-DECOY-CN,,Torpedo Decoy,GAMEPLAY,GAMEPLAY,GAMEPLAY_POLICY,US_ACM_TORPEDO_DECOY,SOCKET_COUNTERMEASURE_01,4,
CN_SSN_Type093B,China,SSN,Type 093B,9,ACOUSTIC_COUNTERMEASURE,ACM-MOBILE-DECOY,Mobile Acoustic Decoy,ACM-MOBILE-DECOY-CN,,Mobile Acoustic Decoy,GAMEPLAY,GAMEPLAY,GAMEPLAY_POLICY,US_ACM_MOBILE_DECOY,SOCKET_COUNTERMEASURE_01,5,
CN_SSN_Type093B,China,SSN,Type 093B,9,ACOUSTIC_COUNTERMEASURE,ACM-ADVANCED,Advanced Acoustic Countermeasure,ACM-ADVANCED-CN,,Advanced Acoustic Countermeasure,GAMEPLAY,GAMEPLAY,GAMEPLAY_POLICY,US_ACM_MOBILE_DECOY,SOCKET_COUNTERMEASURE_01,7,
CN_SSN_Type093B,China,SSN,Type 093B,9,ACOUSTIC_COUNTERMEASURE,ACM-INTEGRATED,Integrated Acoustic Defense,ACM-INTEGRATED-CN,,Integrated Acoustic Defense,GAMEPLAY,GAMEPLAY,GAMEPLAY_POLICY,US_ACM_MOBILE_DECOY,SOCKET_COUNTERMEASURE_01,8,
CN_SSN_Type093B,China,SSN,Type 093B,9,DECOY,DEC-PASSIVE,Passive Decoy,DEC-PASSIVE-CN,,Passive Decoy,GAMEPLAY,GAMEPLAY,GAMEPLAY_POLICY,,SOCKET_COUNTERMEASURE_02,1,
CN_SSN_Type093B,China,SSN,Type 093B,9,DECOY,DEC-ACTIVE,Active Decoy,DEC-ACTIVE-CN,,Active Decoy,GAMEPLAY,GAMEPLAY,GAMEPLAY_POLICY,US_ACM_TORPEDO_DECOY,SOCKET_COUNTERMEASURE_02,3,
CN_SSN_Type093B,China,SSN,Type 093B,9,DECOY,DEC-ACOUSTIC,Acoustic Decoy,DEC-ACOUSTIC-CN,,Acoustic Decoy,GAMEPLAY,GAMEPLAY,GAMEPLAY_POLICY,US_ACM_TORPEDO_DECOY,SOCKET_COUNTERMEASURE_02,2,
CN_SSN_Type093B,China,SSN,Type 093B,9,DECOY,DEC-TORPEDO,Torpedo Decoy,DEC-TORPEDO-CN,,Torpedo Decoy,GAMEPLAY,GAMEPLAY,GAMEPLAY_POLICY,US_ACM_TORPEDO_DECOY,SOCKET_COUNTERMEASURE_02,4,
CN_SSN_Type093B,China,SSN,Type 093B,9,DECOY,DEC-MOBILE,Mobile Decoy,DEC-MOBILE-CN,,Mobile Decoy,GAMEPLAY,GAMEPLAY,GAMEPLAY_POLICY,US_ACM_MOBILE_DECOY,SOCKET_COUNTERMEASURE_02,5,
CN_SSN_Type093B,China,SSN,Type 093B,9,DECOY,DEC-ADVANCED,Advanced Decoy,DEC-ADVANCED-CN,,Advanced Decoy,GAMEPLAY,GAMEPLAY,GAMEPLAY_POLICY,US_ACM_MOBILE_DECOY,SOCKET_COUNTERMEASURE_02,7,
CN_SSN_Type093B,China,SSN,Type 093B,9,NOISE_MAKER,NM-EARLY,Early Noise Maker,NM-EARLY-CN,,Early Noise Maker,GAMEPLAY,GAMEPLAY,GAMEPLAY_POLICY,GEN_ACM_NOISE_MAKER,SOCKET_COUNTERMEASURE_02,1,
CN_SSN_Type093B,China,SSN,Type 093B,9,NOISE_MAKER,NM-IMPROVED,Improved Noise Maker,NM-IMPROVED-CN,,Improved Noise Maker,GAMEPLAY,GAMEPLAY,GAMEPLAY_POLICY,GEN_ACM_NOISE_MAKER,SOCKET_COUNTERMEASURE_02,3,
CN_SSN_Type093B,China,SSN,Type 093B,9,NOISE_MAKER,NM-MODERN,Modern Noise Maker,NM-MODERN-CN,,Modern Noise Maker,GAMEPLAY,GAMEPLAY,GAMEPLAY_POLICY,GEN_ACM_NOISE_MAKER,SOCKET_COUNTERMEASURE_02,6,
CN_SSN_Type093B,China,SSN,Type 093B,9,NOISE_MAKER,NM-ADVANCED,Advanced Acoustic Countermeasure,NM-ADVANCED-CN,,Advanced Acoustic Countermeasure,GAMEPLAY,GAMEPLAY,GAMEPLAY_POLICY,GEN_ACM_NOISE_MAKER,SOCKET_COUNTERMEASURE_02,8,
CN_SSN_Type093B,China,SSN,Type 093B,9,TORPEDO_DEFENSE,TD-WARNING,Torpedo Warning,TD-WARNING-CN,,Torpedo Warning,GAMEPLAY,GAMEPLAY,GAMEPLAY_POLICY,GEN_TW_TORPEDO_WARNING_SENSOR,SOCKET_DECOY_LAUNCHER_02,4,
CN_SSN_Type093B,China,SSN,Type 093B,9,TORPEDO_DEFENSE,TD-COUNTERMEASURE,Countermeasure,TD-COUNTERMEASURE-CN,,Countermeasure,GAMEPLAY,GAMEPLAY,GAMEPLAY_POLICY,US_ACM_TORPEDO_DECOY,SOCKET_DECOY_LAUNCHER_02,5,
CN_SSN_Type093B,China,SSN,Type 093B,9,TORPEDO_DEFENSE,TD-ADVANCED,Advanced Countermeasure,TD-ADVANCED-CN,,Advanced Countermeasure,GAMEPLAY,GAMEPLAY,GAMEPLAY_POLICY,US_ACM_MOBILE_DECOY,SOCKET_DECOY_LAUNCHER_02,7,
CN_SSN_Type093B,China,SSN,Type 093B,9,TORPEDO_DEFENSE,TD-INTEGRATED,Integrated Torpedo Defense,TD-INTEGRATED-CN,,Integrated Torpedo Defense,GAMEPLAY,GAMEPLAY,GAMEPLAY_POLICY,US_ACM_MOBILE_DECOY,SOCKET_DECOY_LAUNCHER_02,9,
CN_SSN_Type093B,China,SSN,Type 093B,9,LAUNCHER,CML-EXTERNAL,External Launcher,CML-EXTERNAL-CN,,External Launcher,GAMEPLAY,GAMEPLAY,GAMEPLAY_POLICY,US_CML_DECOY_LAUNCHER,SOCKET_DECOY_LAUNCHER_01,2,
CN_SSN_Type093B,China,SSN,Type 093B,9,LAUNCHER,CML-TUBE,Countermeasure Tube,CML-TUBE-CN,,Countermeasure Tube,GAMEPLAY,GAMEPLAY,GAMEPLAY_POLICY,GEN_CML_TUBE,SOCKET_DECOY_LAUNCHER_01,3,
CN_SSN_Type093B,China,SSN,Type 093B,9,LAUNCHER,CML-ACOUSTIC-DEVICE,Acoustic Device Launcher,CML-ACOUSTIC-DEVICE-CN,,Acoustic Device Launcher,GAMEPLAY,GAMEPLAY,GAMEPLAY_POLICY,US_CML_DECOY_LAUNCHER,SOCKET_DECOY_LAUNCHER_01,4,
CN_SSN_Type093B,China,SSN,Type 093B,9,LAUNCHER,CML-ADVANCED,Advanced Launcher,CML-ADVANCED-CN,,Advanced Launcher,GAMEPLAY,GAMEPLAY,GAMEPLAY_POLICY,US_CML_DECOY_LAUNCHER,SOCKET_DECOY_LAUNCHER_01,7,
CN_SSN_Type093B,China,SSN,Type 093B,9,LAUNCHER,CML-INTEGRATED,Integrated Launcher,CML-INTEGRATED-CN,,Integrated Launcher,GAMEPLAY,GAMEPLAY,GAMEPLAY_POLICY,US_CML_DECOY_LAUNCHER,SOCKET_DECOY_LAUNCHER_01,8,
CN_SSN_Type093B,China,SSN,Type 093B,9,DEFENSIVE_CONTROL,DC-CONSOLE,Defensive Control Console,DC-CONSOLE-CN,,Defensive Control Console,GAMEPLAY,GAMEPLAY,GAMEPLAY_POLICY,US_DCM_CONSOLE,,2,
CN_SSN_Type093B,China,SSN,Type 093B,9,DEFENSIVE_CONTROL,DC-INTEGRATED-CONTROL,Integrated Defensive Control,DC-INTEGRATED-CONTROL-CN,,Integrated Defensive Control,GAMEPLAY,GAMEPLAY,GAMEPLAY_POLICY,US_DCM_CONSOLE,,6,
CN_SSN_Type093B,China,SSN,Type 093B,9,DEFENSIVE_CONTROL,DC-AUTOMATED,Automated Defensive Control,DC-AUTOMATED-CN,,Automated Defensive Control,GAMEPLAY,GAMEPLAY,GAMEPLAY_POLICY,US_DCM_CONSOLE,,8,
CN_SSN_Type093B,China,SSN,Type 093B,9,INTEGRATED_DEFENSE,IDS-CORE,Integrated Defensive System,IDS-CORE-CN,,Integrated Defensive System,GAMEPLAY,GAMEPLAY,GAMEPLAY_POLICY,US_DCM_CONSOLE,,6,
CN_SSN_Type093B,China,SSN,Type 093B,9,INTEGRATED_DEFENSE,IDS-ADVANCED,Next Generation Defensive System,IDS-ADVANCED-CN,,Next Generation Defensive System,GAMEPLAY,GAMEPLAY,GAMEPLAY_POLICY,US_DCM_CONSOLE,,9,
CN_SSN_Type095,China,SSN,Type 095,10,ESM,ESM-BASIC-DETECTION,Basic Signal Detection,ESM-BASIC-DETECTION-CN,,Basic Signal Detection,GAMEPLAY,GAMEPLAY,GAMEPLAY_POLICY,CN_EW_TYPE093,SOCKET_EW_MAST,1,
CN_SSN_Type095,China,SSN,Type 095,10,ESM,ESM-IMPROVED-DETECTION,Improved Detection,ESM-IMPROVED-DETECTION-CN,,Improved Detection,GAMEPLAY,GAMEPLAY,GAMEPLAY_POLICY,CN_EW_TYPE093,SOCKET_EW_MAST,2,
CN_SSN_Type095,China,SSN,Type 095,10,ESM,ESM-CLASSIFICATION,Signal Classification,ESM-CLASSIFICATION-CN,,Signal Classification,GAMEPLAY,GAMEPLAY,GAMEPLAY_POLICY,CN_EW_TYPE093,SOCKET_EW_MAST,3,
CN_SSN_Type095,China,SSN,Type 095,10,ESM,ESM-DIGITAL,Digital ESM,ESM-DIGITAL-CN,,Digital ESM,GAMEPLAY,GAMEPLAY,GAMEPLAY_POLICY,CN_EW_TYPE093,SOCKET_EW_MAST,4,
CN_SSN_Type095,China,SSN,Type 095,10,ESM,ESM-MULTIBAND,Multi-Band ESM,ESM-MULTIBAND-CN,,Multi-Band ESM,GAMEPLAY,GAMEPLAY,GAMEPLAY_POLICY,CN_EW_TYPE093,SOCKET_EW_MAST,5,
CN_SSN_Type095,China,SSN,Type 095,10,ESM,ESM-INTEGRATED,Integrated ESM,ESM-INTEGRATED-CN,,Integrated ESM,GAMEPLAY,GAMEPLAY,GAMEPLAY_POLICY,CN_EW_TYPE093,SOCKET_EW_MAST,6,
CN_SSN_Type095,China,SSN,Type 095,10,ESM,ESM-ADVANCED-THREAT-WARNING,Advanced Threat Warning,ESM-ADVANCED-THREAT-WARNING-CN,,Advanced Threat Warning,GAMEPLAY,GAMEPLAY,GAMEPLAY_POLICY,CN_EW_TYPE093,SOCKET_EW_MAST,7,
CN_SSN_Type095,China,SSN,Type 095,10,ESM,ESM-MULTISENSOR-FUSION,Multi-Sensor Fusion,ESM-MULTISENSOR-FUSION-CN,,Multi-Sensor Fusion,GAMEPLAY,GAMEPLAY,GAMEPLAY_POLICY,CN_EW_TYPE093,SOCKET_EW_MAST,8,
CN_SSN_Type095,China,SSN,Type 095,10,ESM,ESM-ADVANCED-EW,Advanced Integrated EW,ESM-ADVANCED-EW-CN,,Advanced Integrated EW,GAMEPLAY,GAMEPLAY,GAMEPLAY_POLICY,CN_EW_TYPE093,SOCKET_EW_MAST,9,
CN_SSN_Type095,China,SSN,Type 095,10,ESM,ESM-NEXTGEN,Next Generation Defensive Electronic System,ESM-NEXTGEN-CN,,Next Generation Defensive Electronic System,GAMEPLAY,GAMEPLAY,GAMEPLAY_POLICY,CN_EW_TYPE093,SOCKET_EW_MAST,10,
CN_SSN_Type095,China,SSN,Type 095,10,THREAT_WARNING,TW-RADAR-WARNING,Radar Warning,TW-RADAR-WARNING-CN,,Radar Warning,GAMEPLAY,GAMEPLAY,GAMEPLAY_POLICY,,SOCKET_EW_ANTENNA,1,
CN_SSN_Type095,China,SSN,Type 095,10,THREAT_WARNING,TW-ELECTRONIC-WARNING,Electronic Threat Warning,TW-ELECTRONIC-WARNING-CN,,Electronic Threat Warning,GAMEPLAY,GAMEPLAY,GAMEPLAY_POLICY,,SOCKET_EW_ANTENNA,3,
CN_SSN_Type095,China,SSN,Type 095,10,THREAT_WARNING,TW-ACTIVE-SONAR-WARNING,Active Sonar Warning,TW-ACTIVE-SONAR-WARNING-CN,,Active Sonar Warning,GAMEPLAY,GAMEPLAY,GAMEPLAY_POLICY,,SOCKET_EW_ANTENNA,4,
CN_SSN_Type095,China,SSN,Type 095,10,THREAT_WARNING,TW-TORPEDO-WARNING,Torpedo Warning,TW-TORPEDO-WARNING-CN,,Torpedo Warning,GAMEPLAY,GAMEPLAY,GAMEPLAY_POLICY,GEN_TW_TORPEDO_WARNING_SENSOR,SOCKET_EW_ANTENNA,5,
CN_SSN_Type095,China,SSN,Type 095,10,THREAT_WARNING,TW-ACOUSTIC-CLASSIFICATION,Acoustic Threat Classification,TW-ACOUSTIC-CLASSIFICATION-CN,,Acoustic Threat Classification,GAMEPLAY,GAMEPLAY,GAMEPLAY_POLICY,,SOCKET_EW_ANTENNA,6,
CN_SSN_Type095,China,SSN,Type 095,10,ACOUSTIC_COUNTERMEASURE,ACM-NOISE-MAKER,Noise Maker,ACM-NOISE-MAKER-CN,,Noise Maker,GAMEPLAY,GAMEPLAY,GAMEPLAY_POLICY,GEN_ACM_NOISE_MAKER,SOCKET_COUNTERMEASURE_01,1,
CN_SSN_Type095,China,SSN,Type 095,10,ACOUSTIC_COUNTERMEASURE,ACM-ACOUSTIC-DECOY,Acoustic Decoy,ACM-ACOUSTIC-DECOY-CN,,Acoustic Decoy,GAMEPLAY,GAMEPLAY,GAMEPLAY_POLICY,US_ACM_TORPEDO_DECOY,SOCKET_COUNTERMEASURE_01,2,
CN_SSN_Type095,China,SSN,Type 095,10,ACOUSTIC_COUNTERMEASURE,ACM-TORPEDO-DECOY,Torpedo Decoy,ACM-TORPEDO-DECOY-CN,,Torpedo Decoy,GAMEPLAY,GAMEPLAY,GAMEPLAY_POLICY,US_ACM_TORPEDO_DECOY,SOCKET_COUNTERMEASURE_01,4,
CN_SSN_Type095,China,SSN,Type 095,10,ACOUSTIC_COUNTERMEASURE,ACM-MOBILE-DECOY,Mobile Acoustic Decoy,ACM-MOBILE-DECOY-CN,,Mobile Acoustic Decoy,GAMEPLAY,GAMEPLAY,GAMEPLAY_POLICY,US_ACM_MOBILE_DECOY,SOCKET_COUNTERMEASURE_01,5,
CN_SSN_Type095,China,SSN,Type 095,10,ACOUSTIC_COUNTERMEASURE,ACM-ADVANCED,Advanced Acoustic Countermeasure,ACM-ADVANCED-CN,,Advanced Acoustic Countermeasure,GAMEPLAY,GAMEPLAY,GAMEPLAY_POLICY,US_ACM_MOBILE_DECOY,SOCKET_COUNTERMEASURE_01,7,
CN_SSN_Type095,China,SSN,Type 095,10,ACOUSTIC_COUNTERMEASURE,ACM-INTEGRATED,Integrated Acoustic Defense,ACM-INTEGRATED-CN,,Integrated Acoustic Defense,GAMEPLAY,GAMEPLAY,GAMEPLAY_POLICY,US_ACM_MOBILE_DECOY,SOCKET_COUNTERMEASURE_01,8,
CN_SSN_Type095,China,SSN,Type 095,10,DECOY,DEC-PASSIVE,Passive Decoy,DEC-PASSIVE-CN,,Passive Decoy,GAMEPLAY,GAMEPLAY,GAMEPLAY_POLICY,,SOCKET_COUNTERMEASURE_02,1,
CN_SSN_Type095,China,SSN,Type 095,10,DECOY,DEC-ACTIVE,Active Decoy,DEC-ACTIVE-CN,,Active Decoy,GAMEPLAY,GAMEPLAY,GAMEPLAY_POLICY,US_ACM_TORPEDO_DECOY,SOCKET_COUNTERMEASURE_02,3,
CN_SSN_Type095,China,SSN,Type 095,10,DECOY,DEC-ACOUSTIC,Acoustic Decoy,DEC-ACOUSTIC-CN,,Acoustic Decoy,GAMEPLAY,GAMEPLAY,GAMEPLAY_POLICY,US_ACM_TORPEDO_DECOY,SOCKET_COUNTERMEASURE_02,2,
CN_SSN_Type095,China,SSN,Type 095,10,DECOY,DEC-TORPEDO,Torpedo Decoy,DEC-TORPEDO-CN,,Torpedo Decoy,GAMEPLAY,GAMEPLAY,GAMEPLAY_POLICY,US_ACM_TORPEDO_DECOY,SOCKET_COUNTERMEASURE_02,4,
CN_SSN_Type095,China,SSN,Type 095,10,DECOY,DEC-MOBILE,Mobile Decoy,DEC-MOBILE-CN,,Mobile Decoy,GAMEPLAY,GAMEPLAY,GAMEPLAY_POLICY,US_ACM_MOBILE_DECOY,SOCKET_COUNTERMEASURE_02,5,
CN_SSN_Type095,China,SSN,Type 095,10,DECOY,DEC-ADVANCED,Advanced Decoy,DEC-ADVANCED-CN,,Advanced Decoy,GAMEPLAY,GAMEPLAY,GAMEPLAY_POLICY,US_ACM_MOBILE_DECOY,SOCKET_COUNTERMEASURE_02,7,
CN_SSN_Type095,China,SSN,Type 095,10,NOISE_MAKER,NM-EARLY,Early Noise Maker,NM-EARLY-CN,,Early Noise Maker,GAMEPLAY,GAMEPLAY,GAMEPLAY_POLICY,GEN_ACM_NOISE_MAKER,SOCKET_COUNTERMEASURE_02,1,
CN_SSN_Type095,China,SSN,Type 095,10,NOISE_MAKER,NM-IMPROVED,Improved Noise Maker,NM-IMPROVED-CN,,Improved Noise Maker,GAMEPLAY,GAMEPLAY,GAMEPLAY_POLICY,GEN_ACM_NOISE_MAKER,SOCKET_COUNTERMEASURE_02,3,
CN_SSN_Type095,China,SSN,Type 095,10,NOISE_MAKER,NM-MODERN,Modern Noise Maker,NM-MODERN-CN,,Modern Noise Maker,GAMEPLAY,GAMEPLAY,GAMEPLAY_POLICY,GEN_ACM_NOISE_MAKER,SOCKET_COUNTERMEASURE_02,6,
CN_SSN_Type095,China,SSN,Type 095,10,NOISE_MAKER,NM-ADVANCED,Advanced Acoustic Countermeasure,NM-ADVANCED-CN,,Advanced Acoustic Countermeasure,GAMEPLAY,GAMEPLAY,GAMEPLAY_POLICY,GEN_ACM_NOISE_MAKER,SOCKET_COUNTERMEASURE_02,8,
CN_SSN_Type095,China,SSN,Type 095,10,TORPEDO_DEFENSE,TD-WARNING,Torpedo Warning,TD-WARNING-CN,,Torpedo Warning,GAMEPLAY,GAMEPLAY,GAMEPLAY_POLICY,GEN_TW_TORPEDO_WARNING_SENSOR,SOCKET_DECOY_LAUNCHER_02,4,
CN_SSN_Type095,China,SSN,Type 095,10,TORPEDO_DEFENSE,TD-COUNTERMEASURE,Countermeasure,TD-COUNTERMEASURE-CN,,Countermeasure,GAMEPLAY,GAMEPLAY,GAMEPLAY_POLICY,US_ACM_TORPEDO_DECOY,SOCKET_DECOY_LAUNCHER_02,5,
CN_SSN_Type095,China,SSN,Type 095,10,TORPEDO_DEFENSE,TD-ADVANCED,Advanced Countermeasure,TD-ADVANCED-CN,,Advanced Countermeasure,GAMEPLAY,GAMEPLAY,GAMEPLAY_POLICY,US_ACM_MOBILE_DECOY,SOCKET_DECOY_LAUNCHER_02,7,
CN_SSN_Type095,China,SSN,Type 095,10,TORPEDO_DEFENSE,TD-INTEGRATED,Integrated Torpedo Defense,TD-INTEGRATED-CN,,Integrated Torpedo Defense,GAMEPLAY,GAMEPLAY,GAMEPLAY_POLICY,US_ACM_MOBILE_DECOY,SOCKET_DECOY_LAUNCHER_02,9,
CN_SSN_Type095,China,SSN,Type 095,10,LAUNCHER,CML-EXTERNAL,External Launcher,CML-EXTERNAL-CN,,External Launcher,GAMEPLAY,GAMEPLAY,GAMEPLAY_POLICY,US_CML_DECOY_LAUNCHER,SOCKET_DECOY_LAUNCHER_01,2,
CN_SSN_Type095,China,SSN,Type 095,10,LAUNCHER,CML-TUBE,Countermeasure Tube,CML-TUBE-CN,,Countermeasure Tube,GAMEPLAY,GAMEPLAY,GAMEPLAY_POLICY,GEN_CML_TUBE,SOCKET_DECOY_LAUNCHER_01,3,
CN_SSN_Type095,China,SSN,Type 095,10,LAUNCHER,CML-ACOUSTIC-DEVICE,Acoustic Device Launcher,CML-ACOUSTIC-DEVICE-CN,,Acoustic Device Launcher,GAMEPLAY,GAMEPLAY,GAMEPLAY_POLICY,US_CML_DECOY_LAUNCHER,SOCKET_DECOY_LAUNCHER_01,4,
CN_SSN_Type095,China,SSN,Type 095,10,LAUNCHER,CML-ADVANCED,Advanced Launcher,CML-ADVANCED-CN,,Advanced Launcher,GAMEPLAY,GAMEPLAY,GAMEPLAY_POLICY,US_CML_DECOY_LAUNCHER,SOCKET_DECOY_LAUNCHER_01,7,
CN_SSN_Type095,China,SSN,Type 095,10,LAUNCHER,CML-INTEGRATED,Integrated Launcher,CML-INTEGRATED-CN,,Integrated Launcher,GAMEPLAY,GAMEPLAY,GAMEPLAY_POLICY,US_CML_DECOY_LAUNCHER,SOCKET_DECOY_LAUNCHER_01,8,
CN_SSN_Type095,China,SSN,Type 095,10,DEFENSIVE_CONTROL,DC-CONSOLE,Defensive Control Console,DC-CONSOLE-CN,,Defensive Control Console,GAMEPLAY,GAMEPLAY,GAMEPLAY_POLICY,US_DCM_CONSOLE,,2,
CN_SSN_Type095,China,SSN,Type 095,10,DEFENSIVE_CONTROL,DC-INTEGRATED-CONTROL,Integrated Defensive Control,DC-INTEGRATED-CONTROL-CN,,Integrated Defensive Control,GAMEPLAY,GAMEPLAY,GAMEPLAY_POLICY,US_DCM_CONSOLE,,6,
CN_SSN_Type095,China,SSN,Type 095,10,DEFENSIVE_CONTROL,DC-AUTOMATED,Automated Defensive Control,DC-AUTOMATED-CN,,Automated Defensive Control,GAMEPLAY,GAMEPLAY,GAMEPLAY_POLICY,US_DCM_CONSOLE,,8,
CN_SSN_Type095,China,SSN,Type 095,10,INTEGRATED_DEFENSE,IDS-CORE,Integrated Defensive System,IDS-CORE-CN,,Integrated Defensive System,GAMEPLAY,GAMEPLAY,GAMEPLAY_POLICY,US_DCM_CONSOLE,,6,
CN_SSN_Type095,China,SSN,Type 095,10,INTEGRATED_DEFENSE,IDS-ADVANCED,Next Generation Defensive System,IDS-ADVANCED-CN,,Next Generation Defensive System,GAMEPLAY,GAMEPLAY,GAMEPLAY_POLICY,US_DCM_CONSOLE,,9,
CN_SSBN_Type092,China,SSBN,Type 092,5,ESM,ESM-BASIC-DETECTION,Basic Signal Detection,ESM-BASIC-DETECTION-CN,,Basic Signal Detection,GAMEPLAY,GAMEPLAY,GAMEPLAY_POLICY,CN_EW_TYPE093,SOCKET_EW_MAST,1,
CN_SSBN_Type092,China,SSBN,Type 092,5,ESM,ESM-IMPROVED-DETECTION,Improved Detection,ESM-IMPROVED-DETECTION-CN,,Improved Detection,GAMEPLAY,GAMEPLAY,GAMEPLAY_POLICY,CN_EW_TYPE093,SOCKET_EW_MAST,2,
CN_SSBN_Type092,China,SSBN,Type 092,5,ESM,ESM-CLASSIFICATION,Signal Classification,ESM-CLASSIFICATION-CN,,Signal Classification,GAMEPLAY,GAMEPLAY,GAMEPLAY_POLICY,CN_EW_TYPE093,SOCKET_EW_MAST,3,
CN_SSBN_Type092,China,SSBN,Type 092,5,ESM,ESM-DIGITAL,Digital ESM,ESM-DIGITAL-CN,,Digital ESM,GAMEPLAY,GAMEPLAY,GAMEPLAY_POLICY,CN_EW_TYPE093,SOCKET_EW_MAST,4,
CN_SSBN_Type092,China,SSBN,Type 092,5,ESM,ESM-MULTIBAND,Multi-Band ESM,ESM-MULTIBAND-CN,,Multi-Band ESM,GAMEPLAY,GAMEPLAY,GAMEPLAY_POLICY,CN_EW_TYPE093,SOCKET_EW_MAST,5,
CN_SSBN_Type092,China,SSBN,Type 092,5,ESM,ESM-INTEGRATED,Integrated ESM,ESM-INTEGRATED-CN,,Integrated ESM,GAMEPLAY,GAMEPLAY,GAMEPLAY_POLICY,CN_EW_TYPE093,SOCKET_EW_MAST,6,
CN_SSBN_Type092,China,SSBN,Type 092,5,ESM,ESM-ADVANCED-THREAT-WARNING,Advanced Threat Warning,ESM-ADVANCED-THREAT-WARNING-CN,,Advanced Threat Warning,UNKNOWN,UNKNOWN,UNKNOWN_INSUFFICIENT_PUBLIC_DATA,CN_EW_TYPE093,SOCKET_EW_MAST,7,
CN_SSBN_Type092,China,SSBN,Type 092,5,ESM,ESM-MULTISENSOR-FUSION,Multi-Sensor Fusion,ESM-MULTISENSOR-FUSION-CN,,Multi-Sensor Fusion,UNKNOWN,UNKNOWN,UNKNOWN_INSUFFICIENT_PUBLIC_DATA,CN_EW_TYPE093,SOCKET_EW_MAST,8,
CN_SSBN_Type092,China,SSBN,Type 092,5,ESM,ESM-ADVANCED-EW,Advanced Integrated EW,ESM-ADVANCED-EW-CN,,Advanced Integrated EW,INCOMPATIBLE,INCOMPATIBLE,ERA_WINDOW_POLICY,CN_EW_TYPE093,SOCKET_EW_MAST,9,
CN_SSBN_Type092,China,SSBN,Type 092,5,ESM,ESM-NEXTGEN,Next Generation Defensive Electronic System,ESM-NEXTGEN-CN,,Next Generation Defensive Electronic System,INCOMPATIBLE,INCOMPATIBLE,ERA_WINDOW_POLICY,CN_EW_TYPE093,SOCKET_EW_MAST,10,
CN_SSBN_Type092,China,SSBN,Type 092,5,THREAT_WARNING,TW-RADAR-WARNING,Radar Warning,TW-RADAR-WARNING-CN,,Radar Warning,GAMEPLAY,GAMEPLAY,GAMEPLAY_POLICY,,SOCKET_EW_ANTENNA,1,
CN_SSBN_Type092,China,SSBN,Type 092,5,THREAT_WARNING,TW-ELECTRONIC-WARNING,Electronic Threat Warning,TW-ELECTRONIC-WARNING-CN,,Electronic Threat Warning,GAMEPLAY,GAMEPLAY,GAMEPLAY_POLICY,,SOCKET_EW_ANTENNA,3,
CN_SSBN_Type092,China,SSBN,Type 092,5,THREAT_WARNING,TW-ACTIVE-SONAR-WARNING,Active Sonar Warning,TW-ACTIVE-SONAR-WARNING-CN,,Active Sonar Warning,GAMEPLAY,GAMEPLAY,GAMEPLAY_POLICY,,SOCKET_EW_ANTENNA,4,
CN_SSBN_Type092,China,SSBN,Type 092,5,THREAT_WARNING,TW-TORPEDO-WARNING,Torpedo Warning,TW-TORPEDO-WARNING-CN,,Torpedo Warning,GAMEPLAY,GAMEPLAY,GAMEPLAY_POLICY,GEN_TW_TORPEDO_WARNING_SENSOR,SOCKET_EW_ANTENNA,5,
CN_SSBN_Type092,China,SSBN,Type 092,5,THREAT_WARNING,TW-ACOUSTIC-CLASSIFICATION,Acoustic Threat Classification,TW-ACOUSTIC-CLASSIFICATION-CN,,Acoustic Threat Classification,GAMEPLAY,GAMEPLAY,GAMEPLAY_POLICY,,SOCKET_EW_ANTENNA,6,
CN_SSBN_Type092,China,SSBN,Type 092,5,ACOUSTIC_COUNTERMEASURE,ACM-NOISE-MAKER,Noise Maker,ACM-NOISE-MAKER-CN,,Noise Maker,GAMEPLAY,GAMEPLAY,GAMEPLAY_POLICY,GEN_ACM_NOISE_MAKER,SOCKET_COUNTERMEASURE_01,1,
CN_SSBN_Type092,China,SSBN,Type 092,5,ACOUSTIC_COUNTERMEASURE,ACM-ACOUSTIC-DECOY,Acoustic Decoy,ACM-ACOUSTIC-DECOY-CN,,Acoustic Decoy,GAMEPLAY,GAMEPLAY,GAMEPLAY_POLICY,US_ACM_TORPEDO_DECOY,SOCKET_COUNTERMEASURE_01,2,
CN_SSBN_Type092,China,SSBN,Type 092,5,ACOUSTIC_COUNTERMEASURE,ACM-TORPEDO-DECOY,Torpedo Decoy,ACM-TORPEDO-DECOY-CN,,Torpedo Decoy,GAMEPLAY,GAMEPLAY,GAMEPLAY_POLICY,US_ACM_TORPEDO_DECOY,SOCKET_COUNTERMEASURE_01,4,
CN_SSBN_Type092,China,SSBN,Type 092,5,ACOUSTIC_COUNTERMEASURE,ACM-MOBILE-DECOY,Mobile Acoustic Decoy,ACM-MOBILE-DECOY-CN,,Mobile Acoustic Decoy,GAMEPLAY,GAMEPLAY,GAMEPLAY_POLICY,US_ACM_MOBILE_DECOY,SOCKET_COUNTERMEASURE_01,5,
CN_SSBN_Type092,China,SSBN,Type 092,5,ACOUSTIC_COUNTERMEASURE,ACM-ADVANCED,Advanced Acoustic Countermeasure,ACM-ADVANCED-CN,,Advanced Acoustic Countermeasure,UNKNOWN,UNKNOWN,UNKNOWN_INSUFFICIENT_PUBLIC_DATA,US_ACM_MOBILE_DECOY,SOCKET_COUNTERMEASURE_01,7,
CN_SSBN_Type092,China,SSBN,Type 092,5,ACOUSTIC_COUNTERMEASURE,ACM-INTEGRATED,Integrated Acoustic Defense,ACM-INTEGRATED-CN,,Integrated Acoustic Defense,UNKNOWN,UNKNOWN,UNKNOWN_INSUFFICIENT_PUBLIC_DATA,US_ACM_MOBILE_DECOY,SOCKET_COUNTERMEASURE_01,8,
CN_SSBN_Type092,China,SSBN,Type 092,5,DECOY,DEC-PASSIVE,Passive Decoy,DEC-PASSIVE-CN,,Passive Decoy,GAMEPLAY,GAMEPLAY,GAMEPLAY_POLICY,,SOCKET_COUNTERMEASURE_02,1,
CN_SSBN_Type092,China,SSBN,Type 092,5,DECOY,DEC-ACTIVE,Active Decoy,DEC-ACTIVE-CN,,Active Decoy,GAMEPLAY,GAMEPLAY,GAMEPLAY_POLICY,US_ACM_TORPEDO_DECOY,SOCKET_COUNTERMEASURE_02,3,
CN_SSBN_Type092,China,SSBN,Type 092,5,DECOY,DEC-ACOUSTIC,Acoustic Decoy,DEC-ACOUSTIC-CN,,Acoustic Decoy,GAMEPLAY,GAMEPLAY,GAMEPLAY_POLICY,US_ACM_TORPEDO_DECOY,SOCKET_COUNTERMEASURE_02,2,
CN_SSBN_Type092,China,SSBN,Type 092,5,DECOY,DEC-TORPEDO,Torpedo Decoy,DEC-TORPEDO-CN,,Torpedo Decoy,GAMEPLAY,GAMEPLAY,GAMEPLAY_POLICY,US_ACM_TORPEDO_DECOY,SOCKET_COUNTERMEASURE_02,4,
CN_SSBN_Type092,China,SSBN,Type 092,5,DECOY,DEC-MOBILE,Mobile Decoy,DEC-MOBILE-CN,,Mobile Decoy,GAMEPLAY,GAMEPLAY,GAMEPLAY_POLICY,US_ACM_MOBILE_DECOY,SOCKET_COUNTERMEASURE_02,5,
CN_SSBN_Type092,China,SSBN,Type 092,5,DECOY,DEC-ADVANCED,Advanced Decoy,DEC-ADVANCED-CN,,Advanced Decoy,UNKNOWN,UNKNOWN,UNKNOWN_INSUFFICIENT_PUBLIC_DATA,US_ACM_MOBILE_DECOY,SOCKET_COUNTERMEASURE_02,7,
CN_SSBN_Type092,China,SSBN,Type 092,5,NOISE_MAKER,NM-EARLY,Early Noise Maker,NM-EARLY-CN,,Early Noise Maker,GAMEPLAY,GAMEPLAY,GAMEPLAY_POLICY,GEN_ACM_NOISE_MAKER,SOCKET_COUNTERMEASURE_02,1,
CN_SSBN_Type092,China,SSBN,Type 092,5,NOISE_MAKER,NM-IMPROVED,Improved Noise Maker,NM-IMPROVED-CN,,Improved Noise Maker,GAMEPLAY,GAMEPLAY,GAMEPLAY_POLICY,GEN_ACM_NOISE_MAKER,SOCKET_COUNTERMEASURE_02,3,
CN_SSBN_Type092,China,SSBN,Type 092,5,NOISE_MAKER,NM-MODERN,Modern Noise Maker,NM-MODERN-CN,,Modern Noise Maker,GAMEPLAY,GAMEPLAY,GAMEPLAY_POLICY,GEN_ACM_NOISE_MAKER,SOCKET_COUNTERMEASURE_02,6,
CN_SSBN_Type092,China,SSBN,Type 092,5,NOISE_MAKER,NM-ADVANCED,Advanced Acoustic Countermeasure,NM-ADVANCED-CN,,Advanced Acoustic Countermeasure,UNKNOWN,UNKNOWN,UNKNOWN_INSUFFICIENT_PUBLIC_DATA,GEN_ACM_NOISE_MAKER,SOCKET_COUNTERMEASURE_02,8,
CN_SSBN_Type092,China,SSBN,Type 092,5,TORPEDO_DEFENSE,TD-WARNING,Torpedo Warning,TD-WARNING-CN,,Torpedo Warning,GAMEPLAY,GAMEPLAY,GAMEPLAY_POLICY,GEN_TW_TORPEDO_WARNING_SENSOR,SOCKET_DECOY_LAUNCHER_02,4,
CN_SSBN_Type092,China,SSBN,Type 092,5,TORPEDO_DEFENSE,TD-COUNTERMEASURE,Countermeasure,TD-COUNTERMEASURE-CN,,Countermeasure,GAMEPLAY,GAMEPLAY,GAMEPLAY_POLICY,US_ACM_TORPEDO_DECOY,SOCKET_DECOY_LAUNCHER_02,5,
CN_SSBN_Type092,China,SSBN,Type 092,5,TORPEDO_DEFENSE,TD-ADVANCED,Advanced Countermeasure,TD-ADVANCED-CN,,Advanced Countermeasure,UNKNOWN,UNKNOWN,UNKNOWN_INSUFFICIENT_PUBLIC_DATA,US_ACM_MOBILE_DECOY,SOCKET_DECOY_LAUNCHER_02,7,
CN_SSBN_Type092,China,SSBN,Type 092,5,TORPEDO_DEFENSE,TD-INTEGRATED,Integrated Torpedo Defense,TD-INTEGRATED-CN,,Integrated Torpedo Defense,INCOMPATIBLE,INCOMPATIBLE,ERA_WINDOW_POLICY,US_ACM_MOBILE_DECOY,SOCKET_DECOY_LAUNCHER_02,9,
CN_SSBN_Type092,China,SSBN,Type 092,5,LAUNCHER,CML-EXTERNAL,External Launcher,CML-EXTERNAL-CN,,External Launcher,GAMEPLAY,GAMEPLAY,GAMEPLAY_POLICY,US_CML_DECOY_LAUNCHER,SOCKET_DECOY_LAUNCHER_01,2,
CN_SSBN_Type092,China,SSBN,Type 092,5,LAUNCHER,CML-TUBE,Countermeasure Tube,CML-TUBE-CN,,Countermeasure Tube,GAMEPLAY,GAMEPLAY,GAMEPLAY_POLICY,GEN_CML_TUBE,SOCKET_DECOY_LAUNCHER_01,3,
CN_SSBN_Type092,China,SSBN,Type 092,5,LAUNCHER,CML-ACOUSTIC-DEVICE,Acoustic Device Launcher,CML-ACOUSTIC-DEVICE-CN,,Acoustic Device Launcher,GAMEPLAY,GAMEPLAY,GAMEPLAY_POLICY,US_CML_DECOY_LAUNCHER,SOCKET_DECOY_LAUNCHER_01,4,
CN_SSBN_Type092,China,SSBN,Type 092,5,LAUNCHER,CML-ADVANCED,Advanced Launcher,CML-ADVANCED-CN,,Advanced Launcher,UNKNOWN,UNKNOWN,UNKNOWN_INSUFFICIENT_PUBLIC_DATA,US_CML_DECOY_LAUNCHER,SOCKET_DECOY_LAUNCHER_01,7,
CN_SSBN_Type092,China,SSBN,Type 092,5,LAUNCHER,CML-INTEGRATED,Integrated Launcher,CML-INTEGRATED-CN,,Integrated Launcher,UNKNOWN,UNKNOWN,UNKNOWN_INSUFFICIENT_PUBLIC_DATA,US_CML_DECOY_LAUNCHER,SOCKET_DECOY_LAUNCHER_01,8,
CN_SSBN_Type092,China,SSBN,Type 092,5,DEFENSIVE_CONTROL,DC-CONSOLE,Defensive Control Console,DC-CONSOLE-CN,,Defensive Control Console,GAMEPLAY,GAMEPLAY,GAMEPLAY_POLICY,US_DCM_CONSOLE,,2,
CN_SSBN_Type092,China,SSBN,Type 092,5,DEFENSIVE_CONTROL,DC-INTEGRATED-CONTROL,Integrated Defensive Control,DC-INTEGRATED-CONTROL-CN,,Integrated Defensive Control,GAMEPLAY,GAMEPLAY,GAMEPLAY_POLICY,US_DCM_CONSOLE,,6,
CN_SSBN_Type092,China,SSBN,Type 092,5,DEFENSIVE_CONTROL,DC-AUTOMATED,Automated Defensive Control,DC-AUTOMATED-CN,,Automated Defensive Control,UNKNOWN,UNKNOWN,UNKNOWN_INSUFFICIENT_PUBLIC_DATA,US_DCM_CONSOLE,,8,
CN_SSBN_Type092,China,SSBN,Type 092,5,INTEGRATED_DEFENSE,IDS-CORE,Integrated Defensive System,IDS-CORE-CN,,Integrated Defensive System,GAMEPLAY,GAMEPLAY,GAMEPLAY_POLICY,US_DCM_CONSOLE,,6,
CN_SSBN_Type092,China,SSBN,Type 092,5,INTEGRATED_DEFENSE,IDS-ADVANCED,Next Generation Defensive System,IDS-ADVANCED-CN,,Next Generation Defensive System,INCOMPATIBLE,INCOMPATIBLE,ERA_WINDOW_POLICY,US_DCM_CONSOLE,,9,
CN_SSBN_Type094,China,SSBN,Type 094,8,ESM,ESM-BASIC-DETECTION,Basic Signal Detection,ESM-BASIC-DETECTION-CN,,Basic Signal Detection,GAMEPLAY,GAMEPLAY,GAMEPLAY_POLICY,CN_EW_TYPE093,SOCKET_EW_MAST,1,
CN_SSBN_Type094,China,SSBN,Type 094,8,ESM,ESM-IMPROVED-DETECTION,Improved Detection,ESM-IMPROVED-DETECTION-CN,,Improved Detection,GAMEPLAY,GAMEPLAY,GAMEPLAY_POLICY,CN_EW_TYPE093,SOCKET_EW_MAST,2,
CN_SSBN_Type094,China,SSBN,Type 094,8,ESM,ESM-CLASSIFICATION,Signal Classification,ESM-CLASSIFICATION-CN,,Signal Classification,GAMEPLAY,GAMEPLAY,GAMEPLAY_POLICY,CN_EW_TYPE093,SOCKET_EW_MAST,3,
CN_SSBN_Type094,China,SSBN,Type 094,8,ESM,ESM-DIGITAL,Digital ESM,ESM-DIGITAL-CN,,Digital ESM,GAMEPLAY,GAMEPLAY,GAMEPLAY_POLICY,CN_EW_TYPE093,SOCKET_EW_MAST,4,
CN_SSBN_Type094,China,SSBN,Type 094,8,ESM,ESM-MULTIBAND,Multi-Band ESM,ESM-MULTIBAND-CN,,Multi-Band ESM,GAMEPLAY,GAMEPLAY,GAMEPLAY_POLICY,CN_EW_TYPE093,SOCKET_EW_MAST,5,
CN_SSBN_Type094,China,SSBN,Type 094,8,ESM,ESM-INTEGRATED,Integrated ESM,ESM-INTEGRATED-CN,,Integrated ESM,GAMEPLAY,GAMEPLAY,GAMEPLAY_POLICY,CN_EW_TYPE093,SOCKET_EW_MAST,6,
CN_SSBN_Type094,China,SSBN,Type 094,8,ESM,ESM-ADVANCED-THREAT-WARNING,Advanced Threat Warning,ESM-ADVANCED-THREAT-WARNING-CN,,Advanced Threat Warning,GAMEPLAY,GAMEPLAY,GAMEPLAY_POLICY,CN_EW_TYPE093,SOCKET_EW_MAST,7,
CN_SSBN_Type094,China,SSBN,Type 094,8,ESM,ESM-MULTISENSOR-FUSION,Multi-Sensor Fusion,ESM-MULTISENSOR-FUSION-CN,,Multi-Sensor Fusion,GAMEPLAY,GAMEPLAY,GAMEPLAY_POLICY,CN_EW_TYPE093,SOCKET_EW_MAST,8,
CN_SSBN_Type094,China,SSBN,Type 094,8,ESM,ESM-ADVANCED-EW,Advanced Integrated EW,ESM-ADVANCED-EW-CN,,Advanced Integrated EW,GAMEPLAY,GAMEPLAY,GAMEPLAY_POLICY,CN_EW_TYPE093,SOCKET_EW_MAST,9,
CN_SSBN_Type094,China,SSBN,Type 094,8,ESM,ESM-NEXTGEN,Next Generation Defensive Electronic System,ESM-NEXTGEN-CN,,Next Generation Defensive Electronic System,UNKNOWN,UNKNOWN,UNKNOWN_INSUFFICIENT_PUBLIC_DATA,CN_EW_TYPE093,SOCKET_EW_MAST,10,
CN_SSBN_Type094,China,SSBN,Type 094,8,THREAT_WARNING,TW-RADAR-WARNING,Radar Warning,TW-RADAR-WARNING-CN,,Radar Warning,GAMEPLAY,GAMEPLAY,GAMEPLAY_POLICY,,SOCKET_EW_ANTENNA,1,
CN_SSBN_Type094,China,SSBN,Type 094,8,THREAT_WARNING,TW-ELECTRONIC-WARNING,Electronic Threat Warning,TW-ELECTRONIC-WARNING-CN,,Electronic Threat Warning,GAMEPLAY,GAMEPLAY,GAMEPLAY_POLICY,,SOCKET_EW_ANTENNA,3,
CN_SSBN_Type094,China,SSBN,Type 094,8,THREAT_WARNING,TW-ACTIVE-SONAR-WARNING,Active Sonar Warning,TW-ACTIVE-SONAR-WARNING-CN,,Active Sonar Warning,GAMEPLAY,GAMEPLAY,GAMEPLAY_POLICY,,SOCKET_EW_ANTENNA,4,
CN_SSBN_Type094,China,SSBN,Type 094,8,THREAT_WARNING,TW-TORPEDO-WARNING,Torpedo Warning,TW-TORPEDO-WARNING-CN,,Torpedo Warning,GAMEPLAY,GAMEPLAY,GAMEPLAY_POLICY,GEN_TW_TORPEDO_WARNING_SENSOR,SOCKET_EW_ANTENNA,5,
CN_SSBN_Type094,China,SSBN,Type 094,8,THREAT_WARNING,TW-ACOUSTIC-CLASSIFICATION,Acoustic Threat Classification,TW-ACOUSTIC-CLASSIFICATION-CN,,Acoustic Threat Classification,GAMEPLAY,GAMEPLAY,GAMEPLAY_POLICY,,SOCKET_EW_ANTENNA,6,
CN_SSBN_Type094,China,SSBN,Type 094,8,ACOUSTIC_COUNTERMEASURE,ACM-NOISE-MAKER,Noise Maker,ACM-NOISE-MAKER-CN,,Noise Maker,GAMEPLAY,GAMEPLAY,GAMEPLAY_POLICY,GEN_ACM_NOISE_MAKER,SOCKET_COUNTERMEASURE_01,1,
CN_SSBN_Type094,China,SSBN,Type 094,8,ACOUSTIC_COUNTERMEASURE,ACM-ACOUSTIC-DECOY,Acoustic Decoy,ACM-ACOUSTIC-DECOY-CN,,Acoustic Decoy,GAMEPLAY,GAMEPLAY,GAMEPLAY_POLICY,US_ACM_TORPEDO_DECOY,SOCKET_COUNTERMEASURE_01,2,
CN_SSBN_Type094,China,SSBN,Type 094,8,ACOUSTIC_COUNTERMEASURE,ACM-TORPEDO-DECOY,Torpedo Decoy,ACM-TORPEDO-DECOY-CN,,Torpedo Decoy,GAMEPLAY,GAMEPLAY,GAMEPLAY_POLICY,US_ACM_TORPEDO_DECOY,SOCKET_COUNTERMEASURE_01,4,
CN_SSBN_Type094,China,SSBN,Type 094,8,ACOUSTIC_COUNTERMEASURE,ACM-MOBILE-DECOY,Mobile Acoustic Decoy,ACM-MOBILE-DECOY-CN,,Mobile Acoustic Decoy,GAMEPLAY,GAMEPLAY,GAMEPLAY_POLICY,US_ACM_MOBILE_DECOY,SOCKET_COUNTERMEASURE_01,5,
CN_SSBN_Type094,China,SSBN,Type 094,8,ACOUSTIC_COUNTERMEASURE,ACM-ADVANCED,Advanced Acoustic Countermeasure,ACM-ADVANCED-CN,,Advanced Acoustic Countermeasure,GAMEPLAY,GAMEPLAY,GAMEPLAY_POLICY,US_ACM_MOBILE_DECOY,SOCKET_COUNTERMEASURE_01,7,
CN_SSBN_Type094,China,SSBN,Type 094,8,ACOUSTIC_COUNTERMEASURE,ACM-INTEGRATED,Integrated Acoustic Defense,ACM-INTEGRATED-CN,,Integrated Acoustic Defense,GAMEPLAY,GAMEPLAY,GAMEPLAY_POLICY,US_ACM_MOBILE_DECOY,SOCKET_COUNTERMEASURE_01,8,
CN_SSBN_Type094,China,SSBN,Type 094,8,DECOY,DEC-PASSIVE,Passive Decoy,DEC-PASSIVE-CN,,Passive Decoy,GAMEPLAY,GAMEPLAY,GAMEPLAY_POLICY,,SOCKET_COUNTERMEASURE_02,1,
CN_SSBN_Type094,China,SSBN,Type 094,8,DECOY,DEC-ACTIVE,Active Decoy,DEC-ACTIVE-CN,,Active Decoy,GAMEPLAY,GAMEPLAY,GAMEPLAY_POLICY,US_ACM_TORPEDO_DECOY,SOCKET_COUNTERMEASURE_02,3,
CN_SSBN_Type094,China,SSBN,Type 094,8,DECOY,DEC-ACOUSTIC,Acoustic Decoy,DEC-ACOUSTIC-CN,,Acoustic Decoy,GAMEPLAY,GAMEPLAY,GAMEPLAY_POLICY,US_ACM_TORPEDO_DECOY,SOCKET_COUNTERMEASURE_02,2,
CN_SSBN_Type094,China,SSBN,Type 094,8,DECOY,DEC-TORPEDO,Torpedo Decoy,DEC-TORPEDO-CN,,Torpedo Decoy,GAMEPLAY,GAMEPLAY,GAMEPLAY_POLICY,US_ACM_TORPEDO_DECOY,SOCKET_COUNTERMEASURE_02,4,
CN_SSBN_Type094,China,SSBN,Type 094,8,DECOY,DEC-MOBILE,Mobile Decoy,DEC-MOBILE-CN,,Mobile Decoy,GAMEPLAY,GAMEPLAY,GAMEPLAY_POLICY,US_ACM_MOBILE_DECOY,SOCKET_COUNTERMEASURE_02,5,
CN_SSBN_Type094,China,SSBN,Type 094,8,DECOY,DEC-ADVANCED,Advanced Decoy,DEC-ADVANCED-CN,,Advanced Decoy,GAMEPLAY,GAMEPLAY,GAMEPLAY_POLICY,US_ACM_MOBILE_DECOY,SOCKET_COUNTERMEASURE_02,7,
CN_SSBN_Type094,China,SSBN,Type 094,8,NOISE_MAKER,NM-EARLY,Early Noise Maker,NM-EARLY-CN,,Early Noise Maker,GAMEPLAY,GAMEPLAY,GAMEPLAY_POLICY,GEN_ACM_NOISE_MAKER,SOCKET_COUNTERMEASURE_02,1,
CN_SSBN_Type094,China,SSBN,Type 094,8,NOISE_MAKER,NM-IMPROVED,Improved Noise Maker,NM-IMPROVED-CN,,Improved Noise Maker,GAMEPLAY,GAMEPLAY,GAMEPLAY_POLICY,GEN_ACM_NOISE_MAKER,SOCKET_COUNTERMEASURE_02,3,
CN_SSBN_Type094,China,SSBN,Type 094,8,NOISE_MAKER,NM-MODERN,Modern Noise Maker,NM-MODERN-CN,,Modern Noise Maker,GAMEPLAY,GAMEPLAY,GAMEPLAY_POLICY,GEN_ACM_NOISE_MAKER,SOCKET_COUNTERMEASURE_02,6,
CN_SSBN_Type094,China,SSBN,Type 094,8,NOISE_MAKER,NM-ADVANCED,Advanced Acoustic Countermeasure,NM-ADVANCED-CN,,Advanced Acoustic Countermeasure,GAMEPLAY,GAMEPLAY,GAMEPLAY_POLICY,GEN_ACM_NOISE_MAKER,SOCKET_COUNTERMEASURE_02,8,
CN_SSBN_Type094,China,SSBN,Type 094,8,TORPEDO_DEFENSE,TD-WARNING,Torpedo Warning,TD-WARNING-CN,,Torpedo Warning,GAMEPLAY,GAMEPLAY,GAMEPLAY_POLICY,GEN_TW_TORPEDO_WARNING_SENSOR,SOCKET_DECOY_LAUNCHER_02,4,
CN_SSBN_Type094,China,SSBN,Type 094,8,TORPEDO_DEFENSE,TD-COUNTERMEASURE,Countermeasure,TD-COUNTERMEASURE-CN,,Countermeasure,GAMEPLAY,GAMEPLAY,GAMEPLAY_POLICY,US_ACM_TORPEDO_DECOY,SOCKET_DECOY_LAUNCHER_02,5,
CN_SSBN_Type094,China,SSBN,Type 094,8,TORPEDO_DEFENSE,TD-ADVANCED,Advanced Countermeasure,TD-ADVANCED-CN,,Advanced Countermeasure,GAMEPLAY,GAMEPLAY,GAMEPLAY_POLICY,US_ACM_MOBILE_DECOY,SOCKET_DECOY_LAUNCHER_02,7,
CN_SSBN_Type094,China,SSBN,Type 094,8,TORPEDO_DEFENSE,TD-INTEGRATED,Integrated Torpedo Defense,TD-INTEGRATED-CN,,Integrated Torpedo Defense,GAMEPLAY,GAMEPLAY,GAMEPLAY_POLICY,US_ACM_MOBILE_DECOY,SOCKET_DECOY_LAUNCHER_02,9,
CN_SSBN_Type094,China,SSBN,Type 094,8,LAUNCHER,CML-EXTERNAL,External Launcher,CML-EXTERNAL-CN,,External Launcher,GAMEPLAY,GAMEPLAY,GAMEPLAY_POLICY,US_CML_DECOY_LAUNCHER,SOCKET_DECOY_LAUNCHER_01,2,
CN_SSBN_Type094,China,SSBN,Type 094,8,LAUNCHER,CML-TUBE,Countermeasure Tube,CML-TUBE-CN,,Countermeasure Tube,GAMEPLAY,GAMEPLAY,GAMEPLAY_POLICY,GEN_CML_TUBE,SOCKET_DECOY_LAUNCHER_01,3,
CN_SSBN_Type094,China,SSBN,Type 094,8,LAUNCHER,CML-ACOUSTIC-DEVICE,Acoustic Device Launcher,CML-ACOUSTIC-DEVICE-CN,,Acoustic Device Launcher,GAMEPLAY,GAMEPLAY,GAMEPLAY_POLICY,US_CML_DECOY_LAUNCHER,SOCKET_DECOY_LAUNCHER_01,4,
CN_SSBN_Type094,China,SSBN,Type 094,8,LAUNCHER,CML-ADVANCED,Advanced Launcher,CML-ADVANCED-CN,,Advanced Launcher,GAMEPLAY,GAMEPLAY,GAMEPLAY_POLICY,US_CML_DECOY_LAUNCHER,SOCKET_DECOY_LAUNCHER_01,7,
CN_SSBN_Type094,China,SSBN,Type 094,8,LAUNCHER,CML-INTEGRATED,Integrated Launcher,CML-INTEGRATED-CN,,Integrated Launcher,GAMEPLAY,GAMEPLAY,GAMEPLAY_POLICY,US_CML_DECOY_LAUNCHER,SOCKET_DECOY_LAUNCHER_01,8,
CN_SSBN_Type094,China,SSBN,Type 094,8,DEFENSIVE_CONTROL,DC-CONSOLE,Defensive Control Console,DC-CONSOLE-CN,,Defensive Control Console,GAMEPLAY,GAMEPLAY,GAMEPLAY_POLICY,US_DCM_CONSOLE,,2,
CN_SSBN_Type094,China,SSBN,Type 094,8,DEFENSIVE_CONTROL,DC-INTEGRATED-CONTROL,Integrated Defensive Control,DC-INTEGRATED-CONTROL-CN,,Integrated Defensive Control,GAMEPLAY,GAMEPLAY,GAMEPLAY_POLICY,US_DCM_CONSOLE,,6,
CN_SSBN_Type094,China,SSBN,Type 094,8,DEFENSIVE_CONTROL,DC-AUTOMATED,Automated Defensive Control,DC-AUTOMATED-CN,,Automated Defensive Control,GAMEPLAY,GAMEPLAY,GAMEPLAY_POLICY,US_DCM_CONSOLE,,8,
CN_SSBN_Type094,China,SSBN,Type 094,8,INTEGRATED_DEFENSE,IDS-CORE,Integrated Defensive System,IDS-CORE-CN,,Integrated Defensive System,GAMEPLAY,GAMEPLAY,GAMEPLAY_POLICY,US_DCM_CONSOLE,,6,
CN_SSBN_Type094,China,SSBN,Type 094,8,INTEGRATED_DEFENSE,IDS-ADVANCED,Next Generation Defensive System,IDS-ADVANCED-CN,,Next Generation Defensive System,GAMEPLAY,GAMEPLAY,GAMEPLAY_POLICY,US_DCM_CONSOLE,,9,
CN_SSBN_Type094A,China,SSBN,Type 094A,9,ESM,ESM-BASIC-DETECTION,Basic Signal Detection,ESM-BASIC-DETECTION-CN,,Basic Signal Detection,GAMEPLAY,GAMEPLAY,GAMEPLAY_POLICY,CN_EW_TYPE093,SOCKET_EW_MAST,1,
CN_SSBN_Type094A,China,SSBN,Type 094A,9,ESM,ESM-IMPROVED-DETECTION,Improved Detection,ESM-IMPROVED-DETECTION-CN,,Improved Detection,GAMEPLAY,GAMEPLAY,GAMEPLAY_POLICY,CN_EW_TYPE093,SOCKET_EW_MAST,2,
CN_SSBN_Type094A,China,SSBN,Type 094A,9,ESM,ESM-CLASSIFICATION,Signal Classification,ESM-CLASSIFICATION-CN,,Signal Classification,GAMEPLAY,GAMEPLAY,GAMEPLAY_POLICY,CN_EW_TYPE093,SOCKET_EW_MAST,3,
CN_SSBN_Type094A,China,SSBN,Type 094A,9,ESM,ESM-DIGITAL,Digital ESM,ESM-DIGITAL-CN,,Digital ESM,GAMEPLAY,GAMEPLAY,GAMEPLAY_POLICY,CN_EW_TYPE093,SOCKET_EW_MAST,4,
CN_SSBN_Type094A,China,SSBN,Type 094A,9,ESM,ESM-MULTIBAND,Multi-Band ESM,ESM-MULTIBAND-CN,,Multi-Band ESM,GAMEPLAY,GAMEPLAY,GAMEPLAY_POLICY,CN_EW_TYPE093,SOCKET_EW_MAST,5,
CN_SSBN_Type094A,China,SSBN,Type 094A,9,ESM,ESM-INTEGRATED,Integrated ESM,ESM-INTEGRATED-CN,,Integrated ESM,GAMEPLAY,GAMEPLAY,GAMEPLAY_POLICY,CN_EW_TYPE093,SOCKET_EW_MAST,6,
CN_SSBN_Type094A,China,SSBN,Type 094A,9,ESM,ESM-ADVANCED-THREAT-WARNING,Advanced Threat Warning,ESM-ADVANCED-THREAT-WARNING-CN,,Advanced Threat Warning,GAMEPLAY,GAMEPLAY,GAMEPLAY_POLICY,CN_EW_TYPE093,SOCKET_EW_MAST,7,
CN_SSBN_Type094A,China,SSBN,Type 094A,9,ESM,ESM-MULTISENSOR-FUSION,Multi-Sensor Fusion,ESM-MULTISENSOR-FUSION-CN,,Multi-Sensor Fusion,GAMEPLAY,GAMEPLAY,GAMEPLAY_POLICY,CN_EW_TYPE093,SOCKET_EW_MAST,8,
CN_SSBN_Type094A,China,SSBN,Type 094A,9,ESM,ESM-ADVANCED-EW,Advanced Integrated EW,ESM-ADVANCED-EW-CN,,Advanced Integrated EW,GAMEPLAY,GAMEPLAY,GAMEPLAY_POLICY,CN_EW_TYPE093,SOCKET_EW_MAST,9,
CN_SSBN_Type094A,China,SSBN,Type 094A,9,ESM,ESM-NEXTGEN,Next Generation Defensive Electronic System,ESM-NEXTGEN-CN,,Next Generation Defensive Electronic System,GAMEPLAY,GAMEPLAY,GAMEPLAY_POLICY,CN_EW_TYPE093,SOCKET_EW_MAST,10,
CN_SSBN_Type094A,China,SSBN,Type 094A,9,THREAT_WARNING,TW-RADAR-WARNING,Radar Warning,TW-RADAR-WARNING-CN,,Radar Warning,GAMEPLAY,GAMEPLAY,GAMEPLAY_POLICY,,SOCKET_EW_ANTENNA,1,
CN_SSBN_Type094A,China,SSBN,Type 094A,9,THREAT_WARNING,TW-ELECTRONIC-WARNING,Electronic Threat Warning,TW-ELECTRONIC-WARNING-CN,,Electronic Threat Warning,GAMEPLAY,GAMEPLAY,GAMEPLAY_POLICY,,SOCKET_EW_ANTENNA,3,
CN_SSBN_Type094A,China,SSBN,Type 094A,9,THREAT_WARNING,TW-ACTIVE-SONAR-WARNING,Active Sonar Warning,TW-ACTIVE-SONAR-WARNING-CN,,Active Sonar Warning,GAMEPLAY,GAMEPLAY,GAMEPLAY_POLICY,,SOCKET_EW_ANTENNA,4,
CN_SSBN_Type094A,China,SSBN,Type 094A,9,THREAT_WARNING,TW-TORPEDO-WARNING,Torpedo Warning,TW-TORPEDO-WARNING-CN,,Torpedo Warning,GAMEPLAY,GAMEPLAY,GAMEPLAY_POLICY,GEN_TW_TORPEDO_WARNING_SENSOR,SOCKET_EW_ANTENNA,5,
CN_SSBN_Type094A,China,SSBN,Type 094A,9,THREAT_WARNING,TW-ACOUSTIC-CLASSIFICATION,Acoustic Threat Classification,TW-ACOUSTIC-CLASSIFICATION-CN,,Acoustic Threat Classification,GAMEPLAY,GAMEPLAY,GAMEPLAY_POLICY,,SOCKET_EW_ANTENNA,6,
CN_SSBN_Type094A,China,SSBN,Type 094A,9,ACOUSTIC_COUNTERMEASURE,ACM-NOISE-MAKER,Noise Maker,ACM-NOISE-MAKER-CN,,Noise Maker,GAMEPLAY,GAMEPLAY,GAMEPLAY_POLICY,GEN_ACM_NOISE_MAKER,SOCKET_COUNTERMEASURE_01,1,
CN_SSBN_Type094A,China,SSBN,Type 094A,9,ACOUSTIC_COUNTERMEASURE,ACM-ACOUSTIC-DECOY,Acoustic Decoy,ACM-ACOUSTIC-DECOY-CN,,Acoustic Decoy,GAMEPLAY,GAMEPLAY,GAMEPLAY_POLICY,US_ACM_TORPEDO_DECOY,SOCKET_COUNTERMEASURE_01,2,
CN_SSBN_Type094A,China,SSBN,Type 094A,9,ACOUSTIC_COUNTERMEASURE,ACM-TORPEDO-DECOY,Torpedo Decoy,ACM-TORPEDO-DECOY-CN,,Torpedo Decoy,GAMEPLAY,GAMEPLAY,GAMEPLAY_POLICY,US_ACM_TORPEDO_DECOY,SOCKET_COUNTERMEASURE_01,4,
CN_SSBN_Type094A,China,SSBN,Type 094A,9,ACOUSTIC_COUNTERMEASURE,ACM-MOBILE-DECOY,Mobile Acoustic Decoy,ACM-MOBILE-DECOY-CN,,Mobile Acoustic Decoy,GAMEPLAY,GAMEPLAY,GAMEPLAY_POLICY,US_ACM_MOBILE_DECOY,SOCKET_COUNTERMEASURE_01,5,
CN_SSBN_Type094A,China,SSBN,Type 094A,9,ACOUSTIC_COUNTERMEASURE,ACM-ADVANCED,Advanced Acoustic Countermeasure,ACM-ADVANCED-CN,,Advanced Acoustic Countermeasure,GAMEPLAY,GAMEPLAY,GAMEPLAY_POLICY,US_ACM_MOBILE_DECOY,SOCKET_COUNTERMEASURE_01,7,
CN_SSBN_Type094A,China,SSBN,Type 094A,9,ACOUSTIC_COUNTERMEASURE,ACM-INTEGRATED,Integrated Acoustic Defense,ACM-INTEGRATED-CN,,Integrated Acoustic Defense,GAMEPLAY,GAMEPLAY,GAMEPLAY_POLICY,US_ACM_MOBILE_DECOY,SOCKET_COUNTERMEASURE_01,8,
CN_SSBN_Type094A,China,SSBN,Type 094A,9,DECOY,DEC-PASSIVE,Passive Decoy,DEC-PASSIVE-CN,,Passive Decoy,GAMEPLAY,GAMEPLAY,GAMEPLAY_POLICY,,SOCKET_COUNTERMEASURE_02,1,
CN_SSBN_Type094A,China,SSBN,Type 094A,9,DECOY,DEC-ACTIVE,Active Decoy,DEC-ACTIVE-CN,,Active Decoy,GAMEPLAY,GAMEPLAY,GAMEPLAY_POLICY,US_ACM_TORPEDO_DECOY,SOCKET_COUNTERMEASURE_02,3,
CN_SSBN_Type094A,China,SSBN,Type 094A,9,DECOY,DEC-ACOUSTIC,Acoustic Decoy,DEC-ACOUSTIC-CN,,Acoustic Decoy,GAMEPLAY,GAMEPLAY,GAMEPLAY_POLICY,US_ACM_TORPEDO_DECOY,SOCKET_COUNTERMEASURE_02,2,
CN_SSBN_Type094A,China,SSBN,Type 094A,9,DECOY,DEC-TORPEDO,Torpedo Decoy,DEC-TORPEDO-CN,,Torpedo Decoy,GAMEPLAY,GAMEPLAY,GAMEPLAY_POLICY,US_ACM_TORPEDO_DECOY,SOCKET_COUNTERMEASURE_02,4,
CN_SSBN_Type094A,China,SSBN,Type 094A,9,DECOY,DEC-MOBILE,Mobile Decoy,DEC-MOBILE-CN,,Mobile Decoy,GAMEPLAY,GAMEPLAY,GAMEPLAY_POLICY,US_ACM_MOBILE_DECOY,SOCKET_COUNTERMEASURE_02,5,
CN_SSBN_Type094A,China,SSBN,Type 094A,9,DECOY,DEC-ADVANCED,Advanced Decoy,DEC-ADVANCED-CN,,Advanced Decoy,GAMEPLAY,GAMEPLAY,GAMEPLAY_POLICY,US_ACM_MOBILE_DECOY,SOCKET_COUNTERMEASURE_02,7,
CN_SSBN_Type094A,China,SSBN,Type 094A,9,NOISE_MAKER,NM-EARLY,Early Noise Maker,NM-EARLY-CN,,Early Noise Maker,GAMEPLAY,GAMEPLAY,GAMEPLAY_POLICY,GEN_ACM_NOISE_MAKER,SOCKET_COUNTERMEASURE_02,1,
CN_SSBN_Type094A,China,SSBN,Type 094A,9,NOISE_MAKER,NM-IMPROVED,Improved Noise Maker,NM-IMPROVED-CN,,Improved Noise Maker,GAMEPLAY,GAMEPLAY,GAMEPLAY_POLICY,GEN_ACM_NOISE_MAKER,SOCKET_COUNTERMEASURE_02,3,
CN_SSBN_Type094A,China,SSBN,Type 094A,9,NOISE_MAKER,NM-MODERN,Modern Noise Maker,NM-MODERN-CN,,Modern Noise Maker,GAMEPLAY,GAMEPLAY,GAMEPLAY_POLICY,GEN_ACM_NOISE_MAKER,SOCKET_COUNTERMEASURE_02,6,
CN_SSBN_Type094A,China,SSBN,Type 094A,9,NOISE_MAKER,NM-ADVANCED,Advanced Acoustic Countermeasure,NM-ADVANCED-CN,,Advanced Acoustic Countermeasure,GAMEPLAY,GAMEPLAY,GAMEPLAY_POLICY,GEN_ACM_NOISE_MAKER,SOCKET_COUNTERMEASURE_02,8,
CN_SSBN_Type094A,China,SSBN,Type 094A,9,TORPEDO_DEFENSE,TD-WARNING,Torpedo Warning,TD-WARNING-CN,,Torpedo Warning,GAMEPLAY,GAMEPLAY,GAMEPLAY_POLICY,GEN_TW_TORPEDO_WARNING_SENSOR,SOCKET_DECOY_LAUNCHER_02,4,
CN_SSBN_Type094A,China,SSBN,Type 094A,9,TORPEDO_DEFENSE,TD-COUNTERMEASURE,Countermeasure,TD-COUNTERMEASURE-CN,,Countermeasure,GAMEPLAY,GAMEPLAY,GAMEPLAY_POLICY,US_ACM_TORPEDO_DECOY,SOCKET_DECOY_LAUNCHER_02,5,
CN_SSBN_Type094A,China,SSBN,Type 094A,9,TORPEDO_DEFENSE,TD-ADVANCED,Advanced Countermeasure,TD-ADVANCED-CN,,Advanced Countermeasure,GAMEPLAY,GAMEPLAY,GAMEPLAY_POLICY,US_ACM_MOBILE_DECOY,SOCKET_DECOY_LAUNCHER_02,7,
CN_SSBN_Type094A,China,SSBN,Type 094A,9,TORPEDO_DEFENSE,TD-INTEGRATED,Integrated Torpedo Defense,TD-INTEGRATED-CN,,Integrated Torpedo Defense,GAMEPLAY,GAMEPLAY,GAMEPLAY_POLICY,US_ACM_MOBILE_DECOY,SOCKET_DECOY_LAUNCHER_02,9,
CN_SSBN_Type094A,China,SSBN,Type 094A,9,LAUNCHER,CML-EXTERNAL,External Launcher,CML-EXTERNAL-CN,,External Launcher,GAMEPLAY,GAMEPLAY,GAMEPLAY_POLICY,US_CML_DECOY_LAUNCHER,SOCKET_DECOY_LAUNCHER_01,2,
CN_SSBN_Type094A,China,SSBN,Type 094A,9,LAUNCHER,CML-TUBE,Countermeasure Tube,CML-TUBE-CN,,Countermeasure Tube,GAMEPLAY,GAMEPLAY,GAMEPLAY_POLICY,GEN_CML_TUBE,SOCKET_DECOY_LAUNCHER_01,3,
CN_SSBN_Type094A,China,SSBN,Type 094A,9,LAUNCHER,CML-ACOUSTIC-DEVICE,Acoustic Device Launcher,CML-ACOUSTIC-DEVICE-CN,,Acoustic Device Launcher,GAMEPLAY,GAMEPLAY,GAMEPLAY_POLICY,US_CML_DECOY_LAUNCHER,SOCKET_DECOY_LAUNCHER_01,4,
CN_SSBN_Type094A,China,SSBN,Type 094A,9,LAUNCHER,CML-ADVANCED,Advanced Launcher,CML-ADVANCED-CN,,Advanced Launcher,GAMEPLAY,GAMEPLAY,GAMEPLAY_POLICY,US_CML_DECOY_LAUNCHER,SOCKET_DECOY_LAUNCHER_01,7,
CN_SSBN_Type094A,China,SSBN,Type 094A,9,LAUNCHER,CML-INTEGRATED,Integrated Launcher,CML-INTEGRATED-CN,,Integrated Launcher,GAMEPLAY,GAMEPLAY,GAMEPLAY_POLICY,US_CML_DECOY_LAUNCHER,SOCKET_DECOY_LAUNCHER_01,8,
CN_SSBN_Type094A,China,SSBN,Type 094A,9,DEFENSIVE_CONTROL,DC-CONSOLE,Defensive Control Console,DC-CONSOLE-CN,,Defensive Control Console,GAMEPLAY,GAMEPLAY,GAMEPLAY_POLICY,US_DCM_CONSOLE,,2,
CN_SSBN_Type094A,China,SSBN,Type 094A,9,DEFENSIVE_CONTROL,DC-INTEGRATED-CONTROL,Integrated Defensive Control,DC-INTEGRATED-CONTROL-CN,,Integrated Defensive Control,GAMEPLAY,GAMEPLAY,GAMEPLAY_POLICY,US_DCM_CONSOLE,,6,
CN_SSBN_Type094A,China,SSBN,Type 094A,9,DEFENSIVE_CONTROL,DC-AUTOMATED,Automated Defensive Control,DC-AUTOMATED-CN,,Automated Defensive Control,GAMEPLAY,GAMEPLAY,GAMEPLAY_POLICY,US_DCM_CONSOLE,,8,
CN_SSBN_Type094A,China,SSBN,Type 094A,9,INTEGRATED_DEFENSE,IDS-CORE,Integrated Defensive System,IDS-CORE-CN,,Integrated Defensive System,GAMEPLAY,GAMEPLAY,GAMEPLAY_POLICY,US_DCM_CONSOLE,,6,
CN_SSBN_Type094A,China,SSBN,Type 094A,9,INTEGRATED_DEFENSE,IDS-ADVANCED,Next Generation Defensive System,IDS-ADVANCED-CN,,Next Generation Defensive System,GAMEPLAY,GAMEPLAY,GAMEPLAY_POLICY,US_DCM_CONSOLE,,9,
CN_SSBN_Type096,China,SSBN,Type 096,10,ESM,ESM-BASIC-DETECTION,Basic Signal Detection,ESM-BASIC-DETECTION-CN,,Basic Signal Detection,GAMEPLAY,GAMEPLAY,GAMEPLAY_POLICY,CN_EW_TYPE093,SOCKET_EW_MAST,1,
CN_SSBN_Type096,China,SSBN,Type 096,10,ESM,ESM-IMPROVED-DETECTION,Improved Detection,ESM-IMPROVED-DETECTION-CN,,Improved Detection,GAMEPLAY,GAMEPLAY,GAMEPLAY_POLICY,CN_EW_TYPE093,SOCKET_EW_MAST,2,
CN_SSBN_Type096,China,SSBN,Type 096,10,ESM,ESM-CLASSIFICATION,Signal Classification,ESM-CLASSIFICATION-CN,,Signal Classification,GAMEPLAY,GAMEPLAY,GAMEPLAY_POLICY,CN_EW_TYPE093,SOCKET_EW_MAST,3,
CN_SSBN_Type096,China,SSBN,Type 096,10,ESM,ESM-DIGITAL,Digital ESM,ESM-DIGITAL-CN,,Digital ESM,GAMEPLAY,GAMEPLAY,GAMEPLAY_POLICY,CN_EW_TYPE093,SOCKET_EW_MAST,4,
CN_SSBN_Type096,China,SSBN,Type 096,10,ESM,ESM-MULTIBAND,Multi-Band ESM,ESM-MULTIBAND-CN,,Multi-Band ESM,GAMEPLAY,GAMEPLAY,GAMEPLAY_POLICY,CN_EW_TYPE093,SOCKET_EW_MAST,5,
CN_SSBN_Type096,China,SSBN,Type 096,10,ESM,ESM-INTEGRATED,Integrated ESM,ESM-INTEGRATED-CN,,Integrated ESM,GAMEPLAY,GAMEPLAY,GAMEPLAY_POLICY,CN_EW_TYPE093,SOCKET_EW_MAST,6,
CN_SSBN_Type096,China,SSBN,Type 096,10,ESM,ESM-ADVANCED-THREAT-WARNING,Advanced Threat Warning,ESM-ADVANCED-THREAT-WARNING-CN,,Advanced Threat Warning,GAMEPLAY,GAMEPLAY,GAMEPLAY_POLICY,CN_EW_TYPE093,SOCKET_EW_MAST,7,
CN_SSBN_Type096,China,SSBN,Type 096,10,ESM,ESM-MULTISENSOR-FUSION,Multi-Sensor Fusion,ESM-MULTISENSOR-FUSION-CN,,Multi-Sensor Fusion,GAMEPLAY,GAMEPLAY,GAMEPLAY_POLICY,CN_EW_TYPE093,SOCKET_EW_MAST,8,
CN_SSBN_Type096,China,SSBN,Type 096,10,ESM,ESM-ADVANCED-EW,Advanced Integrated EW,ESM-ADVANCED-EW-CN,,Advanced Integrated EW,GAMEPLAY,GAMEPLAY,GAMEPLAY_POLICY,CN_EW_TYPE093,SOCKET_EW_MAST,9,
CN_SSBN_Type096,China,SSBN,Type 096,10,ESM,ESM-NEXTGEN,Next Generation Defensive Electronic System,ESM-NEXTGEN-CN,,Next Generation Defensive Electronic System,GAMEPLAY,GAMEPLAY,GAMEPLAY_POLICY,CN_EW_TYPE093,SOCKET_EW_MAST,10,
CN_SSBN_Type096,China,SSBN,Type 096,10,THREAT_WARNING,TW-RADAR-WARNING,Radar Warning,TW-RADAR-WARNING-CN,,Radar Warning,GAMEPLAY,GAMEPLAY,GAMEPLAY_POLICY,,SOCKET_EW_ANTENNA,1,
CN_SSBN_Type096,China,SSBN,Type 096,10,THREAT_WARNING,TW-ELECTRONIC-WARNING,Electronic Threat Warning,TW-ELECTRONIC-WARNING-CN,,Electronic Threat Warning,GAMEPLAY,GAMEPLAY,GAMEPLAY_POLICY,,SOCKET_EW_ANTENNA,3,
CN_SSBN_Type096,China,SSBN,Type 096,10,THREAT_WARNING,TW-ACTIVE-SONAR-WARNING,Active Sonar Warning,TW-ACTIVE-SONAR-WARNING-CN,,Active Sonar Warning,GAMEPLAY,GAMEPLAY,GAMEPLAY_POLICY,,SOCKET_EW_ANTENNA,4,
CN_SSBN_Type096,China,SSBN,Type 096,10,THREAT_WARNING,TW-TORPEDO-WARNING,Torpedo Warning,TW-TORPEDO-WARNING-CN,,Torpedo Warning,GAMEPLAY,GAMEPLAY,GAMEPLAY_POLICY,GEN_TW_TORPEDO_WARNING_SENSOR,SOCKET_EW_ANTENNA,5,
CN_SSBN_Type096,China,SSBN,Type 096,10,THREAT_WARNING,TW-ACOUSTIC-CLASSIFICATION,Acoustic Threat Classification,TW-ACOUSTIC-CLASSIFICATION-CN,,Acoustic Threat Classification,GAMEPLAY,GAMEPLAY,GAMEPLAY_POLICY,,SOCKET_EW_ANTENNA,6,
CN_SSBN_Type096,China,SSBN,Type 096,10,ACOUSTIC_COUNTERMEASURE,ACM-NOISE-MAKER,Noise Maker,ACM-NOISE-MAKER-CN,,Noise Maker,GAMEPLAY,GAMEPLAY,GAMEPLAY_POLICY,GEN_ACM_NOISE_MAKER,SOCKET_COUNTERMEASURE_01,1,
CN_SSBN_Type096,China,SSBN,Type 096,10,ACOUSTIC_COUNTERMEASURE,ACM-ACOUSTIC-DECOY,Acoustic Decoy,ACM-ACOUSTIC-DECOY-CN,,Acoustic Decoy,GAMEPLAY,GAMEPLAY,GAMEPLAY_POLICY,US_ACM_TORPEDO_DECOY,SOCKET_COUNTERMEASURE_01,2,
CN_SSBN_Type096,China,SSBN,Type 096,10,ACOUSTIC_COUNTERMEASURE,ACM-TORPEDO-DECOY,Torpedo Decoy,ACM-TORPEDO-DECOY-CN,,Torpedo Decoy,GAMEPLAY,GAMEPLAY,GAMEPLAY_POLICY,US_ACM_TORPEDO_DECOY,SOCKET_COUNTERMEASURE_01,4,
CN_SSBN_Type096,China,SSBN,Type 096,10,ACOUSTIC_COUNTERMEASURE,ACM-MOBILE-DECOY,Mobile Acoustic Decoy,ACM-MOBILE-DECOY-CN,,Mobile Acoustic Decoy,GAMEPLAY,GAMEPLAY,GAMEPLAY_POLICY,US_ACM_MOBILE_DECOY,SOCKET_COUNTERMEASURE_01,5,
CN_SSBN_Type096,China,SSBN,Type 096,10,ACOUSTIC_COUNTERMEASURE,ACM-ADVANCED,Advanced Acoustic Countermeasure,ACM-ADVANCED-CN,,Advanced Acoustic Countermeasure,GAMEPLAY,GAMEPLAY,GAMEPLAY_POLICY,US_ACM_MOBILE_DECOY,SOCKET_COUNTERMEASURE_01,7,
CN_SSBN_Type096,China,SSBN,Type 096,10,ACOUSTIC_COUNTERMEASURE,ACM-INTEGRATED,Integrated Acoustic Defense,ACM-INTEGRATED-CN,,Integrated Acoustic Defense,GAMEPLAY,GAMEPLAY,GAMEPLAY_POLICY,US_ACM_MOBILE_DECOY,SOCKET_COUNTERMEASURE_01,8,
CN_SSBN_Type096,China,SSBN,Type 096,10,DECOY,DEC-PASSIVE,Passive Decoy,DEC-PASSIVE-CN,,Passive Decoy,GAMEPLAY,GAMEPLAY,GAMEPLAY_POLICY,,SOCKET_COUNTERMEASURE_02,1,
CN_SSBN_Type096,China,SSBN,Type 096,10,DECOY,DEC-ACTIVE,Active Decoy,DEC-ACTIVE-CN,,Active Decoy,GAMEPLAY,GAMEPLAY,GAMEPLAY_POLICY,US_ACM_TORPEDO_DECOY,SOCKET_COUNTERMEASURE_02,3,
CN_SSBN_Type096,China,SSBN,Type 096,10,DECOY,DEC-ACOUSTIC,Acoustic Decoy,DEC-ACOUSTIC-CN,,Acoustic Decoy,GAMEPLAY,GAMEPLAY,GAMEPLAY_POLICY,US_ACM_TORPEDO_DECOY,SOCKET_COUNTERMEASURE_02,2,
CN_SSBN_Type096,China,SSBN,Type 096,10,DECOY,DEC-TORPEDO,Torpedo Decoy,DEC-TORPEDO-CN,,Torpedo Decoy,GAMEPLAY,GAMEPLAY,GAMEPLAY_POLICY,US_ACM_TORPEDO_DECOY,SOCKET_COUNTERMEASURE_02,4,
CN_SSBN_Type096,China,SSBN,Type 096,10,DECOY,DEC-MOBILE,Mobile Decoy,DEC-MOBILE-CN,,Mobile Decoy,GAMEPLAY,GAMEPLAY,GAMEPLAY_POLICY,US_ACM_MOBILE_DECOY,SOCKET_COUNTERMEASURE_02,5,
CN_SSBN_Type096,China,SSBN,Type 096,10,DECOY,DEC-ADVANCED,Advanced Decoy,DEC-ADVANCED-CN,,Advanced Decoy,GAMEPLAY,GAMEPLAY,GAMEPLAY_POLICY,US_ACM_MOBILE_DECOY,SOCKET_COUNTERMEASURE_02,7,
CN_SSBN_Type096,China,SSBN,Type 096,10,NOISE_MAKER,NM-EARLY,Early Noise Maker,NM-EARLY-CN,,Early Noise Maker,GAMEPLAY,GAMEPLAY,GAMEPLAY_POLICY,GEN_ACM_NOISE_MAKER,SOCKET_COUNTERMEASURE_02,1,
CN_SSBN_Type096,China,SSBN,Type 096,10,NOISE_MAKER,NM-IMPROVED,Improved Noise Maker,NM-IMPROVED-CN,,Improved Noise Maker,GAMEPLAY,GAMEPLAY,GAMEPLAY_POLICY,GEN_ACM_NOISE_MAKER,SOCKET_COUNTERMEASURE_02,3,
CN_SSBN_Type096,China,SSBN,Type 096,10,NOISE_MAKER,NM-MODERN,Modern Noise Maker,NM-MODERN-CN,,Modern Noise Maker,GAMEPLAY,GAMEPLAY,GAMEPLAY_POLICY,GEN_ACM_NOISE_MAKER,SOCKET_COUNTERMEASURE_02,6,
CN_SSBN_Type096,China,SSBN,Type 096,10,NOISE_MAKER,NM-ADVANCED,Advanced Acoustic Countermeasure,NM-ADVANCED-CN,,Advanced Acoustic Countermeasure,GAMEPLAY,GAMEPLAY,GAMEPLAY_POLICY,GEN_ACM_NOISE_MAKER,SOCKET_COUNTERMEASURE_02,8,
CN_SSBN_Type096,China,SSBN,Type 096,10,TORPEDO_DEFENSE,TD-WARNING,Torpedo Warning,TD-WARNING-CN,,Torpedo Warning,GAMEPLAY,GAMEPLAY,GAMEPLAY_POLICY,GEN_TW_TORPEDO_WARNING_SENSOR,SOCKET_DECOY_LAUNCHER_02,4,
CN_SSBN_Type096,China,SSBN,Type 096,10,TORPEDO_DEFENSE,TD-COUNTERMEASURE,Countermeasure,TD-COUNTERMEASURE-CN,,Countermeasure,GAMEPLAY,GAMEPLAY,GAMEPLAY_POLICY,US_ACM_TORPEDO_DECOY,SOCKET_DECOY_LAUNCHER_02,5,
CN_SSBN_Type096,China,SSBN,Type 096,10,TORPEDO_DEFENSE,TD-ADVANCED,Advanced Countermeasure,TD-ADVANCED-CN,,Advanced Countermeasure,GAMEPLAY,GAMEPLAY,GAMEPLAY_POLICY,US_ACM_MOBILE_DECOY,SOCKET_DECOY_LAUNCHER_02,7,
CN_SSBN_Type096,China,SSBN,Type 096,10,TORPEDO_DEFENSE,TD-INTEGRATED,Integrated Torpedo Defense,TD-INTEGRATED-CN,,Integrated Torpedo Defense,GAMEPLAY,GAMEPLAY,GAMEPLAY_POLICY,US_ACM_MOBILE_DECOY,SOCKET_DECOY_LAUNCHER_02,9,
CN_SSBN_Type096,China,SSBN,Type 096,10,LAUNCHER,CML-EXTERNAL,External Launcher,CML-EXTERNAL-CN,,External Launcher,GAMEPLAY,GAMEPLAY,GAMEPLAY_POLICY,US_CML_DECOY_LAUNCHER,SOCKET_DECOY_LAUNCHER_01,2,
CN_SSBN_Type096,China,SSBN,Type 096,10,LAUNCHER,CML-TUBE,Countermeasure Tube,CML-TUBE-CN,,Countermeasure Tube,GAMEPLAY,GAMEPLAY,GAMEPLAY_POLICY,GEN_CML_TUBE,SOCKET_DECOY_LAUNCHER_01,3,
CN_SSBN_Type096,China,SSBN,Type 096,10,LAUNCHER,CML-ACOUSTIC-DEVICE,Acoustic Device Launcher,CML-ACOUSTIC-DEVICE-CN,,Acoustic Device Launcher,GAMEPLAY,GAMEPLAY,GAMEPLAY_POLICY,US_CML_DECOY_LAUNCHER,SOCKET_DECOY_LAUNCHER_01,4,
CN_SSBN_Type096,China,SSBN,Type 096,10,LAUNCHER,CML-ADVANCED,Advanced Launcher,CML-ADVANCED-CN,,Advanced Launcher,GAMEPLAY,GAMEPLAY,GAMEPLAY_POLICY,US_CML_DECOY_LAUNCHER,SOCKET_DECOY_LAUNCHER_01,7,
CN_SSBN_Type096,China,SSBN,Type 096,10,LAUNCHER,CML-INTEGRATED,Integrated Launcher,CML-INTEGRATED-CN,,Integrated Launcher,GAMEPLAY,GAMEPLAY,GAMEPLAY_POLICY,US_CML_DECOY_LAUNCHER,SOCKET_DECOY_LAUNCHER_01,8,
CN_SSBN_Type096,China,SSBN,Type 096,10,DEFENSIVE_CONTROL,DC-CONSOLE,Defensive Control Console,DC-CONSOLE-CN,,Defensive Control Console,GAMEPLAY,GAMEPLAY,GAMEPLAY_POLICY,US_DCM_CONSOLE,,2,
CN_SSBN_Type096,China,SSBN,Type 096,10,DEFENSIVE_CONTROL,DC-INTEGRATED-CONTROL,Integrated Defensive Control,DC-INTEGRATED-CONTROL-CN,,Integrated Defensive Control,GAMEPLAY,GAMEPLAY,GAMEPLAY_POLICY,US_DCM_CONSOLE,,6,
CN_SSBN_Type096,China,SSBN,Type 096,10,DEFENSIVE_CONTROL,DC-AUTOMATED,Automated Defensive Control,DC-AUTOMATED-CN,,Automated Defensive Control,GAMEPLAY,GAMEPLAY,GAMEPLAY_POLICY,US_DCM_CONSOLE,,8,
CN_SSBN_Type096,China,SSBN,Type 096,10,INTEGRATED_DEFENSE,IDS-CORE,Integrated Defensive System,IDS-CORE-CN,,Integrated Defensive System,GAMEPLAY,GAMEPLAY,GAMEPLAY_POLICY,US_DCM_CONSOLE,,6,
CN_SSBN_Type096,China,SSBN,Type 096,10,INTEGRATED_DEFENSE,IDS-ADVANCED,Next Generation Defensive System,IDS-ADVANCED-CN,,Next Generation Defensive System,GAMEPLAY,GAMEPLAY,GAMEPLAY_POLICY,US_DCM_CONSOLE,,9,
IN_SSBN_Arihant,India,SSBN,Arihant,7,ESM,ESM-BASIC-DETECTION,Basic Signal Detection,ESM-BASIC-DETECTION-IN,,Basic Signal Detection,GAMEPLAY,GAMEPLAY,GAMEPLAY_POLICY,US_EW_ESM_GENERIC,SOCKET_EW_MAST,1,
IN_SSBN_Arihant,India,SSBN,Arihant,7,ESM,ESM-IMPROVED-DETECTION,Improved Detection,ESM-IMPROVED-DETECTION-IN,,Improved Detection,GAMEPLAY,GAMEPLAY,GAMEPLAY_POLICY,US_EW_ESM_GENERIC,SOCKET_EW_MAST,2,
IN_SSBN_Arihant,India,SSBN,Arihant,7,ESM,ESM-CLASSIFICATION,Signal Classification,ESM-CLASSIFICATION-IN,,Signal Classification,GAMEPLAY,GAMEPLAY,GAMEPLAY_POLICY,US_EW_ESM_GENERIC,SOCKET_EW_MAST,3,
IN_SSBN_Arihant,India,SSBN,Arihant,7,ESM,ESM-DIGITAL,Digital ESM,ESM-DIGITAL-IN,,Digital ESM,GAMEPLAY,GAMEPLAY,GAMEPLAY_POLICY,US_EW_ESM_GENERIC,SOCKET_EW_MAST,4,
IN_SSBN_Arihant,India,SSBN,Arihant,7,ESM,ESM-MULTIBAND,Multi-Band ESM,ESM-MULTIBAND-IN,,Multi-Band ESM,GAMEPLAY,GAMEPLAY,GAMEPLAY_POLICY,US_EW_ESM_GENERIC,SOCKET_EW_MAST,5,
IN_SSBN_Arihant,India,SSBN,Arihant,7,ESM,ESM-INTEGRATED,Integrated ESM,ESM-INTEGRATED-IN,,Integrated ESM,GAMEPLAY,GAMEPLAY,GAMEPLAY_POLICY,US_EW_ESM_GENERIC,SOCKET_EW_MAST,6,
IN_SSBN_Arihant,India,SSBN,Arihant,7,ESM,ESM-ADVANCED-THREAT-WARNING,Advanced Threat Warning,ESM-ADVANCED-THREAT-WARNING-IN,,Advanced Threat Warning,GAMEPLAY,GAMEPLAY,GAMEPLAY_POLICY,US_EW_ESM_GENERIC,SOCKET_EW_MAST,7,
IN_SSBN_Arihant,India,SSBN,Arihant,7,ESM,ESM-MULTISENSOR-FUSION,Multi-Sensor Fusion,ESM-MULTISENSOR-FUSION-IN,,Multi-Sensor Fusion,GAMEPLAY,GAMEPLAY,GAMEPLAY_POLICY,US_EW_ESM_GENERIC,SOCKET_EW_MAST,8,
IN_SSBN_Arihant,India,SSBN,Arihant,7,ESM,ESM-ADVANCED-EW,Advanced Integrated EW,ESM-ADVANCED-EW-IN,,Advanced Integrated EW,UNKNOWN,UNKNOWN,UNKNOWN_INSUFFICIENT_PUBLIC_DATA,US_EW_ESM_GENERIC,SOCKET_EW_MAST,9,
IN_SSBN_Arihant,India,SSBN,Arihant,7,ESM,ESM-NEXTGEN,Next Generation Defensive Electronic System,ESM-NEXTGEN-IN,,Next Generation Defensive Electronic System,UNKNOWN,UNKNOWN,UNKNOWN_INSUFFICIENT_PUBLIC_DATA,US_EW_ESM_GENERIC,SOCKET_EW_MAST,10,
IN_SSBN_Arihant,India,SSBN,Arihant,7,THREAT_WARNING,TW-RADAR-WARNING,Radar Warning,TW-RADAR-WARNING-IN,,Radar Warning,GAMEPLAY,GAMEPLAY,GAMEPLAY_POLICY,,SOCKET_EW_ANTENNA,1,
IN_SSBN_Arihant,India,SSBN,Arihant,7,THREAT_WARNING,TW-ELECTRONIC-WARNING,Electronic Threat Warning,TW-ELECTRONIC-WARNING-IN,,Electronic Threat Warning,GAMEPLAY,GAMEPLAY,GAMEPLAY_POLICY,,SOCKET_EW_ANTENNA,3,
IN_SSBN_Arihant,India,SSBN,Arihant,7,THREAT_WARNING,TW-ACTIVE-SONAR-WARNING,Active Sonar Warning,TW-ACTIVE-SONAR-WARNING-IN,,Active Sonar Warning,GAMEPLAY,GAMEPLAY,GAMEPLAY_POLICY,,SOCKET_EW_ANTENNA,4,
IN_SSBN_Arihant,India,SSBN,Arihant,7,THREAT_WARNING,TW-TORPEDO-WARNING,Torpedo Warning,TW-TORPEDO-WARNING-IN,,Torpedo Warning,GAMEPLAY,GAMEPLAY,GAMEPLAY_POLICY,GEN_TW_TORPEDO_WARNING_SENSOR,SOCKET_EW_ANTENNA,5,
IN_SSBN_Arihant,India,SSBN,Arihant,7,THREAT_WARNING,TW-ACOUSTIC-CLASSIFICATION,Acoustic Threat Classification,TW-ACOUSTIC-CLASSIFICATION-IN,,Acoustic Threat Classification,GAMEPLAY,GAMEPLAY,GAMEPLAY_POLICY,,SOCKET_EW_ANTENNA,6,
IN_SSBN_Arihant,India,SSBN,Arihant,7,ACOUSTIC_COUNTERMEASURE,ACM-NOISE-MAKER,Noise Maker,ACM-NOISE-MAKER-IN,,Noise Maker,GAMEPLAY,GAMEPLAY,GAMEPLAY_POLICY,GEN_ACM_NOISE_MAKER,SOCKET_COUNTERMEASURE_01,1,
IN_SSBN_Arihant,India,SSBN,Arihant,7,ACOUSTIC_COUNTERMEASURE,ACM-ACOUSTIC-DECOY,Acoustic Decoy,ACM-ACOUSTIC-DECOY-IN,,Acoustic Decoy,GAMEPLAY,GAMEPLAY,GAMEPLAY_POLICY,US_ACM_TORPEDO_DECOY,SOCKET_COUNTERMEASURE_01,2,
IN_SSBN_Arihant,India,SSBN,Arihant,7,ACOUSTIC_COUNTERMEASURE,ACM-TORPEDO-DECOY,Torpedo Decoy,ACM-TORPEDO-DECOY-IN,,Torpedo Decoy,GAMEPLAY,GAMEPLAY,GAMEPLAY_POLICY,US_ACM_TORPEDO_DECOY,SOCKET_COUNTERMEASURE_01,4,
IN_SSBN_Arihant,India,SSBN,Arihant,7,ACOUSTIC_COUNTERMEASURE,ACM-MOBILE-DECOY,Mobile Acoustic Decoy,ACM-MOBILE-DECOY-IN,,Mobile Acoustic Decoy,GAMEPLAY,GAMEPLAY,GAMEPLAY_POLICY,US_ACM_MOBILE_DECOY,SOCKET_COUNTERMEASURE_01,5,
IN_SSBN_Arihant,India,SSBN,Arihant,7,ACOUSTIC_COUNTERMEASURE,ACM-ADVANCED,Advanced Acoustic Countermeasure,ACM-ADVANCED-IN,,Advanced Acoustic Countermeasure,GAMEPLAY,GAMEPLAY,GAMEPLAY_POLICY,US_ACM_MOBILE_DECOY,SOCKET_COUNTERMEASURE_01,7,
IN_SSBN_Arihant,India,SSBN,Arihant,7,ACOUSTIC_COUNTERMEASURE,ACM-INTEGRATED,Integrated Acoustic Defense,ACM-INTEGRATED-IN,,Integrated Acoustic Defense,GAMEPLAY,GAMEPLAY,GAMEPLAY_POLICY,US_ACM_MOBILE_DECOY,SOCKET_COUNTERMEASURE_01,8,
IN_SSBN_Arihant,India,SSBN,Arihant,7,DECOY,DEC-PASSIVE,Passive Decoy,DEC-PASSIVE-IN,,Passive Decoy,GAMEPLAY,GAMEPLAY,GAMEPLAY_POLICY,,SOCKET_COUNTERMEASURE_02,1,
IN_SSBN_Arihant,India,SSBN,Arihant,7,DECOY,DEC-ACTIVE,Active Decoy,DEC-ACTIVE-IN,,Active Decoy,GAMEPLAY,GAMEPLAY,GAMEPLAY_POLICY,US_ACM_TORPEDO_DECOY,SOCKET_COUNTERMEASURE_02,3,
IN_SSBN_Arihant,India,SSBN,Arihant,7,DECOY,DEC-ACOUSTIC,Acoustic Decoy,DEC-ACOUSTIC-IN,,Acoustic Decoy,GAMEPLAY,GAMEPLAY,GAMEPLAY_POLICY,US_ACM_TORPEDO_DECOY,SOCKET_COUNTERMEASURE_02,2,
IN_SSBN_Arihant,India,SSBN,Arihant,7,DECOY,DEC-TORPEDO,Torpedo Decoy,DEC-TORPEDO-IN,,Torpedo Decoy,GAMEPLAY,GAMEPLAY,GAMEPLAY_POLICY,US_ACM_TORPEDO_DECOY,SOCKET_COUNTERMEASURE_02,4,
IN_SSBN_Arihant,India,SSBN,Arihant,7,DECOY,DEC-MOBILE,Mobile Decoy,DEC-MOBILE-IN,,Mobile Decoy,GAMEPLAY,GAMEPLAY,GAMEPLAY_POLICY,US_ACM_MOBILE_DECOY,SOCKET_COUNTERMEASURE_02,5,
IN_SSBN_Arihant,India,SSBN,Arihant,7,DECOY,DEC-ADVANCED,Advanced Decoy,DEC-ADVANCED-IN,,Advanced Decoy,GAMEPLAY,GAMEPLAY,GAMEPLAY_POLICY,US_ACM_MOBILE_DECOY,SOCKET_COUNTERMEASURE_02,7,
IN_SSBN_Arihant,India,SSBN,Arihant,7,NOISE_MAKER,NM-EARLY,Early Noise Maker,NM-EARLY-IN,,Early Noise Maker,GAMEPLAY,GAMEPLAY,GAMEPLAY_POLICY,GEN_ACM_NOISE_MAKER,SOCKET_COUNTERMEASURE_02,1,
IN_SSBN_Arihant,India,SSBN,Arihant,7,NOISE_MAKER,NM-IMPROVED,Improved Noise Maker,NM-IMPROVED-IN,,Improved Noise Maker,GAMEPLAY,GAMEPLAY,GAMEPLAY_POLICY,GEN_ACM_NOISE_MAKER,SOCKET_COUNTERMEASURE_02,3,
IN_SSBN_Arihant,India,SSBN,Arihant,7,NOISE_MAKER,NM-MODERN,Modern Noise Maker,NM-MODERN-IN,,Modern Noise Maker,GAMEPLAY,GAMEPLAY,GAMEPLAY_POLICY,GEN_ACM_NOISE_MAKER,SOCKET_COUNTERMEASURE_02,6,
IN_SSBN_Arihant,India,SSBN,Arihant,7,NOISE_MAKER,NM-ADVANCED,Advanced Acoustic Countermeasure,NM-ADVANCED-IN,,Advanced Acoustic Countermeasure,GAMEPLAY,GAMEPLAY,GAMEPLAY_POLICY,GEN_ACM_NOISE_MAKER,SOCKET_COUNTERMEASURE_02,8,
IN_SSBN_Arihant,India,SSBN,Arihant,7,TORPEDO_DEFENSE,TD-WARNING,Torpedo Warning,TD-WARNING-IN,,Torpedo Warning,GAMEPLAY,GAMEPLAY,GAMEPLAY_POLICY,GEN_TW_TORPEDO_WARNING_SENSOR,SOCKET_DECOY_LAUNCHER_02,4,
IN_SSBN_Arihant,India,SSBN,Arihant,7,TORPEDO_DEFENSE,TD-COUNTERMEASURE,Countermeasure,TD-COUNTERMEASURE-IN,,Countermeasure,GAMEPLAY,GAMEPLAY,GAMEPLAY_POLICY,US_ACM_TORPEDO_DECOY,SOCKET_DECOY_LAUNCHER_02,5,
IN_SSBN_Arihant,India,SSBN,Arihant,7,TORPEDO_DEFENSE,TD-ADVANCED,Advanced Countermeasure,TD-ADVANCED-IN,,Advanced Countermeasure,GAMEPLAY,GAMEPLAY,GAMEPLAY_POLICY,US_ACM_MOBILE_DECOY,SOCKET_DECOY_LAUNCHER_02,7,
IN_SSBN_Arihant,India,SSBN,Arihant,7,TORPEDO_DEFENSE,TD-INTEGRATED,Integrated Torpedo Defense,TD-INTEGRATED-IN,,Integrated Torpedo Defense,UNKNOWN,UNKNOWN,UNKNOWN_INSUFFICIENT_PUBLIC_DATA,US_ACM_MOBILE_DECOY,SOCKET_DECOY_LAUNCHER_02,9,
IN_SSBN_Arihant,India,SSBN,Arihant,7,LAUNCHER,CML-EXTERNAL,External Launcher,CML-EXTERNAL-IN,,External Launcher,GAMEPLAY,GAMEPLAY,GAMEPLAY_POLICY,US_CML_DECOY_LAUNCHER,SOCKET_DECOY_LAUNCHER_01,2,
IN_SSBN_Arihant,India,SSBN,Arihant,7,LAUNCHER,CML-TUBE,Countermeasure Tube,CML-TUBE-IN,,Countermeasure Tube,GAMEPLAY,GAMEPLAY,GAMEPLAY_POLICY,GEN_CML_TUBE,SOCKET_DECOY_LAUNCHER_01,3,
IN_SSBN_Arihant,India,SSBN,Arihant,7,LAUNCHER,CML-ACOUSTIC-DEVICE,Acoustic Device Launcher,CML-ACOUSTIC-DEVICE-IN,,Acoustic Device Launcher,GAMEPLAY,GAMEPLAY,GAMEPLAY_POLICY,US_CML_DECOY_LAUNCHER,SOCKET_DECOY_LAUNCHER_01,4,
IN_SSBN_Arihant,India,SSBN,Arihant,7,LAUNCHER,CML-ADVANCED,Advanced Launcher,CML-ADVANCED-IN,,Advanced Launcher,GAMEPLAY,GAMEPLAY,GAMEPLAY_POLICY,US_CML_DECOY_LAUNCHER,SOCKET_DECOY_LAUNCHER_01,7,
IN_SSBN_Arihant,India,SSBN,Arihant,7,LAUNCHER,CML-INTEGRATED,Integrated Launcher,CML-INTEGRATED-IN,,Integrated Launcher,GAMEPLAY,GAMEPLAY,GAMEPLAY_POLICY,US_CML_DECOY_LAUNCHER,SOCKET_DECOY_LAUNCHER_01,8,
IN_SSBN_Arihant,India,SSBN,Arihant,7,DEFENSIVE_CONTROL,DC-CONSOLE,Defensive Control Console,DC-CONSOLE-IN,,Defensive Control Console,GAMEPLAY,GAMEPLAY,GAMEPLAY_POLICY,US_DCM_CONSOLE,,2,
IN_SSBN_Arihant,India,SSBN,Arihant,7,DEFENSIVE_CONTROL,DC-INTEGRATED-CONTROL,Integrated Defensive Control,DC-INTEGRATED-CONTROL-IN,,Integrated Defensive Control,GAMEPLAY,GAMEPLAY,GAMEPLAY_POLICY,US_DCM_CONSOLE,,6,
IN_SSBN_Arihant,India,SSBN,Arihant,7,DEFENSIVE_CONTROL,DC-AUTOMATED,Automated Defensive Control,DC-AUTOMATED-IN,,Automated Defensive Control,GAMEPLAY,GAMEPLAY,GAMEPLAY_POLICY,US_DCM_CONSOLE,,8,
IN_SSBN_Arihant,India,SSBN,Arihant,7,INTEGRATED_DEFENSE,IDS-CORE,Integrated Defensive System,IDS-CORE-IN,,Integrated Defensive System,GAMEPLAY,GAMEPLAY,GAMEPLAY_POLICY,US_DCM_CONSOLE,,6,
IN_SSBN_Arihant,India,SSBN,Arihant,7,INTEGRATED_DEFENSE,IDS-ADVANCED,Next Generation Defensive System,IDS-ADVANCED-IN,,Next Generation Defensive System,UNKNOWN,UNKNOWN,UNKNOWN_INSUFFICIENT_PUBLIC_DATA,US_DCM_CONSOLE,,9,
IN_SSBN_Arighaat,India,SSBN,Arighaat,8,ESM,ESM-BASIC-DETECTION,Basic Signal Detection,ESM-BASIC-DETECTION-IN,,Basic Signal Detection,GAMEPLAY,GAMEPLAY,GAMEPLAY_POLICY,US_EW_ESM_GENERIC,SOCKET_EW_MAST,1,
IN_SSBN_Arighaat,India,SSBN,Arighaat,8,ESM,ESM-IMPROVED-DETECTION,Improved Detection,ESM-IMPROVED-DETECTION-IN,,Improved Detection,GAMEPLAY,GAMEPLAY,GAMEPLAY_POLICY,US_EW_ESM_GENERIC,SOCKET_EW_MAST,2,
IN_SSBN_Arighaat,India,SSBN,Arighaat,8,ESM,ESM-CLASSIFICATION,Signal Classification,ESM-CLASSIFICATION-IN,,Signal Classification,GAMEPLAY,GAMEPLAY,GAMEPLAY_POLICY,US_EW_ESM_GENERIC,SOCKET_EW_MAST,3,
IN_SSBN_Arighaat,India,SSBN,Arighaat,8,ESM,ESM-DIGITAL,Digital ESM,ESM-DIGITAL-IN,,Digital ESM,GAMEPLAY,GAMEPLAY,GAMEPLAY_POLICY,US_EW_ESM_GENERIC,SOCKET_EW_MAST,4,
IN_SSBN_Arighaat,India,SSBN,Arighaat,8,ESM,ESM-MULTIBAND,Multi-Band ESM,ESM-MULTIBAND-IN,,Multi-Band ESM,GAMEPLAY,GAMEPLAY,GAMEPLAY_POLICY,US_EW_ESM_GENERIC,SOCKET_EW_MAST,5,
IN_SSBN_Arighaat,India,SSBN,Arighaat,8,ESM,ESM-INTEGRATED,Integrated ESM,ESM-INTEGRATED-IN,,Integrated ESM,GAMEPLAY,GAMEPLAY,GAMEPLAY_POLICY,US_EW_ESM_GENERIC,SOCKET_EW_MAST,6,
IN_SSBN_Arighaat,India,SSBN,Arighaat,8,ESM,ESM-ADVANCED-THREAT-WARNING,Advanced Threat Warning,ESM-ADVANCED-THREAT-WARNING-IN,,Advanced Threat Warning,GAMEPLAY,GAMEPLAY,GAMEPLAY_POLICY,US_EW_ESM_GENERIC,SOCKET_EW_MAST,7,
IN_SSBN_Arighaat,India,SSBN,Arighaat,8,ESM,ESM-MULTISENSOR-FUSION,Multi-Sensor Fusion,ESM-MULTISENSOR-FUSION-IN,,Multi-Sensor Fusion,GAMEPLAY,GAMEPLAY,GAMEPLAY_POLICY,US_EW_ESM_GENERIC,SOCKET_EW_MAST,8,
IN_SSBN_Arighaat,India,SSBN,Arighaat,8,ESM,ESM-ADVANCED-EW,Advanced Integrated EW,ESM-ADVANCED-EW-IN,,Advanced Integrated EW,GAMEPLAY,GAMEPLAY,GAMEPLAY_POLICY,US_EW_ESM_GENERIC,SOCKET_EW_MAST,9,
IN_SSBN_Arighaat,India,SSBN,Arighaat,8,ESM,ESM-NEXTGEN,Next Generation Defensive Electronic System,ESM-NEXTGEN-IN,,Next Generation Defensive Electronic System,UNKNOWN,UNKNOWN,UNKNOWN_INSUFFICIENT_PUBLIC_DATA,US_EW_ESM_GENERIC,SOCKET_EW_MAST,10,
IN_SSBN_Arighaat,India,SSBN,Arighaat,8,THREAT_WARNING,TW-RADAR-WARNING,Radar Warning,TW-RADAR-WARNING-IN,,Radar Warning,GAMEPLAY,GAMEPLAY,GAMEPLAY_POLICY,,SOCKET_EW_ANTENNA,1,
IN_SSBN_Arighaat,India,SSBN,Arighaat,8,THREAT_WARNING,TW-ELECTRONIC-WARNING,Electronic Threat Warning,TW-ELECTRONIC-WARNING-IN,,Electronic Threat Warning,GAMEPLAY,GAMEPLAY,GAMEPLAY_POLICY,,SOCKET_EW_ANTENNA,3,
IN_SSBN_Arighaat,India,SSBN,Arighaat,8,THREAT_WARNING,TW-ACTIVE-SONAR-WARNING,Active Sonar Warning,TW-ACTIVE-SONAR-WARNING-IN,,Active Sonar Warning,GAMEPLAY,GAMEPLAY,GAMEPLAY_POLICY,,SOCKET_EW_ANTENNA,4,
IN_SSBN_Arighaat,India,SSBN,Arighaat,8,THREAT_WARNING,TW-TORPEDO-WARNING,Torpedo Warning,TW-TORPEDO-WARNING-IN,,Torpedo Warning,GAMEPLAY,GAMEPLAY,GAMEPLAY_POLICY,GEN_TW_TORPEDO_WARNING_SENSOR,SOCKET_EW_ANTENNA,5,
IN_SSBN_Arighaat,India,SSBN,Arighaat,8,THREAT_WARNING,TW-ACOUSTIC-CLASSIFICATION,Acoustic Threat Classification,TW-ACOUSTIC-CLASSIFICATION-IN,,Acoustic Threat Classification,GAMEPLAY,GAMEPLAY,GAMEPLAY_POLICY,,SOCKET_EW_ANTENNA,6,
IN_SSBN_Arighaat,India,SSBN,Arighaat,8,ACOUSTIC_COUNTERMEASURE,ACM-NOISE-MAKER,Noise Maker,ACM-NOISE-MAKER-IN,,Noise Maker,GAMEPLAY,GAMEPLAY,GAMEPLAY_POLICY,GEN_ACM_NOISE_MAKER,SOCKET_COUNTERMEASURE_01,1,
IN_SSBN_Arighaat,India,SSBN,Arighaat,8,ACOUSTIC_COUNTERMEASURE,ACM-ACOUSTIC-DECOY,Acoustic Decoy,ACM-ACOUSTIC-DECOY-IN,,Acoustic Decoy,GAMEPLAY,GAMEPLAY,GAMEPLAY_POLICY,US_ACM_TORPEDO_DECOY,SOCKET_COUNTERMEASURE_01,2,
IN_SSBN_Arighaat,India,SSBN,Arighaat,8,ACOUSTIC_COUNTERMEASURE,ACM-TORPEDO-DECOY,Torpedo Decoy,ACM-TORPEDO-DECOY-IN,,Torpedo Decoy,GAMEPLAY,GAMEPLAY,GAMEPLAY_POLICY,US_ACM_TORPEDO_DECOY,SOCKET_COUNTERMEASURE_01,4,
IN_SSBN_Arighaat,India,SSBN,Arighaat,8,ACOUSTIC_COUNTERMEASURE,ACM-MOBILE-DECOY,Mobile Acoustic Decoy,ACM-MOBILE-DECOY-IN,,Mobile Acoustic Decoy,GAMEPLAY,GAMEPLAY,GAMEPLAY_POLICY,US_ACM_MOBILE_DECOY,SOCKET_COUNTERMEASURE_01,5,
IN_SSBN_Arighaat,India,SSBN,Arighaat,8,ACOUSTIC_COUNTERMEASURE,ACM-ADVANCED,Advanced Acoustic Countermeasure,ACM-ADVANCED-IN,,Advanced Acoustic Countermeasure,GAMEPLAY,GAMEPLAY,GAMEPLAY_POLICY,US_ACM_MOBILE_DECOY,SOCKET_COUNTERMEASURE_01,7,
IN_SSBN_Arighaat,India,SSBN,Arighaat,8,ACOUSTIC_COUNTERMEASURE,ACM-INTEGRATED,Integrated Acoustic Defense,ACM-INTEGRATED-IN,,Integrated Acoustic Defense,GAMEPLAY,GAMEPLAY,GAMEPLAY_POLICY,US_ACM_MOBILE_DECOY,SOCKET_COUNTERMEASURE_01,8,
IN_SSBN_Arighaat,India,SSBN,Arighaat,8,DECOY,DEC-PASSIVE,Passive Decoy,DEC-PASSIVE-IN,,Passive Decoy,GAMEPLAY,GAMEPLAY,GAMEPLAY_POLICY,,SOCKET_COUNTERMEASURE_02,1,
IN_SSBN_Arighaat,India,SSBN,Arighaat,8,DECOY,DEC-ACTIVE,Active Decoy,DEC-ACTIVE-IN,,Active Decoy,GAMEPLAY,GAMEPLAY,GAMEPLAY_POLICY,US_ACM_TORPEDO_DECOY,SOCKET_COUNTERMEASURE_02,3,
IN_SSBN_Arighaat,India,SSBN,Arighaat,8,DECOY,DEC-ACOUSTIC,Acoustic Decoy,DEC-ACOUSTIC-IN,,Acoustic Decoy,GAMEPLAY,GAMEPLAY,GAMEPLAY_POLICY,US_ACM_TORPEDO_DECOY,SOCKET_COUNTERMEASURE_02,2,
IN_SSBN_Arighaat,India,SSBN,Arighaat,8,DECOY,DEC-TORPEDO,Torpedo Decoy,DEC-TORPEDO-IN,,Torpedo Decoy,GAMEPLAY,GAMEPLAY,GAMEPLAY_POLICY,US_ACM_TORPEDO_DECOY,SOCKET_COUNTERMEASURE_02,4,
IN_SSBN_Arighaat,India,SSBN,Arighaat,8,DECOY,DEC-MOBILE,Mobile Decoy,DEC-MOBILE-IN,,Mobile Decoy,GAMEPLAY,GAMEPLAY,GAMEPLAY_POLICY,US_ACM_MOBILE_DECOY,SOCKET_COUNTERMEASURE_02,5,
IN_SSBN_Arighaat,India,SSBN,Arighaat,8,DECOY,DEC-ADVANCED,Advanced Decoy,DEC-ADVANCED-IN,,Advanced Decoy,GAMEPLAY,GAMEPLAY,GAMEPLAY_POLICY,US_ACM_MOBILE_DECOY,SOCKET_COUNTERMEASURE_02,7,
IN_SSBN_Arighaat,India,SSBN,Arighaat,8,NOISE_MAKER,NM-EARLY,Early Noise Maker,NM-EARLY-IN,,Early Noise Maker,GAMEPLAY,GAMEPLAY,GAMEPLAY_POLICY,GEN_ACM_NOISE_MAKER,SOCKET_COUNTERMEASURE_02,1,
IN_SSBN_Arighaat,India,SSBN,Arighaat,8,NOISE_MAKER,NM-IMPROVED,Improved Noise Maker,NM-IMPROVED-IN,,Improved Noise Maker,GAMEPLAY,GAMEPLAY,GAMEPLAY_POLICY,GEN_ACM_NOISE_MAKER,SOCKET_COUNTERMEASURE_02,3,
IN_SSBN_Arighaat,India,SSBN,Arighaat,8,NOISE_MAKER,NM-MODERN,Modern Noise Maker,NM-MODERN-IN,,Modern Noise Maker,GAMEPLAY,GAMEPLAY,GAMEPLAY_POLICY,GEN_ACM_NOISE_MAKER,SOCKET_COUNTERMEASURE_02,6,
IN_SSBN_Arighaat,India,SSBN,Arighaat,8,NOISE_MAKER,NM-ADVANCED,Advanced Acoustic Countermeasure,NM-ADVANCED-IN,,Advanced Acoustic Countermeasure,GAMEPLAY,GAMEPLAY,GAMEPLAY_POLICY,GEN_ACM_NOISE_MAKER,SOCKET_COUNTERMEASURE_02,8,
IN_SSBN_Arighaat,India,SSBN,Arighaat,8,TORPEDO_DEFENSE,TD-WARNING,Torpedo Warning,TD-WARNING-IN,,Torpedo Warning,GAMEPLAY,GAMEPLAY,GAMEPLAY_POLICY,GEN_TW_TORPEDO_WARNING_SENSOR,SOCKET_DECOY_LAUNCHER_02,4,
IN_SSBN_Arighaat,India,SSBN,Arighaat,8,TORPEDO_DEFENSE,TD-COUNTERMEASURE,Countermeasure,TD-COUNTERMEASURE-IN,,Countermeasure,GAMEPLAY,GAMEPLAY,GAMEPLAY_POLICY,US_ACM_TORPEDO_DECOY,SOCKET_DECOY_LAUNCHER_02,5,
IN_SSBN_Arighaat,India,SSBN,Arighaat,8,TORPEDO_DEFENSE,TD-ADVANCED,Advanced Countermeasure,TD-ADVANCED-IN,,Advanced Countermeasure,GAMEPLAY,GAMEPLAY,GAMEPLAY_POLICY,US_ACM_MOBILE_DECOY,SOCKET_DECOY_LAUNCHER_02,7,
IN_SSBN_Arighaat,India,SSBN,Arighaat,8,TORPEDO_DEFENSE,TD-INTEGRATED,Integrated Torpedo Defense,TD-INTEGRATED-IN,,Integrated Torpedo Defense,GAMEPLAY,GAMEPLAY,GAMEPLAY_POLICY,US_ACM_MOBILE_DECOY,SOCKET_DECOY_LAUNCHER_02,9,
IN_SSBN_Arighaat,India,SSBN,Arighaat,8,LAUNCHER,CML-EXTERNAL,External Launcher,CML-EXTERNAL-IN,,External Launcher,GAMEPLAY,GAMEPLAY,GAMEPLAY_POLICY,US_CML_DECOY_LAUNCHER,SOCKET_DECOY_LAUNCHER_01,2,
IN_SSBN_Arighaat,India,SSBN,Arighaat,8,LAUNCHER,CML-TUBE,Countermeasure Tube,CML-TUBE-IN,,Countermeasure Tube,GAMEPLAY,GAMEPLAY,GAMEPLAY_POLICY,GEN_CML_TUBE,SOCKET_DECOY_LAUNCHER_01,3,
IN_SSBN_Arighaat,India,SSBN,Arighaat,8,LAUNCHER,CML-ACOUSTIC-DEVICE,Acoustic Device Launcher,CML-ACOUSTIC-DEVICE-IN,,Acoustic Device Launcher,GAMEPLAY,GAMEPLAY,GAMEPLAY_POLICY,US_CML_DECOY_LAUNCHER,SOCKET_DECOY_LAUNCHER_01,4,
IN_SSBN_Arighaat,India,SSBN,Arighaat,8,LAUNCHER,CML-ADVANCED,Advanced Launcher,CML-ADVANCED-IN,,Advanced Launcher,GAMEPLAY,GAMEPLAY,GAMEPLAY_POLICY,US_CML_DECOY_LAUNCHER,SOCKET_DECOY_LAUNCHER_01,7,
IN_SSBN_Arighaat,India,SSBN,Arighaat,8,LAUNCHER,CML-INTEGRATED,Integrated Launcher,CML-INTEGRATED-IN,,Integrated Launcher,GAMEPLAY,GAMEPLAY,GAMEPLAY_POLICY,US_CML_DECOY_LAUNCHER,SOCKET_DECOY_LAUNCHER_01,8,
IN_SSBN_Arighaat,India,SSBN,Arighaat,8,DEFENSIVE_CONTROL,DC-CONSOLE,Defensive Control Console,DC-CONSOLE-IN,,Defensive Control Console,GAMEPLAY,GAMEPLAY,GAMEPLAY_POLICY,US_DCM_CONSOLE,,2,
IN_SSBN_Arighaat,India,SSBN,Arighaat,8,DEFENSIVE_CONTROL,DC-INTEGRATED-CONTROL,Integrated Defensive Control,DC-INTEGRATED-CONTROL-IN,,Integrated Defensive Control,GAMEPLAY,GAMEPLAY,GAMEPLAY_POLICY,US_DCM_CONSOLE,,6,
IN_SSBN_Arighaat,India,SSBN,Arighaat,8,DEFENSIVE_CONTROL,DC-AUTOMATED,Automated Defensive Control,DC-AUTOMATED-IN,,Automated Defensive Control,GAMEPLAY,GAMEPLAY,GAMEPLAY_POLICY,US_DCM_CONSOLE,,8,
IN_SSBN_Arighaat,India,SSBN,Arighaat,8,INTEGRATED_DEFENSE,IDS-CORE,Integrated Defensive System,IDS-CORE-IN,,Integrated Defensive System,GAMEPLAY,GAMEPLAY,GAMEPLAY_POLICY,US_DCM_CONSOLE,,6,
IN_SSBN_Arighaat,India,SSBN,Arighaat,8,INTEGRATED_DEFENSE,IDS-ADVANCED,Next Generation Defensive System,IDS-ADVANCED-IN,,Next Generation Defensive System,GAMEPLAY,GAMEPLAY,GAMEPLAY_POLICY,US_DCM_CONSOLE,,9,
IN_SSBN_S4,India,SSBN,S4,9,ESM,ESM-BASIC-DETECTION,Basic Signal Detection,ESM-BASIC-DETECTION-IN,,Basic Signal Detection,GAMEPLAY,GAMEPLAY,GAMEPLAY_POLICY,US_EW_ESM_GENERIC,SOCKET_EW_MAST,1,
IN_SSBN_S4,India,SSBN,S4,9,ESM,ESM-IMPROVED-DETECTION,Improved Detection,ESM-IMPROVED-DETECTION-IN,,Improved Detection,GAMEPLAY,GAMEPLAY,GAMEPLAY_POLICY,US_EW_ESM_GENERIC,SOCKET_EW_MAST,2,
IN_SSBN_S4,India,SSBN,S4,9,ESM,ESM-CLASSIFICATION,Signal Classification,ESM-CLASSIFICATION-IN,,Signal Classification,GAMEPLAY,GAMEPLAY,GAMEPLAY_POLICY,US_EW_ESM_GENERIC,SOCKET_EW_MAST,3,
IN_SSBN_S4,India,SSBN,S4,9,ESM,ESM-DIGITAL,Digital ESM,ESM-DIGITAL-IN,,Digital ESM,GAMEPLAY,GAMEPLAY,GAMEPLAY_POLICY,US_EW_ESM_GENERIC,SOCKET_EW_MAST,4,
IN_SSBN_S4,India,SSBN,S4,9,ESM,ESM-MULTIBAND,Multi-Band ESM,ESM-MULTIBAND-IN,,Multi-Band ESM,GAMEPLAY,GAMEPLAY,GAMEPLAY_POLICY,US_EW_ESM_GENERIC,SOCKET_EW_MAST,5,
IN_SSBN_S4,India,SSBN,S4,9,ESM,ESM-INTEGRATED,Integrated ESM,ESM-INTEGRATED-IN,,Integrated ESM,GAMEPLAY,GAMEPLAY,GAMEPLAY_POLICY,US_EW_ESM_GENERIC,SOCKET_EW_MAST,6,
IN_SSBN_S4,India,SSBN,S4,9,ESM,ESM-ADVANCED-THREAT-WARNING,Advanced Threat Warning,ESM-ADVANCED-THREAT-WARNING-IN,,Advanced Threat Warning,GAMEPLAY,GAMEPLAY,GAMEPLAY_POLICY,US_EW_ESM_GENERIC,SOCKET_EW_MAST,7,
IN_SSBN_S4,India,SSBN,S4,9,ESM,ESM-MULTISENSOR-FUSION,Multi-Sensor Fusion,ESM-MULTISENSOR-FUSION-IN,,Multi-Sensor Fusion,GAMEPLAY,GAMEPLAY,GAMEPLAY_POLICY,US_EW_ESM_GENERIC,SOCKET_EW_MAST,8,
IN_SSBN_S4,India,SSBN,S4,9,ESM,ESM-ADVANCED-EW,Advanced Integrated EW,ESM-ADVANCED-EW-IN,,Advanced Integrated EW,GAMEPLAY,GAMEPLAY,GAMEPLAY_POLICY,US_EW_ESM_GENERIC,SOCKET_EW_MAST,9,
IN_SSBN_S4,India,SSBN,S4,9,ESM,ESM-NEXTGEN,Next Generation Defensive Electronic System,ESM-NEXTGEN-IN,,Next Generation Defensive Electronic System,GAMEPLAY,GAMEPLAY,GAMEPLAY_POLICY,US_EW_ESM_GENERIC,SOCKET_EW_MAST,10,
IN_SSBN_S4,India,SSBN,S4,9,THREAT_WARNING,TW-RADAR-WARNING,Radar Warning,TW-RADAR-WARNING-IN,,Radar Warning,GAMEPLAY,GAMEPLAY,GAMEPLAY_POLICY,,SOCKET_EW_ANTENNA,1,
IN_SSBN_S4,India,SSBN,S4,9,THREAT_WARNING,TW-ELECTRONIC-WARNING,Electronic Threat Warning,TW-ELECTRONIC-WARNING-IN,,Electronic Threat Warning,GAMEPLAY,GAMEPLAY,GAMEPLAY_POLICY,,SOCKET_EW_ANTENNA,3,
IN_SSBN_S4,India,SSBN,S4,9,THREAT_WARNING,TW-ACTIVE-SONAR-WARNING,Active Sonar Warning,TW-ACTIVE-SONAR-WARNING-IN,,Active Sonar Warning,GAMEPLAY,GAMEPLAY,GAMEPLAY_POLICY,,SOCKET_EW_ANTENNA,4,
IN_SSBN_S4,India,SSBN,S4,9,THREAT_WARNING,TW-TORPEDO-WARNING,Torpedo Warning,TW-TORPEDO-WARNING-IN,,Torpedo Warning,GAMEPLAY,GAMEPLAY,GAMEPLAY_POLICY,GEN_TW_TORPEDO_WARNING_SENSOR,SOCKET_EW_ANTENNA,5,
IN_SSBN_S4,India,SSBN,S4,9,THREAT_WARNING,TW-ACOUSTIC-CLASSIFICATION,Acoustic Threat Classification,TW-ACOUSTIC-CLASSIFICATION-IN,,Acoustic Threat Classification,GAMEPLAY,GAMEPLAY,GAMEPLAY_POLICY,,SOCKET_EW_ANTENNA,6,
IN_SSBN_S4,India,SSBN,S4,9,ACOUSTIC_COUNTERMEASURE,ACM-NOISE-MAKER,Noise Maker,ACM-NOISE-MAKER-IN,,Noise Maker,GAMEPLAY,GAMEPLAY,GAMEPLAY_POLICY,GEN_ACM_NOISE_MAKER,SOCKET_COUNTERMEASURE_01,1,
IN_SSBN_S4,India,SSBN,S4,9,ACOUSTIC_COUNTERMEASURE,ACM-ACOUSTIC-DECOY,Acoustic Decoy,ACM-ACOUSTIC-DECOY-IN,,Acoustic Decoy,GAMEPLAY,GAMEPLAY,GAMEPLAY_POLICY,US_ACM_TORPEDO_DECOY,SOCKET_COUNTERMEASURE_01,2,
IN_SSBN_S4,India,SSBN,S4,9,ACOUSTIC_COUNTERMEASURE,ACM-TORPEDO-DECOY,Torpedo Decoy,ACM-TORPEDO-DECOY-IN,,Torpedo Decoy,GAMEPLAY,GAMEPLAY,GAMEPLAY_POLICY,US_ACM_TORPEDO_DECOY,SOCKET_COUNTERMEASURE_01,4,
IN_SSBN_S4,India,SSBN,S4,9,ACOUSTIC_COUNTERMEASURE,ACM-MOBILE-DECOY,Mobile Acoustic Decoy,ACM-MOBILE-DECOY-IN,,Mobile Acoustic Decoy,GAMEPLAY,GAMEPLAY,GAMEPLAY_POLICY,US_ACM_MOBILE_DECOY,SOCKET_COUNTERMEASURE_01,5,
IN_SSBN_S4,India,SSBN,S4,9,ACOUSTIC_COUNTERMEASURE,ACM-ADVANCED,Advanced Acoustic Countermeasure,ACM-ADVANCED-IN,,Advanced Acoustic Countermeasure,GAMEPLAY,GAMEPLAY,GAMEPLAY_POLICY,US_ACM_MOBILE_DECOY,SOCKET_COUNTERMEASURE_01,7,
IN_SSBN_S4,India,SSBN,S4,9,ACOUSTIC_COUNTERMEASURE,ACM-INTEGRATED,Integrated Acoustic Defense,ACM-INTEGRATED-IN,,Integrated Acoustic Defense,GAMEPLAY,GAMEPLAY,GAMEPLAY_POLICY,US_ACM_MOBILE_DECOY,SOCKET_COUNTERMEASURE_01,8,
IN_SSBN_S4,India,SSBN,S4,9,DECOY,DEC-PASSIVE,Passive Decoy,DEC-PASSIVE-IN,,Passive Decoy,GAMEPLAY,GAMEPLAY,GAMEPLAY_POLICY,,SOCKET_COUNTERMEASURE_02,1,
IN_SSBN_S4,India,SSBN,S4,9,DECOY,DEC-ACTIVE,Active Decoy,DEC-ACTIVE-IN,,Active Decoy,GAMEPLAY,GAMEPLAY,GAMEPLAY_POLICY,US_ACM_TORPEDO_DECOY,SOCKET_COUNTERMEASURE_02,3,
IN_SSBN_S4,India,SSBN,S4,9,DECOY,DEC-ACOUSTIC,Acoustic Decoy,DEC-ACOUSTIC-IN,,Acoustic Decoy,GAMEPLAY,GAMEPLAY,GAMEPLAY_POLICY,US_ACM_TORPEDO_DECOY,SOCKET_COUNTERMEASURE_02,2,
IN_SSBN_S4,India,SSBN,S4,9,DECOY,DEC-TORPEDO,Torpedo Decoy,DEC-TORPEDO-IN,,Torpedo Decoy,GAMEPLAY,GAMEPLAY,GAMEPLAY_POLICY,US_ACM_TORPEDO_DECOY,SOCKET_COUNTERMEASURE_02,4,
IN_SSBN_S4,India,SSBN,S4,9,DECOY,DEC-MOBILE,Mobile Decoy,DEC-MOBILE-IN,,Mobile Decoy,GAMEPLAY,GAMEPLAY,GAMEPLAY_POLICY,US_ACM_MOBILE_DECOY,SOCKET_COUNTERMEASURE_02,5,
IN_SSBN_S4,India,SSBN,S4,9,DECOY,DEC-ADVANCED,Advanced Decoy,DEC-ADVANCED-IN,,Advanced Decoy,GAMEPLAY,GAMEPLAY,GAMEPLAY_POLICY,US_ACM_MOBILE_DECOY,SOCKET_COUNTERMEASURE_02,7,
IN_SSBN_S4,India,SSBN,S4,9,NOISE_MAKER,NM-EARLY,Early Noise Maker,NM-EARLY-IN,,Early Noise Maker,GAMEPLAY,GAMEPLAY,GAMEPLAY_POLICY,GEN_ACM_NOISE_MAKER,SOCKET_COUNTERMEASURE_02,1,
IN_SSBN_S4,India,SSBN,S4,9,NOISE_MAKER,NM-IMPROVED,Improved Noise Maker,NM-IMPROVED-IN,,Improved Noise Maker,GAMEPLAY,GAMEPLAY,GAMEPLAY_POLICY,GEN_ACM_NOISE_MAKER,SOCKET_COUNTERMEASURE_02,3,
IN_SSBN_S4,India,SSBN,S4,9,NOISE_MAKER,NM-MODERN,Modern Noise Maker,NM-MODERN-IN,,Modern Noise Maker,GAMEPLAY,GAMEPLAY,GAMEPLAY_POLICY,GEN_ACM_NOISE_MAKER,SOCKET_COUNTERMEASURE_02,6,
IN_SSBN_S4,India,SSBN,S4,9,NOISE_MAKER,NM-ADVANCED,Advanced Acoustic Countermeasure,NM-ADVANCED-IN,,Advanced Acoustic Countermeasure,GAMEPLAY,GAMEPLAY,GAMEPLAY_POLICY,GEN_ACM_NOISE_MAKER,SOCKET_COUNTERMEASURE_02,8,
IN_SSBN_S4,India,SSBN,S4,9,TORPEDO_DEFENSE,TD-WARNING,Torpedo Warning,TD-WARNING-IN,,Torpedo Warning,GAMEPLAY,GAMEPLAY,GAMEPLAY_POLICY,GEN_TW_TORPEDO_WARNING_SENSOR,SOCKET_DECOY_LAUNCHER_02,4,
IN_SSBN_S4,India,SSBN,S4,9,TORPEDO_DEFENSE,TD-COUNTERMEASURE,Countermeasure,TD-COUNTERMEASURE-IN,,Countermeasure,GAMEPLAY,GAMEPLAY,GAMEPLAY_POLICY,US_ACM_TORPEDO_DECOY,SOCKET_DECOY_LAUNCHER_02,5,
IN_SSBN_S4,India,SSBN,S4,9,TORPEDO_DEFENSE,TD-ADVANCED,Advanced Countermeasure,TD-ADVANCED-IN,,Advanced Countermeasure,GAMEPLAY,GAMEPLAY,GAMEPLAY_POLICY,US_ACM_MOBILE_DECOY,SOCKET_DECOY_LAUNCHER_02,7,
IN_SSBN_S4,India,SSBN,S4,9,TORPEDO_DEFENSE,TD-INTEGRATED,Integrated Torpedo Defense,TD-INTEGRATED-IN,,Integrated Torpedo Defense,GAMEPLAY,GAMEPLAY,GAMEPLAY_POLICY,US_ACM_MOBILE_DECOY,SOCKET_DECOY_LAUNCHER_02,9,
IN_SSBN_S4,India,SSBN,S4,9,LAUNCHER,CML-EXTERNAL,External Launcher,CML-EXTERNAL-IN,,External Launcher,GAMEPLAY,GAMEPLAY,GAMEPLAY_POLICY,US_CML_DECOY_LAUNCHER,SOCKET_DECOY_LAUNCHER_01,2,
IN_SSBN_S4,India,SSBN,S4,9,LAUNCHER,CML-TUBE,Countermeasure Tube,CML-TUBE-IN,,Countermeasure Tube,GAMEPLAY,GAMEPLAY,GAMEPLAY_POLICY,GEN_CML_TUBE,SOCKET_DECOY_LAUNCHER_01,3,
IN_SSBN_S4,India,SSBN,S4,9,LAUNCHER,CML-ACOUSTIC-DEVICE,Acoustic Device Launcher,CML-ACOUSTIC-DEVICE-IN,,Acoustic Device Launcher,GAMEPLAY,GAMEPLAY,GAMEPLAY_POLICY,US_CML_DECOY_LAUNCHER,SOCKET_DECOY_LAUNCHER_01,4,
IN_SSBN_S4,India,SSBN,S4,9,LAUNCHER,CML-ADVANCED,Advanced Launcher,CML-ADVANCED-IN,,Advanced Launcher,GAMEPLAY,GAMEPLAY,GAMEPLAY_POLICY,US_CML_DECOY_LAUNCHER,SOCKET_DECOY_LAUNCHER_01,7,
IN_SSBN_S4,India,SSBN,S4,9,LAUNCHER,CML-INTEGRATED,Integrated Launcher,CML-INTEGRATED-IN,,Integrated Launcher,GAMEPLAY,GAMEPLAY,GAMEPLAY_POLICY,US_CML_DECOY_LAUNCHER,SOCKET_DECOY_LAUNCHER_01,8,
IN_SSBN_S4,India,SSBN,S4,9,DEFENSIVE_CONTROL,DC-CONSOLE,Defensive Control Console,DC-CONSOLE-IN,,Defensive Control Console,GAMEPLAY,GAMEPLAY,GAMEPLAY_POLICY,US_DCM_CONSOLE,,2,
IN_SSBN_S4,India,SSBN,S4,9,DEFENSIVE_CONTROL,DC-INTEGRATED-CONTROL,Integrated Defensive Control,DC-INTEGRATED-CONTROL-IN,,Integrated Defensive Control,GAMEPLAY,GAMEPLAY,GAMEPLAY_POLICY,US_DCM_CONSOLE,,6,
IN_SSBN_S4,India,SSBN,S4,9,DEFENSIVE_CONTROL,DC-AUTOMATED,Automated Defensive Control,DC-AUTOMATED-IN,,Automated Defensive Control,GAMEPLAY,GAMEPLAY,GAMEPLAY_POLICY,US_DCM_CONSOLE,,8,
IN_SSBN_S4,India,SSBN,S4,9,INTEGRATED_DEFENSE,IDS-CORE,Integrated Defensive System,IDS-CORE-IN,,Integrated Defensive System,GAMEPLAY,GAMEPLAY,GAMEPLAY_POLICY,US_DCM_CONSOLE,,6,
IN_SSBN_S4,India,SSBN,S4,9,INTEGRATED_DEFENSE,IDS-ADVANCED,Next Generation Defensive System,IDS-ADVANCED-IN,,Next Generation Defensive System,GAMEPLAY,GAMEPLAY,GAMEPLAY_POLICY,US_DCM_CONSOLE,,9,
IN_SSBN_S5,India,SSBN,S5,10,ESM,ESM-BASIC-DETECTION,Basic Signal Detection,ESM-BASIC-DETECTION-IN,,Basic Signal Detection,GAMEPLAY,GAMEPLAY,GAMEPLAY_POLICY,US_EW_ESM_GENERIC,SOCKET_EW_MAST,1,
IN_SSBN_S5,India,SSBN,S5,10,ESM,ESM-IMPROVED-DETECTION,Improved Detection,ESM-IMPROVED-DETECTION-IN,,Improved Detection,GAMEPLAY,GAMEPLAY,GAMEPLAY_POLICY,US_EW_ESM_GENERIC,SOCKET_EW_MAST,2,
IN_SSBN_S5,India,SSBN,S5,10,ESM,ESM-CLASSIFICATION,Signal Classification,ESM-CLASSIFICATION-IN,,Signal Classification,GAMEPLAY,GAMEPLAY,GAMEPLAY_POLICY,US_EW_ESM_GENERIC,SOCKET_EW_MAST,3,
IN_SSBN_S5,India,SSBN,S5,10,ESM,ESM-DIGITAL,Digital ESM,ESM-DIGITAL-IN,,Digital ESM,GAMEPLAY,GAMEPLAY,GAMEPLAY_POLICY,US_EW_ESM_GENERIC,SOCKET_EW_MAST,4,
IN_SSBN_S5,India,SSBN,S5,10,ESM,ESM-MULTIBAND,Multi-Band ESM,ESM-MULTIBAND-IN,,Multi-Band ESM,GAMEPLAY,GAMEPLAY,GAMEPLAY_POLICY,US_EW_ESM_GENERIC,SOCKET_EW_MAST,5,
IN_SSBN_S5,India,SSBN,S5,10,ESM,ESM-INTEGRATED,Integrated ESM,ESM-INTEGRATED-IN,,Integrated ESM,GAMEPLAY,GAMEPLAY,GAMEPLAY_POLICY,US_EW_ESM_GENERIC,SOCKET_EW_MAST,6,
IN_SSBN_S5,India,SSBN,S5,10,ESM,ESM-ADVANCED-THREAT-WARNING,Advanced Threat Warning,ESM-ADVANCED-THREAT-WARNING-IN,,Advanced Threat Warning,GAMEPLAY,GAMEPLAY,GAMEPLAY_POLICY,US_EW_ESM_GENERIC,SOCKET_EW_MAST,7,
IN_SSBN_S5,India,SSBN,S5,10,ESM,ESM-MULTISENSOR-FUSION,Multi-Sensor Fusion,ESM-MULTISENSOR-FUSION-IN,,Multi-Sensor Fusion,GAMEPLAY,GAMEPLAY,GAMEPLAY_POLICY,US_EW_ESM_GENERIC,SOCKET_EW_MAST,8,
IN_SSBN_S5,India,SSBN,S5,10,ESM,ESM-ADVANCED-EW,Advanced Integrated EW,ESM-ADVANCED-EW-IN,,Advanced Integrated EW,GAMEPLAY,GAMEPLAY,GAMEPLAY_POLICY,US_EW_ESM_GENERIC,SOCKET_EW_MAST,9,
IN_SSBN_S5,India,SSBN,S5,10,ESM,ESM-NEXTGEN,Next Generation Defensive Electronic System,ESM-NEXTGEN-IN,,Next Generation Defensive Electronic System,GAMEPLAY,GAMEPLAY,GAMEPLAY_POLICY,US_EW_ESM_GENERIC,SOCKET_EW_MAST,10,
IN_SSBN_S5,India,SSBN,S5,10,THREAT_WARNING,TW-RADAR-WARNING,Radar Warning,TW-RADAR-WARNING-IN,,Radar Warning,GAMEPLAY,GAMEPLAY,GAMEPLAY_POLICY,,SOCKET_EW_ANTENNA,1,
IN_SSBN_S5,India,SSBN,S5,10,THREAT_WARNING,TW-ELECTRONIC-WARNING,Electronic Threat Warning,TW-ELECTRONIC-WARNING-IN,,Electronic Threat Warning,GAMEPLAY,GAMEPLAY,GAMEPLAY_POLICY,,SOCKET_EW_ANTENNA,3,
IN_SSBN_S5,India,SSBN,S5,10,THREAT_WARNING,TW-ACTIVE-SONAR-WARNING,Active Sonar Warning,TW-ACTIVE-SONAR-WARNING-IN,,Active Sonar Warning,GAMEPLAY,GAMEPLAY,GAMEPLAY_POLICY,,SOCKET_EW_ANTENNA,4,
IN_SSBN_S5,India,SSBN,S5,10,THREAT_WARNING,TW-TORPEDO-WARNING,Torpedo Warning,TW-TORPEDO-WARNING-IN,,Torpedo Warning,GAMEPLAY,GAMEPLAY,GAMEPLAY_POLICY,GEN_TW_TORPEDO_WARNING_SENSOR,SOCKET_EW_ANTENNA,5,
IN_SSBN_S5,India,SSBN,S5,10,THREAT_WARNING,TW-ACOUSTIC-CLASSIFICATION,Acoustic Threat Classification,TW-ACOUSTIC-CLASSIFICATION-IN,,Acoustic Threat Classification,GAMEPLAY,GAMEPLAY,GAMEPLAY_POLICY,,SOCKET_EW_ANTENNA,6,
IN_SSBN_S5,India,SSBN,S5,10,ACOUSTIC_COUNTERMEASURE,ACM-NOISE-MAKER,Noise Maker,ACM-NOISE-MAKER-IN,,Noise Maker,GAMEPLAY,GAMEPLAY,GAMEPLAY_POLICY,GEN_ACM_NOISE_MAKER,SOCKET_COUNTERMEASURE_01,1,
IN_SSBN_S5,India,SSBN,S5,10,ACOUSTIC_COUNTERMEASURE,ACM-ACOUSTIC-DECOY,Acoustic Decoy,ACM-ACOUSTIC-DECOY-IN,,Acoustic Decoy,GAMEPLAY,GAMEPLAY,GAMEPLAY_POLICY,US_ACM_TORPEDO_DECOY,SOCKET_COUNTERMEASURE_01,2,
IN_SSBN_S5,India,SSBN,S5,10,ACOUSTIC_COUNTERMEASURE,ACM-TORPEDO-DECOY,Torpedo Decoy,ACM-TORPEDO-DECOY-IN,,Torpedo Decoy,GAMEPLAY,GAMEPLAY,GAMEPLAY_POLICY,US_ACM_TORPEDO_DECOY,SOCKET_COUNTERMEASURE_01,4,
IN_SSBN_S5,India,SSBN,S5,10,ACOUSTIC_COUNTERMEASURE,ACM-MOBILE-DECOY,Mobile Acoustic Decoy,ACM-MOBILE-DECOY-IN,,Mobile Acoustic Decoy,GAMEPLAY,GAMEPLAY,GAMEPLAY_POLICY,US_ACM_MOBILE_DECOY,SOCKET_COUNTERMEASURE_01,5,
IN_SSBN_S5,India,SSBN,S5,10,ACOUSTIC_COUNTERMEASURE,ACM-ADVANCED,Advanced Acoustic Countermeasure,ACM-ADVANCED-IN,,Advanced Acoustic Countermeasure,GAMEPLAY,GAMEPLAY,GAMEPLAY_POLICY,US_ACM_MOBILE_DECOY,SOCKET_COUNTERMEASURE_01,7,
IN_SSBN_S5,India,SSBN,S5,10,ACOUSTIC_COUNTERMEASURE,ACM-INTEGRATED,Integrated Acoustic Defense,ACM-INTEGRATED-IN,,Integrated Acoustic Defense,GAMEPLAY,GAMEPLAY,GAMEPLAY_POLICY,US_ACM_MOBILE_DECOY,SOCKET_COUNTERMEASURE_01,8,
IN_SSBN_S5,India,SSBN,S5,10,DECOY,DEC-PASSIVE,Passive Decoy,DEC-PASSIVE-IN,,Passive Decoy,GAMEPLAY,GAMEPLAY,GAMEPLAY_POLICY,,SOCKET_COUNTERMEASURE_02,1,
IN_SSBN_S5,India,SSBN,S5,10,DECOY,DEC-ACTIVE,Active Decoy,DEC-ACTIVE-IN,,Active Decoy,GAMEPLAY,GAMEPLAY,GAMEPLAY_POLICY,US_ACM_TORPEDO_DECOY,SOCKET_COUNTERMEASURE_02,3,
IN_SSBN_S5,India,SSBN,S5,10,DECOY,DEC-ACOUSTIC,Acoustic Decoy,DEC-ACOUSTIC-IN,,Acoustic Decoy,GAMEPLAY,GAMEPLAY,GAMEPLAY_POLICY,US_ACM_TORPEDO_DECOY,SOCKET_COUNTERMEASURE_02,2,
IN_SSBN_S5,India,SSBN,S5,10,DECOY,DEC-TORPEDO,Torpedo Decoy,DEC-TORPEDO-IN,,Torpedo Decoy,GAMEPLAY,GAMEPLAY,GAMEPLAY_POLICY,US_ACM_TORPEDO_DECOY,SOCKET_COUNTERMEASURE_02,4,
IN_SSBN_S5,India,SSBN,S5,10,DECOY,DEC-MOBILE,Mobile Decoy,DEC-MOBILE-IN,,Mobile Decoy,GAMEPLAY,GAMEPLAY,GAMEPLAY_POLICY,US_ACM_MOBILE_DECOY,SOCKET_COUNTERMEASURE_02,5,
IN_SSBN_S5,India,SSBN,S5,10,DECOY,DEC-ADVANCED,Advanced Decoy,DEC-ADVANCED-IN,,Advanced Decoy,GAMEPLAY,GAMEPLAY,GAMEPLAY_POLICY,US_ACM_MOBILE_DECOY,SOCKET_COUNTERMEASURE_02,7,
IN_SSBN_S5,India,SSBN,S5,10,NOISE_MAKER,NM-EARLY,Early Noise Maker,NM-EARLY-IN,,Early Noise Maker,GAMEPLAY,GAMEPLAY,GAMEPLAY_POLICY,GEN_ACM_NOISE_MAKER,SOCKET_COUNTERMEASURE_02,1,
IN_SSBN_S5,India,SSBN,S5,10,NOISE_MAKER,NM-IMPROVED,Improved Noise Maker,NM-IMPROVED-IN,,Improved Noise Maker,GAMEPLAY,GAMEPLAY,GAMEPLAY_POLICY,GEN_ACM_NOISE_MAKER,SOCKET_COUNTERMEASURE_02,3,
IN_SSBN_S5,India,SSBN,S5,10,NOISE_MAKER,NM-MODERN,Modern Noise Maker,NM-MODERN-IN,,Modern Noise Maker,GAMEPLAY,GAMEPLAY,GAMEPLAY_POLICY,GEN_ACM_NOISE_MAKER,SOCKET_COUNTERMEASURE_02,6,
IN_SSBN_S5,India,SSBN,S5,10,NOISE_MAKER,NM-ADVANCED,Advanced Acoustic Countermeasure,NM-ADVANCED-IN,,Advanced Acoustic Countermeasure,GAMEPLAY,GAMEPLAY,GAMEPLAY_POLICY,GEN_ACM_NOISE_MAKER,SOCKET_COUNTERMEASURE_02,8,
IN_SSBN_S5,India,SSBN,S5,10,TORPEDO_DEFENSE,TD-WARNING,Torpedo Warning,TD-WARNING-IN,,Torpedo Warning,GAMEPLAY,GAMEPLAY,GAMEPLAY_POLICY,GEN_TW_TORPEDO_WARNING_SENSOR,SOCKET_DECOY_LAUNCHER_02,4,
IN_SSBN_S5,India,SSBN,S5,10,TORPEDO_DEFENSE,TD-COUNTERMEASURE,Countermeasure,TD-COUNTERMEASURE-IN,,Countermeasure,GAMEPLAY,GAMEPLAY,GAMEPLAY_POLICY,US_ACM_TORPEDO_DECOY,SOCKET_DECOY_LAUNCHER_02,5,
IN_SSBN_S5,India,SSBN,S5,10,TORPEDO_DEFENSE,TD-ADVANCED,Advanced Countermeasure,TD-ADVANCED-IN,,Advanced Countermeasure,GAMEPLAY,GAMEPLAY,GAMEPLAY_POLICY,US_ACM_MOBILE_DECOY,SOCKET_DECOY_LAUNCHER_02,7,
IN_SSBN_S5,India,SSBN,S5,10,TORPEDO_DEFENSE,TD-INTEGRATED,Integrated Torpedo Defense,TD-INTEGRATED-IN,,Integrated Torpedo Defense,GAMEPLAY,GAMEPLAY,GAMEPLAY_POLICY,US_ACM_MOBILE_DECOY,SOCKET_DECOY_LAUNCHER_02,9,
IN_SSBN_S5,India,SSBN,S5,10,LAUNCHER,CML-EXTERNAL,External Launcher,CML-EXTERNAL-IN,,External Launcher,GAMEPLAY,GAMEPLAY,GAMEPLAY_POLICY,US_CML_DECOY_LAUNCHER,SOCKET_DECOY_LAUNCHER_01,2,
IN_SSBN_S5,India,SSBN,S5,10,LAUNCHER,CML-TUBE,Countermeasure Tube,CML-TUBE-IN,,Countermeasure Tube,GAMEPLAY,GAMEPLAY,GAMEPLAY_POLICY,GEN_CML_TUBE,SOCKET_DECOY_LAUNCHER_01,3,
IN_SSBN_S5,India,SSBN,S5,10,LAUNCHER,CML-ACOUSTIC-DEVICE,Acoustic Device Launcher,CML-ACOUSTIC-DEVICE-IN,,Acoustic Device Launcher,GAMEPLAY,GAMEPLAY,GAMEPLAY_POLICY,US_CML_DECOY_LAUNCHER,SOCKET_DECOY_LAUNCHER_01,4,
IN_SSBN_S5,India,SSBN,S5,10,LAUNCHER,CML-ADVANCED,Advanced Launcher,CML-ADVANCED-IN,,Advanced Launcher,GAMEPLAY,GAMEPLAY,GAMEPLAY_POLICY,US_CML_DECOY_LAUNCHER,SOCKET_DECOY_LAUNCHER_01,7,
IN_SSBN_S5,India,SSBN,S5,10,LAUNCHER,CML-INTEGRATED,Integrated Launcher,CML-INTEGRATED-IN,,Integrated Launcher,GAMEPLAY,GAMEPLAY,GAMEPLAY_POLICY,US_CML_DECOY_LAUNCHER,SOCKET_DECOY_LAUNCHER_01,8,
IN_SSBN_S5,India,SSBN,S5,10,DEFENSIVE_CONTROL,DC-CONSOLE,Defensive Control Console,DC-CONSOLE-IN,,Defensive Control Console,GAMEPLAY,GAMEPLAY,GAMEPLAY_POLICY,US_DCM_CONSOLE,,2,
IN_SSBN_S5,India,SSBN,S5,10,DEFENSIVE_CONTROL,DC-INTEGRATED-CONTROL,Integrated Defensive Control,DC-INTEGRATED-CONTROL-IN,,Integrated Defensive Control,GAMEPLAY,GAMEPLAY,GAMEPLAY_POLICY,US_DCM_CONSOLE,,6,
IN_SSBN_S5,India,SSBN,S5,10,DEFENSIVE_CONTROL,DC-AUTOMATED,Automated Defensive Control,DC-AUTOMATED-IN,,Automated Defensive Control,GAMEPLAY,GAMEPLAY,GAMEPLAY_POLICY,US_DCM_CONSOLE,,8,
IN_SSBN_S5,India,SSBN,S5,10,INTEGRATED_DEFENSE,IDS-CORE,Integrated Defensive System,IDS-CORE-IN,,Integrated Defensive System,GAMEPLAY,GAMEPLAY,GAMEPLAY_POLICY,US_DCM_CONSOLE,,6,
IN_SSBN_S5,India,SSBN,S5,10,INTEGRATED_DEFENSE,IDS-ADVANCED,Next Generation Defensive System,IDS-ADVANCED-IN,,Next Generation Defensive System,GAMEPLAY,GAMEPLAY,GAMEPLAY_POLICY,US_DCM_CONSOLE,,9,
